address,type_house,type_forrent,area,floor,furniture,condition,price
"62 Cách Mạng Tháng Tám, Q5",phòng trọ,cho thuê,19.0,0,đầy đủ,tốt,3800000.0
"52 Võ Chí Công, Q8",phòng trọ,cho thuê,16.0,0,đầy đủ,cũ,2400000.0
"137 Lạc Long Quân, Q8",phòng trọ,cho thuê,16.0,0,cơ bản,tốt,2000000.0
"167 Lê Lợi, Q7",nhà nguyên căn,bán,39.0,1,không có,cũ,1049400000.0
"185 Lê Văn Duyệt, Q7",văn phòng,cho thuê,460.0,3,cơ bản,tốt,425900000.0
"33 Hai Bà Trưng, Q10",phòng trọ,cho thuê,16.0,0,đầy đủ,mới,2300000.0
"107 Bùi Viện, Q8",văn phòng,bán,535.0,13,đầy đủ,cũ,17550600000.0
"93 Hai Bà Trưng, Q4",phòng trọ,cho thuê,9.0,0,không có,tốt,1100000.0
"152 Võ Nguyên Giáp, Q7",phòng trọ,cho thuê,20.0,0,đầy đủ,cũ,1800000.0
"58 Tôn Đức Thắng, Q10",phòng trọ,cho thuê,15.0,0,cơ bản,tốt,2400000.0
"65 Bùi Viện, Q6",phòng trọ,cho thuê,15.0,0,không có,mới,2000000.0
"123 Pasteur, Q5",nhà nguyên căn,bán,29.0,1,đầy đủ,tốt,2411700000.0
"78 Công xã Paris, Q2",nhà nguyên căn,cho thuê,42.0,3,không có,mới,8100000.0
"166 Châu Văn Liêm, Q5",phòng trọ,cho thuê,10.0,0,đầy đủ,cũ,800000.0
"142 Tôn Đức Thắng, Q7",văn phòng,cho thuê,165.0,3,đầy đủ,tốt,280200000.0
"160 Tôn Đức Thắng, Q4",phòng trọ,cho thuê,11.0,0,cơ bản,mới,1300000.0
"16 Quốc tế, Q10",nhà nguyên căn,bán,37.0,4,không có,cũ,5211100000.0
"167 Quốc tế, Q8",nhà nguyên căn,bán,42.0,1,đầy đủ,mới,2879700000.0
"115 Pasteur, Q3",phòng trọ,cho thuê,11.0,0,cơ bản,cũ,1500000.0
"183 Âu Cơ, Q7",phòng trọ,cho thuê,10.0,0,đầy đủ,tốt,1700000.0
"160 Nguyễn Văn Linh, Q9",nhà nguyên căn,bán,41.0,3,không có,tốt,8316400000.0
"148 Nguyễn Văn Linh, Q6",phòng trọ,cho thuê,9.0,0,cơ bản,mới,1400000.0
"91 Phạm Văn Đồng, Q10",phòng trọ,cho thuê,11.0,0,đầy đủ,mới,1500000.0
"53 Phạm Văn Đồng, Q5",chung cư,bán,90.0,12,đầy đủ,tốt,3633100000.0
"154 Rừng Sác, Q9",chung cư,bán,84.0,2,cơ bản,cũ,2576200000.0
"32 Nam Kỳ Khởi Nghĩa, Q3",văn phòng,cho thuê,325.0,8,đầy đủ,cũ,658000000.0
"164 Lũy Bán Bích, Q4",phòng trọ,cho thuê,18.0,0,đầy đủ,tốt,1200000.0
"197 Trần Hưng Đạo, Q5",phòng trọ,cho thuê,14.0,0,không có,tốt,1600000.0
"22 Võ Chí Công, Q6",văn phòng,cho thuê,200.0,19,cơ bản,mới,114800000.0
"90 Cách Mạng Tháng Tám, Q10",phòng trọ,cho thuê,16.0,0,đầy đủ,mới,3700000.0
"168 Quách Thị Trang, Q6",văn phòng,cho thuê,425.0,10,cơ bản,mới,297400000.0
"1 Nguyễn Huệ, Q7",phòng trọ,cho thuê,19.0,0,cơ bản,tốt,1500000.0
"135 Võ Nguyên Giáp, Q7",phòng trọ,cho thuê,12.0,0,đầy đủ,mới,1600000.0
"8 Phạm Ngũ Lão, Q3",phòng trọ,cho thuê,14.0,0,không có,cũ,2100000.0
"92 Nguyễn Văn Linh, Q7",phòng trọ,cho thuê,11.0,0,đầy đủ,cũ,1200000.0
"62 Nguyễn Huệ, Q4",phòng trọ,cho thuê,16.0,0,cơ bản,mới,2000000.0
"36 Lê Duẩn, Q7",chung cư,bán,65.0,4,cơ bản,cũ,3071200000.0
"41 Tôn Đức Thắng, Q10",phòng trọ,cho thuê,19.0,0,không có,mới,2300000.0
"135 Dân Chủ, Q3",nhà nguyên căn,bán,36.0,2,đầy đủ,cũ,5603000000.0
"190 Lam Sơn, Q5",phòng trọ,cho thuê,10.0,0,không có,cũ,1000000.0
"198 Hai Bà Trưng, Q7",phòng trọ,cho thuê,16.0,0,cơ bản,mới,1200000.0
"28 Lê Lợi, Q7",phòng trọ,cho thuê,13.0,0,đầy đủ,tốt,1800000.0
"182 Lê Lợi, Q3",phòng trọ,cho thuê,16.0,0,không có,tốt,1200000.0
"179 Dân Chủ, Q3",phòng trọ,cho thuê,17.0,0,không có,tốt,1000000.0
"121 Lý Thường Kiệt, Q9",phòng trọ,cho thuê,19.0,0,cơ bản,mới,2800000.0
"165 Nguyễn Trãi, Q10",nhà nguyên căn,bán,42.0,5,không có,tốt,14952600000.0
"169 Xô Viết Nghệ Tĩnh, Q4",nhà nguyên căn,bán,34.0,2,cơ bản,mới,5671100000.0
"121 Hai Bà Trưng, Q10",phòng trọ,cho thuê,11.0,0,đầy đủ,tốt,2200000.0
"163 Cách Mạng Tháng Tám, Q8",phòng trọ,cho thuê,17.0,0,không có,cũ,900000.0
"103 Lạc Long Quân, Q2",nhà nguyên căn,bán,43.0,2,không có,mới,3379000000.0
"163 Hàm Nghi, Q8",phòng trọ,cho thuê,17.0,0,không có,mới,1200000.0
"42 Võ Chí Công, Q3",phòng trọ,cho thuê,12.0,0,không có,cũ,1800000.0
"52 Quốc tế, Q9",phòng trọ,cho thuê,18.0,0,đầy đủ,cũ,2500000.0
"160 Phạm Văn Đồng, Q7",phòng trọ,cho thuê,13.0,0,cơ bản,cũ,1700000.0
"41 Lạc Long Quân, Q8",chung cư,bán,75.0,18,đầy đủ,tốt,5770800000.0
"24 Võ Nguyên Giáp, Q9",nhà nguyên căn,cho thuê,28.0,3,đầy đủ,tốt,14500000.0
"98 Phạm Ngũ Lão, Q8",nhà nguyên căn,bán,34.0,5,đầy đủ,mới,9213400000.0
"12 Quốc tế, Q1",phòng trọ,cho thuê,20.0,0,cơ bản,tốt,2600000.0
"9 Lê Lợi, Q5",nhà nguyên căn,cho thuê,36.0,1,không có,cũ,4900000.0
"128 Võ Chí Công, Q9",chung cư,bán,65.0,2,cơ bản,cũ,1749600000.0
"173 Lam Sơn, Q5",phòng trọ,cho thuê,14.0,0,đầy đủ,mới,2600000.0
"19 Nguyễn Trãi, Q7",phòng trọ,cho thuê,19.0,0,không có,mới,2100000.0
"15 Hai Bà Trưng, Q5",phòng trọ,cho thuê,20.0,0,cơ bản,tốt,2700000.0
"25 Lạc Long Quân, Q2",phòng trọ,cho thuê,16.0,0,cơ bản,tốt,1500000.0
"29 Lê Văn Duyệt, Q2",nhà nguyên căn,bán,44.0,1,cơ bản,tốt,1088000000.0
"2 Tôn Đức Thắng, Q6",nhà nguyên căn,bán,29.0,1,cơ bản,mới,1227900000.0
"49 Pasteur, Q7",phòng trọ,cho thuê,17.0,0,không có,cũ,2300000.0
"122 Quách Thị Trang, Q7",nhà nguyên căn,bán,38.0,4,cơ bản,mới,12521600000.0
"177 Trần Hưng Đạo, Q1",phòng trọ,cho thuê,10.0,0,cơ bản,cũ,800000.0
"165 Lê Văn Duyệt, Q10",phòng trọ,cho thuê,18.0,0,đầy đủ,cũ,1900000.0
"129 Tôn Đức Thắng, Q10",nhà nguyên căn,cho thuê,35.0,4,không có,mới,20400000.0
"171 Hải Thượng Lãn Ông, Q7",nhà nguyên căn,bán,37.0,1,không có,tốt,2455500000.0
"25 Âu Cơ, Q5",phòng trọ,cho thuê,9.0,0,đầy đủ,mới,1500000.0
"177 Lạc Long Quân, Q5",phòng trọ,cho thuê,11.0,0,cơ bản,tốt,1000000.0
"167 Lý Thường Kiệt, Q4",chung cư,bán,124.0,3,đầy đủ,mới,7245500000.0
"35 Phạm Văn Đồng, Q6",phòng trọ,cho thuê,12.0,0,cơ bản,mới,2100000.0
"86 Lũy Bán Bích, Q5",phòng trọ,cho thuê,12.0,0,không có,mới,2200000.0
"48 Nguyễn Văn Linh, Q3",phòng trọ,cho thuê,11.0,0,đầy đủ,tốt,2100000.0
"146 Quốc tế, Q5",phòng trọ,cho thuê,16.0,0,đầy đủ,cũ,3000000.0
"165 Bùi Viện, Q10",phòng trọ,cho thuê,20.0,0,không có,cũ,1600000.0
"34 Lê Duẩn, Q10",nhà nguyên căn,bán,37.0,4,đầy đủ,cũ,7613700000.0
"149 Trần Hưng Đạo, Q4",phòng trọ,cho thuê,11.0,0,không có,tốt,1100000.0
"109 Cách Mạng Tháng Tám, Q3",nhà nguyên căn,cho thuê,33.0,1,đầy đủ,cũ,5600000.0
"198 Lý Tự Trọng, Q10",chung cư,cho thuê,84.0,7,đầy đủ,tốt,15100000.0
"166 Quách Thị Trang, Q4",phòng trọ,cho thuê,19.0,0,đầy đủ,cũ,1400000.0
"195 Công xã Paris, Q1",nhà nguyên căn,cho thuê,32.0,4,cơ bản,cũ,19500000.0
"184 Lê Lợi, Q9",chung cư,bán,90.0,13,không có,tốt,5560300000.0
"189 Lý Thường Kiệt, Q10",chung cư,bán,120.0,13,cơ bản,tốt,5654900000.0
"124 Phạm Ngũ Lão, Q9",phòng trọ,cho thuê,17.0,0,không có,cũ,1900000.0
"33 Trường Chinh, Q7",phòng trọ,cho thuê,9.0,0,đầy đủ,cũ,1000000.0
"62 Công xã Paris, Q4",nhà nguyên căn,bán,45.0,2,cơ bản,mới,5703500000.0
"51 Pasteur, Q2",phòng trọ,cho thuê,17.0,0,đầy đủ,mới,1700000.0
"199 Lạc Long Quân, Q3",văn phòng,cho thuê,370.0,1,cơ bản,tốt,478700000.0
"154 Hải Thượng Lãn Ông, Q7",phòng trọ,cho thuê,11.0,0,không có,tốt,1600000.0
"78 Nam Kỳ Khởi Nghĩa, Q7",phòng trọ,cho thuê,10.0,0,không có,mới,800000.0
"69 Lũy Bán Bích, Q5",nhà nguyên căn,bán,40.0,4,không có,mới,9298100000.0
"69 Nguyễn Hữu Cảnh, Q3",phòng trọ,cho thuê,13.0,0,đầy đủ,tốt,2100000.0
"192 Hai Bà Trưng, Q10",phòng trọ,cho thuê,19.0,0,không có,tốt,1800000.0
"38 Hàm Nghi, Q6",phòng trọ,cho thuê,12.0,0,cơ bản,mới,1300000.0
"117 Lý Thường Kiệt, Q1",nhà nguyên căn,bán,39.0,3,đầy đủ,cũ,8848500000.0
"105 Quách Thị Trang, Q5",phòng trọ,cho thuê,11.0,0,đầy đủ,tốt,1700000.0
"110 Phạm Văn Đồng, Q10",phòng trọ,cho thuê,14.0,0,đầy đủ,mới,3400000.0
"81 Rừng Sác, Q9",nhà nguyên căn,cho thuê,33.0,4,không có,cũ,15300000.0
"168 Đồng Khởi, Q7",phòng trọ,cho thuê,18.0,0,không có,mới,2300000.0
"38 Âu Cơ, Q10",phòng trọ,cho thuê,9.0,0,đầy đủ,mới,900000.0
"157 Cách Mạng Tháng Tám, Q1",phòng trọ,cho thuê,10.0,0,không có,cũ,600000.0
"8 Quách Thị Trang, Q6",phòng trọ,cho thuê,10.0,0,không có,mới,1300000.0
"184 Võ Nguyên Giáp, Q9",chung cư,bán,124.0,5,cơ bản,tốt,3648900000.0
"10 Lê Duẩn, Q8",phòng trọ,cho thuê,16.0,0,cơ bản,tốt,2200000.0
"77 Lũy Bán Bích, Q6",phòng trọ,cho thuê,16.0,0,không có,tốt,1100000.0
"127 Võ Chí Công, Q6",phòng trọ,cho thuê,14.0,0,đầy đủ,mới,1600000.0
"126 Công xã Paris, Q1",phòng trọ,cho thuê,19.0,0,không có,mới,3500000.0
"13 Lê Văn Duyệt, Q4",phòng trọ,cho thuê,9.0,0,cơ bản,tốt,900000.0
"28 Công xã Paris, Q4",phòng trọ,cho thuê,9.0,0,cơ bản,tốt,900000.0
"135 Nguyễn Huệ, Q2",nhà nguyên căn,bán,36.0,2,không có,cũ,2214900000.0
"1 Phạm Văn Đồng, Q1",nhà nguyên căn,bán,42.0,1,không có,mới,3131700000.0
"135 CMT8, Q9",nhà nguyên căn,cho thuê,27.0,2,cơ bản,mới,6700000.0
"79 Lê Duẩn, Q4",chung cư,bán,65.0,8,không có,cũ,2202100000.0
"96 Lý Tự Trọng, Q10",phòng trọ,cho thuê,15.0,0,cơ bản,mới,1100000.0
"194 Lũy Bán Bích, Q9",phòng trọ,cho thuê,13.0,0,cơ bản,cũ,800000.0
"48 Lê Văn Duyệt, Q2",phòng trọ,cho thuê,15.0,0,cơ bản,tốt,1400000.0
"68 Pasteur, Q7",phòng trọ,cho thuê,18.0,0,đầy đủ,cũ,2700000.0
"31 Âu Cơ, Q8",phòng trọ,cho thuê,11.0,0,đầy đủ,tốt,1700000.0
"189 Trường Chinh, Q10",phòng trọ,cho thuê,11.0,0,đầy đủ,tốt,2100000.0
"110 Lê Văn Duyệt, Q8",phòng trọ,cho thuê,15.0,0,không có,tốt,1100000.0
"165 Cách Mạng Tháng Tám, Q8",phòng trọ,cho thuê,20.0,0,không có,cũ,1000000.0
"28 Rừng Sác, Q3",phòng trọ,cho thuê,10.0,0,cơ bản,mới,1100000.0
"103 Nguyễn Huệ, Q4",văn phòng,bán,260.0,1,đầy đủ,mới,19679300000.0
"168 Âu Cơ, Q7",phòng trọ,cho thuê,11.0,0,cơ bản,cũ,1000000.0
"151 Nguyễn Huệ, Q10",phòng trọ,cho thuê,14.0,0,đầy đủ,mới,3400000.0
"189 Nam Kỳ Khởi Nghĩa, Q5",phòng trọ,cho thuê,18.0,0,không có,tốt,1300000.0
"74 Quốc tế, Q2",phòng trọ,cho thuê,13.0,0,đầy đủ,tốt,1500000.0
"139 Bùi Viện, Q7",chung cư,bán,75.0,9,cơ bản,tốt,2789300000.0
"151 Mai Chí Thọ, Q5",phòng trọ,cho thuê,11.0,0,đầy đủ,cũ,1500000.0
"48 Lý Thường Kiệt, Q1",phòng trọ,cho thuê,19.0,0,cơ bản,mới,1900000.0
"74 Hùng Vương, Q5",phòng trọ,cho thuê,16.0,0,không có,cũ,2400000.0
"92 Lý Tự Trọng, Q6",nhà nguyên căn,cho thuê,33.0,1,không có,cũ,2200000.0
"48 Trần Hưng Đạo, Q9",nhà nguyên căn,bán,38.0,4,cơ bản,cũ,6109200000.0
"116 Phạm Văn Đồng, Q10",chung cư,bán,124.0,3,đầy đủ,tốt,13376200000.0
"110 Xô Viết Nghệ Tĩnh, Q5",phòng trọ,cho thuê,17.0,0,đầy đủ,cũ,1600000.0
"114 Phạm Văn Đồng, Q8",phòng trọ,cho thuê,11.0,0,không có,tốt,600000.0
"79 Quách Thị Trang, Q6",phòng trọ,cho thuê,12.0,0,cơ bản,cũ,1300000.0
"113 Mê Linh, Q9",văn phòng,cho thuê,570.0,13,đầy đủ,cũ,927500000.0
"74 Âu Cơ, Q10",phòng trọ,cho thuê,10.0,0,không có,cũ,700000.0
"77 Rừng Sác, Q1",nhà nguyên căn,bán,35.0,3,đầy đủ,tốt,8117300000.0
"3 Mê Linh, Q5",phòng trọ,cho thuê,9.0,0,đầy đủ,mới,900000.0
"46 Châu Văn Liêm, Q8",phòng trọ,cho thuê,16.0,0,đầy đủ,cũ,900000.0
"93 Võ Chí Công, Q1",phòng trọ,cho thuê,16.0,0,cơ bản,cũ,1700000.0
"27 Nguyễn Văn Linh, Q9",phòng trọ,cho thuê,16.0,0,cơ bản,mới,2500000.0
"57 Hàm Nghi, Q6",phòng trọ,cho thuê,14.0,0,cơ bản,mới,1200000.0
"35 Trường Chinh, Q7",phòng trọ,cho thuê,16.0,0,cơ bản,cũ,2100000.0
"75 Nguyễn Huệ, Q10",phòng trọ,cho thuê,13.0,0,cơ bản,cũ,1800000.0
"30 Nguyễn Hữu Cảnh, Q2",phòng trọ,cho thuê,13.0,0,không có,cũ,1700000.0
"156 Hải Thượng Lãn Ông, Q7",phòng trọ,cho thuê,15.0,0,không có,tốt,2300000.0
"39 Nguyễn Hữu Cảnh, Q7",phòng trọ,cho thuê,12.0,0,cơ bản,tốt,700000.0
"77 Trần Hưng Đạo, Q8",phòng trọ,cho thuê,18.0,0,cơ bản,tốt,2200000.0
"54 Phạm Văn Đồng, Q2",phòng trọ,cho thuê,15.0,0,không có,tốt,1700000.0
"131 CMT8, Q1",nhà nguyên căn,bán,27.0,2,cơ bản,cũ,3197400000.0
"184 Đồng Khởi, Q10",văn phòng,bán,435.0,10,đầy đủ,tốt,34567600000.0
"100 Nguyễn Hữu Cảnh, Q4",phòng trọ,cho thuê,13.0,0,cơ bản,tốt,1400000.0
"67 Rừng Sác, Q7",phòng trọ,cho thuê,16.0,0,không có,cũ,1400000.0
"27 Nguyễn Văn Linh, Q4",phòng trọ,cho thuê,13.0,0,không có,mới,2000000.0
"65 Hùng Vương, Q6",nhà nguyên căn,bán,30.0,5,không có,cũ,4752600000.0
"62 Xô Viết Nghệ Tĩnh, Q7",phòng trọ,cho thuê,12.0,0,cơ bản,cũ,1600000.0
"134 Hàm Nghi, Q1",phòng trọ,cho thuê,10.0,0,không có,tốt,1000000.0
"157 Quốc tế, Q4",chung cư,bán,90.0,10,cơ bản,mới,4855000000.0
"191 Quốc tế, Q6",phòng trọ,cho thuê,13.0,0,đầy đủ,mới,2000000.0
"53 Võ Nguyên Giáp, Q3",phòng trọ,cho thuê,15.0,0,không có,cũ,2100000.0
"17 Lê Văn Duyệt, Q8",nhà nguyên căn,bán,39.0,2,không có,mới,1766200000.0
"173 Lý Thường Kiệt, Q6",chung cư,cho thuê,70.0,9,đầy đủ,tốt,6200000.0
"177 Hai Bà Trưng, Q4",nhà nguyên căn,bán,27.0,5,đầy đủ,tốt,9590200000.0
"1 Hải Thượng Lãn Ông, Q9",phòng trọ,cho thuê,9.0,0,cơ bản,cũ,1100000.0
"127 Lũy Bán Bích, Q2",phòng trọ,cho thuê,17.0,0,không có,mới,1800000.0
"167 Quách Thị Trang, Q6",phòng trọ,cho thuê,20.0,0,không có,cũ,1800000.0
"121 Nguyễn Văn Linh, Q5",phòng trọ,cho thuê,20.0,0,không có,mới,2700000.0
"91 Pasteur, Q8",nhà nguyên căn,cho thuê,43.0,2,đầy đủ,mới,11500000.0
"83 CMT8, Q9",văn phòng,cho thuê,485.0,14,cơ bản,tốt,560700000.0
"84 Trần Hưng Đạo, Q3",phòng trọ,cho thuê,19.0,0,cơ bản,tốt,1300000.0
"194 Lê Văn Duyệt, Q5",phòng trọ,cho thuê,19.0,0,cơ bản,mới,3800000.0
"154 Lê Văn Duyệt, Q7",phòng trọ,cho thuê,17.0,0,đầy đủ,tốt,1500000.0
"72 Quốc tế, Q5",phòng trọ,cho thuê,16.0,0,đầy đủ,mới,2500000.0
"151 Pasteur, Q8",chung cư,cho thuê,70.0,9,cơ bản,tốt,8300000.0
"85 Cách Mạng Tháng Tám, Q5",phòng trọ,cho thuê,12.0,0,không có,tốt,1100000.0
"40 Âu Cơ, Q10",phòng trọ,cho thuê,18.0,0,không có,mới,2200000.0
"69 Nguyễn Trãi, Q9",chung cư,bán,84.0,16,không có,mới,5318900000.0
"135 Nguyễn Trãi, Q9",văn phòng,cho thuê,360.0,1,đầy đủ,mới,264200000.0
"13 Pasteur, Q2",phòng trọ,cho thuê,12.0,0,không có,mới,2000000.0
"43 Rừng Sác, Q1",phòng trọ,cho thuê,17.0,0,đầy đủ,tốt,1400000.0
"48 Hùng Vương, Q6",phòng trọ,cho thuê,12.0,0,đầy đủ,mới,2300000.0
"103 Trần Hưng Đạo, Q9",phòng trọ,cho thuê,11.0,0,cơ bản,mới,1200000.0
"71 Nguyễn Huệ, Q1",phòng trọ,cho thuê,17.0,0,không có,mới,2400000.0
"143 Phạm Ngũ Lão, Q2",văn phòng,cho thuê,265.0,5,không có,mới,355800000.0
"108 Công xã Paris, Q8",chung cư,cho thuê,90.0,15,không có,tốt,5900000.0
"79 Võ Nguyên Giáp, Q8",chung cư,cho thuê,84.0,7,không có,cũ,9800000.0
"85 Nguyễn Huệ, Q7",phòng trọ,cho thuê,14.0,0,cơ bản,cũ,900000.0
"153 Phạm Văn Đồng, Q6",phòng trọ,cho thuê,13.0,0,đầy đủ,cũ,1500000.0
"13 Võ Nguyên Giáp, Q7",phòng trọ,cho thuê,11.0,0,đầy đủ,tốt,800000.0
"92 Võ Chí Công, Q4",phòng trọ,cho thuê,9.0,0,đầy đủ,cũ,700000.0
"11 Lạc Long Quân, Q4",phòng trọ,cho thuê,20.0,0,không có,mới,2200000.0
"110 Nguyễn Trãi, Q3",phòng trọ,cho thuê,9.0,0,cơ bản,tốt,1000000.0
"148 Rừng Sác, Q1",phòng trọ,cho thuê,12.0,0,không có,tốt,1800000.0
"137 Lê Văn Duyệt, Q7",phòng trọ,cho thuê,17.0,0,cơ bản,mới,2100000.0
"130 Lũy Bán Bích, Q8",phòng trọ,cho thuê,9.0,0,cơ bản,cũ,1400000.0
"16 Nguyễn Hữu Cảnh, Q8",phòng trọ,cho thuê,16.0,0,không có,mới,2500000.0
"174 Mê Linh, Q8",phòng trọ,cho thuê,16.0,0,không có,cũ,2200000.0
"179 Quách Thị Trang, Q10",phòng trọ,cho thuê,12.0,0,không có,mới,1400000.0
"36 Lam Sơn, Q8",phòng trọ,cho thuê,10.0,0,cơ bản,cũ,600000.0
"186 Võ Nguyên Giáp, Q9",phòng trọ,cho thuê,13.0,0,cơ bản,mới,2200000.0
"108 Hai Bà Trưng, Q3",phòng trọ,cho thuê,16.0,0,không có,mới,3200000.0
"68 Hai Bà Trưng, Q1",phòng trọ,cho thuê,20.0,0,đầy đủ,tốt,2100000.0
"52 Trần Hưng Đạo, Q8",nhà nguyên căn,bán,41.0,2,cơ bản,tốt,4322200000.0
"13 Nam Kỳ Khởi Nghĩa, Q3",phòng trọ,cho thuê,15.0,0,đầy đủ,tốt,2900000.0
"174 Hai Bà Trưng, Q1",phòng trọ,cho thuê,10.0,0,cơ bản,mới,1800000.0
"120 CMT8, Q3",phòng trọ,cho thuê,14.0,0,không có,tốt,2400000.0
"109 Lam Sơn, Q6",phòng trọ,cho thuê,19.0,0,cơ bản,cũ,2500000.0
"197 Quốc tế, Q9",nhà nguyên căn,bán,42.0,1,đầy đủ,mới,3747900000.0
"169 Võ Nguyên Giáp, Q9",phòng trọ,cho thuê,9.0,0,cơ bản,cũ,1200000.0
"165 Cách Mạng Tháng Tám, Q3",phòng trọ,cho thuê,14.0,0,không có,cũ,2100000.0
"1 Hùng Vương, Q10",phòng trọ,cho thuê,18.0,0,không có,tốt,2200000.0
"199 Võ Nguyên Giáp, Q6",phòng trọ,cho thuê,14.0,0,đầy đủ,tốt,2200000.0
"99 Lạc Long Quân, Q4",phòng trọ,cho thuê,17.0,0,cơ bản,cũ,2300000.0
"81 Trần Hưng Đạo, Q7",văn phòng,cho thuê,405.0,2,đầy đủ,cũ,294500000.0
"138 Âu Cơ, Q6",chung cư,bán,124.0,15,cơ bản,tốt,7549800000.0
"100 Nguyễn Trãi, Q6",phòng trọ,cho thuê,12.0,0,không có,cũ,1300000.0
"21 Đồng Khởi, Q7",văn phòng,cho thuê,570.0,19,không có,tốt,582100000.0
"28 Lam Sơn, Q8",phòng trọ,cho thuê,15.0,0,không có,tốt,2100000.0
"6 Trần Hưng Đạo, Q5",phòng trọ,cho thuê,14.0,0,cơ bản,tốt,1800000.0
"178 Đồng Khởi, Q6",phòng trọ,cho thuê,20.0,0,đầy đủ,tốt,1700000.0
"2 Mai Chí Thọ, Q9",phòng trọ,cho thuê,15.0,0,cơ bản,mới,1100000.0
"139 Rừng Sác, Q8",phòng trọ,cho thuê,11.0,0,đầy đủ,mới,1200000.0
"137 Lê Lợi, Q5",phòng trọ,cho thuê,16.0,0,không có,cũ,900000.0
"9 Trường Chinh, Q6",phòng trọ,cho thuê,12.0,0,đầy đủ,mới,2300000.0
"114 Phạm Văn Đồng, Q3",phòng trọ,cho thuê,12.0,0,đầy đủ,mới,1800000.0
"146 Âu Cơ, Q7",văn phòng,bán,225.0,18,đầy đủ,cũ,11103100000.0
"61 Lý Tự Trọng, Q6",văn phòng,cho thuê,300.0,13,cơ bản,cũ,145000000.0
"82 Lạc Long Quân, Q4",phòng trọ,cho thuê,13.0,0,cơ bản,mới,1300000.0
"54 Bùi Viện, Q1",phòng trọ,cho thuê,13.0,0,không có,mới,1400000.0
"107 Mai Chí Thọ, Q9",phòng trọ,cho thuê,13.0,0,không có,cũ,1700000.0
"178 Phạm Văn Đồng, Q2",phòng trọ,cho thuê,17.0,0,không có,mới,2000000.0
"137 Rừng Sác, Q3",nhà nguyên căn,cho thuê,34.0,4,cơ bản,cũ,13700000.0
"67 Mai Chí Thọ, Q1",phòng trọ,cho thuê,11.0,0,không có,mới,2100000.0
"115 Lam Sơn, Q7",văn phòng,cho thuê,495.0,12,đầy đủ,mới,987800000.0
"152 Quách Thị Trang, Q3",chung cư,bán,84.0,19,cơ bản,cũ,6122900000.0
"142 Công xã Paris, Q5",chung cư,bán,124.0,8,đầy đủ,mới,6187300000.0
"120 Lý Thường Kiệt, Q2",phòng trọ,cho thuê,16.0,0,cơ bản,cũ,1400000.0
"82 Nguyễn Văn Linh, Q7",chung cư,cho thuê,90.0,1,đầy đủ,cũ,7500000.0
"161 Hùng Vương, Q1",phòng trọ,cho thuê,18.0,0,không có,mới,2000000.0
"122 Lam Sơn, Q4",phòng trọ,cho thuê,16.0,0,cơ bản,cũ,1900000.0
"129 Lý Thường Kiệt, Q7",phòng trọ,cho thuê,10.0,0,cơ bản,mới,700000.0
"2 Mai Chí Thọ, Q10",phòng trọ,cho thuê,11.0,0,không có,cũ,1000000.0
"105 Nguyễn Thị Minh Khai, Q10",phòng trọ,cho thuê,11.0,0,cơ bản,cũ,900000.0
"9 Mê Linh, Q4",phòng trọ,cho thuê,19.0,0,không có,tốt,1000000.0
"45 Mê Linh, Q2",phòng trọ,cho thuê,10.0,0,không có,mới,1000000.0
"139 Hùng Vương, Q8",chung cư,bán,90.0,17,không có,cũ,5487900000.0
"125 Xô Viết Nghệ Tĩnh, Q4",nhà nguyên căn,cho thuê,30.0,1,cơ bản,cũ,3400000.0
"120 Lam Sơn, Q5",phòng trọ,cho thuê,13.0,0,cơ bản,cũ,1500000.0
"145 Lê Lợi, Q6",phòng trọ,cho thuê,17.0,0,cơ bản,mới,2200000.0
"170 Hàm Nghi, Q9",chung cư,cho thuê,70.0,10,cơ bản,tốt,9100000.0
"100 Lý Tự Trọng, Q3",phòng trọ,cho thuê,10.0,0,cơ bản,cũ,1500000.0
"47 Tôn Đức Thắng, Q3",phòng trọ,cho thuê,13.0,0,không có,mới,1400000.0
"82 Dân Chủ, Q5",phòng trọ,cho thuê,13.0,0,cơ bản,tốt,2500000.0
"108 Xô Viết Nghệ Tĩnh, Q3",văn phòng,cho thuê,490.0,6,không có,cũ,540400000.0
"23 Lê Lợi, Q6",phòng trọ,cho thuê,15.0,0,không có,mới,1500000.0
"45 Lam Sơn, Q10",phòng trọ,cho thuê,10.0,0,cơ bản,cũ,1700000.0
"59 Phạm Văn Đồng, Q8",phòng trọ,cho thuê,15.0,0,cơ bản,cũ,2200000.0
"113 Võ Chí Công, Q9",phòng trọ,cho thuê,18.0,0,không có,mới,1500000.0
"107 CMT8, Q7",phòng trọ,cho thuê,11.0,0,đầy đủ,mới,2200000.0
"175 Hùng Vương, Q5",phòng trọ,cho thuê,18.0,0,cơ bản,mới,1400000.0
"73 Mai Chí Thọ, Q9",phòng trọ,cho thuê,16.0,0,đầy đủ,cũ,2500000.0
"25 Dân Chủ, Q7",phòng trọ,cho thuê,15.0,0,không có,cũ,1500000.0
"143 Lý Tự Trọng, Q2",chung cư,cho thuê,65.0,12,đầy đủ,cũ,6800000.0
"58 Lam Sơn, Q1",nhà nguyên căn,bán,41.0,4,đầy đủ,mới,8368300000.0
"131 Hàm Nghi, Q6",phòng trọ,cho thuê,15.0,0,không có,cũ,1900000.0
"3 Hùng Vương, Q3",phòng trọ,cho thuê,12.0,0,không có,tốt,1200000.0
"1 Nguyễn Trãi, Q10",phòng trọ,cho thuê,16.0,0,đầy đủ,mới,1600000.0
"9 Công xã Paris, Q4",phòng trọ,cho thuê,17.0,0,đầy đủ,mới,2500000.0
"1 Bùi Viện, Q9",phòng trọ,cho thuê,15.0,0,không có,cũ,1800000.0
"20 Lũy Bán Bích, Q7",chung cư,bán,120.0,2,đầy đủ,tốt,8185300000.0
"34 Trường Chinh, Q2",nhà nguyên căn,cho thuê,36.0,2,không có,cũ,5700000.0
"50 Quách Thị Trang, Q6",văn phòng,cho thuê,470.0,15,đầy đủ,cũ,798000000.0
"188 Lý Tự Trọng, Q3",phòng trọ,cho thuê,13.0,0,cơ bản,mới,1900000.0
"16 Lũy Bán Bích, Q5",phòng trọ,cho thuê,9.0,0,cơ bản,tốt,1700000.0
"125 Nam Kỳ Khởi Nghĩa, Q6",phòng trọ,cho thuê,19.0,0,không có,tốt,1900000.0
"20 Trần Hưng Đạo, Q7",phòng trọ,cho thuê,17.0,0,cơ bản,mới,1600000.0
"38 Đồng Khởi, Q9",phòng trọ,cho thuê,16.0,0,cơ bản,tốt,1200000.0
"20 Xô Viết Nghệ Tĩnh, Q3",văn phòng,cho thuê,120.0,7,không có,mới,108300000.0
"66 Lý Tự Trọng, Q3",phòng trọ,cho thuê,17.0,0,không có,tốt,2300000.0
"84 Cách Mạng Tháng Tám, Q2",chung cư,cho thuê,124.0,20,đầy đủ,cũ,9400000.0
"176 Phạm Ngũ Lão, Q9",phòng trọ,cho thuê,19.0,0,đầy đủ,tốt,1400000.0
"173 Lý Tự Trọng, Q8",phòng trọ,cho thuê,12.0,0,đầy đủ,cũ,2000000.0
"59 Võ Nguyên Giáp, Q4",phòng trọ,cho thuê,14.0,0,không có,mới,1200000.0
"189 Nguyễn Hữu Cảnh, Q3",phòng trọ,cho thuê,19.0,0,không có,cũ,2500000.0
"1 Công xã Paris, Q9",phòng trọ,cho thuê,9.0,0,cơ bản,cũ,1000000.0
"44 Hải Thượng Lãn Ông, Q6",phòng trọ,cho thuê,19.0,0,không có,tốt,2300000.0
"33 Võ Chí Công, Q5",phòng trọ,cho thuê,13.0,0,không có,tốt,1300000.0
"62 Dân Chủ, Q2",phòng trọ,cho thuê,12.0,0,cơ bản,cũ,700000.0
"28 Lê Văn Duyệt, Q9",nhà nguyên căn,bán,35.0,5,không có,mới,6354800000.0
"70 Quốc tế, Q9",phòng trọ,cho thuê,13.0,0,không có,mới,1700000.0
"153 Trường Chinh, Q4",phòng trọ,cho thuê,11.0,0,không có,mới,900000.0
"170 Xô Viết Nghệ Tĩnh, Q1",chung cư,bán,70.0,11,không có,cũ,4347100000.0
"116 Mê Linh, Q2",phòng trọ,cho thuê,14.0,0,cơ bản,mới,1100000.0
"126 Hai Bà Trưng, Q6",phòng trọ,cho thuê,14.0,0,cơ bản,cũ,1500000.0
"51 Tôn Đức Thắng, Q7",phòng trọ,cho thuê,9.0,0,đầy đủ,cũ,500000.0
"186 Nguyễn Huệ, Q5",chung cư,bán,75.0,9,đầy đủ,mới,7024300000.0
"115 Rừng Sác, Q2",nhà nguyên căn,cho thuê,30.0,3,đầy đủ,mới,16700000.0
"176 Phạm Ngũ Lão, Q4",phòng trọ,cho thuê,17.0,0,không có,tốt,1800000.0
"153 Dân Chủ, Q5",phòng trọ,cho thuê,18.0,0,đầy đủ,mới,1600000.0
"45 Lê Văn Duyệt, Q10",nhà nguyên căn,cho thuê,37.0,2,đầy đủ,mới,7500000.0
"124 Rừng Sác, Q7",phòng trọ,cho thuê,12.0,0,đầy đủ,mới,1100000.0
"57 Võ Nguyên Giáp, Q7",chung cư,cho thuê,90.0,2,không có,cũ,11300000.0
"7 Tôn Đức Thắng, Q10",phòng trọ,cho thuê,20.0,0,không có,tốt,2900000.0
"192 Lạc Long Quân, Q8",phòng trọ,cho thuê,15.0,0,không có,mới,1000000.0
"191 Hàm Nghi, Q1",phòng trọ,cho thuê,13.0,0,cơ bản,mới,2200000.0
"53 Quách Thị Trang, Q3",phòng trọ,cho thuê,10.0,0,không có,mới,1800000.0
"13 Bùi Viện, Q2",phòng trọ,cho thuê,19.0,0,cơ bản,cũ,1300000.0
"48 Lê Lợi, Q2",phòng trọ,cho thuê,10.0,0,cơ bản,tốt,700000.0
"4 Mai Chí Thọ, Q3",phòng trọ,cho thuê,20.0,0,đầy đủ,mới,3700000.0
"99 CMT8, Q4",phòng trọ,cho thuê,19.0,0,không có,tốt,1600000.0
"107 Nguyễn Thị Minh Khai, Q9",phòng trọ,cho thuê,18.0,0,cơ bản,mới,2700000.0
"182 Quốc tế, Q3",phòng trọ,cho thuê,14.0,0,cơ bản,cũ,1200000.0
"88 Hải Thượng Lãn Ông, Q2",văn phòng,cho thuê,420.0,18,cơ bản,cũ,258600000.0
"7 Võ Nguyên Giáp, Q4",phòng trọ,cho thuê,13.0,0,cơ bản,tốt,1700000.0
"146 Lạc Long Quân, Q10",phòng trọ,cho thuê,17.0,0,không có,cũ,2700000.0
"194 Lê Duẩn, Q6",phòng trọ,cho thuê,17.0,0,không có,mới,2100000.0
"174 Công xã Paris, Q9",chung cư,bán,65.0,12,không có,mới,1768700000.0
"186 Lê Lợi, Q10",phòng trọ,cho thuê,20.0,0,cơ bản,tốt,2900000.0
"44 Âu Cơ, Q3",phòng trọ,cho thuê,19.0,0,cơ bản,tốt,3200000.0
"93 Châu Văn Liêm, Q9",nhà nguyên căn,bán,37.0,2,cơ bản,cũ,4570400000.0
"86 Trường Chinh, Q9",phòng trọ,cho thuê,9.0,0,đầy đủ,tốt,600000.0
"69 Mai Chí Thọ, Q1",phòng trọ,cho thuê,14.0,0,cơ bản,mới,2700000.0
"84 Nguyễn Trãi, Q2",nhà nguyên căn,bán,31.0,2,đầy đủ,mới,2171800000.0
"143 Quách Thị Trang, Q8",nhà nguyên căn,cho thuê,34.0,3,cơ bản,mới,14800000.0
"147 Lê Duẩn, Q9",phòng trọ,cho thuê,11.0,0,đầy đủ,mới,2000000.0
"116 Trường Chinh, Q6",phòng trọ,cho thuê,10.0,0,không có,tốt,1000000.0
"149 Hàm Nghi, Q6",chung cư,bán,75.0,9,đầy đủ,tốt,2223500000.0
"166 CMT8, Q4",chung cư,cho thuê,90.0,2,không có,mới,12000000.0
"157 Nguyễn Văn Linh, Q8",phòng trọ,cho thuê,10.0,0,không có,cũ,900000.0
"117 Âu Cơ, Q7",phòng trọ,cho thuê,15.0,0,cơ bản,mới,1300000.0
"61 Lý Tự Trọng, Q2",phòng trọ,cho thuê,9.0,0,không có,tốt,800000.0
"110 Âu Cơ, Q1",phòng trọ,cho thuê,11.0,0,cơ bản,mới,2300000.0
"78 Nguyễn Huệ, Q6",phòng trọ,cho thuê,17.0,0,cơ bản,mới,1900000.0
"152 Lam Sơn, Q9",phòng trọ,cho thuê,15.0,0,không có,tốt,1000000.0
"83 Cách Mạng Tháng Tám, Q5",phòng trọ,cho thuê,17.0,0,cơ bản,mới,3000000.0
"147 Hải Thượng Lãn Ông, Q8",phòng trọ,cho thuê,9.0,0,không có,cũ,600000.0
"117 Lê Văn Duyệt, Q10",phòng trọ,cho thuê,20.0,0,đầy đủ,tốt,3200000.0
"52 Mai Chí Thọ, Q1",nhà nguyên căn,cho thuê,43.0,4,cơ bản,cũ,24700000.0
"103 Dân Chủ, Q9",chung cư,bán,75.0,2,đầy đủ,mới,6137100000.0
"69 Hải Thượng Lãn Ông, Q2",phòng trọ,cho thuê,14.0,0,không có,cũ,700000.0
"173 Lạc Long Quân, Q4",phòng trọ,cho thuê,15.0,0,đầy đủ,tốt,900000.0
"142 Lạc Long Quân, Q1",phòng trọ,cho thuê,16.0,0,cơ bản,cũ,1400000.0
"138 Nguyễn Thị Minh Khai, Q2",văn phòng,cho thuê,365.0,11,cơ bản,tốt,545900000.0
"183 Châu Văn Liêm, Q8",phòng trọ,cho thuê,19.0,0,đầy đủ,cũ,2800000.0
"91 Quách Thị Trang, Q5",chung cư,bán,90.0,7,không có,cũ,6384200000.0
"49 Lũy Bán Bích, Q1",phòng trọ,cho thuê,12.0,0,cơ bản,mới,2500000.0
"90 Phạm Ngũ Lão, Q9",phòng trọ,cho thuê,19.0,0,đầy đủ,cũ,1900000.0
"131 Lý Tự Trọng, Q8",chung cư,cho thuê,124.0,7,cơ bản,mới,12400000.0
"24 Lê Văn Duyệt, Q1",phòng trọ,cho thuê,20.0,0,không có,cũ,2500000.0
"130 Bùi Viện, Q6",phòng trọ,cho thuê,11.0,0,cơ bản,cũ,1500000.0
"20 Bùi Viện, Q3",phòng trọ,cho thuê,17.0,0,đầy đủ,tốt,2200000.0
"177 Dân Chủ, Q1",phòng trọ,cho thuê,16.0,0,đầy đủ,cũ,1700000.0
"193 Hùng Vương, Q6",phòng trọ,cho thuê,12.0,0,không có,tốt,900000.0
"15 Nguyễn Huệ, Q2",phòng trọ,cho thuê,17.0,0,không có,cũ,2300000.0
"63 Võ Nguyên Giáp, Q8",phòng trọ,cho thuê,20.0,0,cơ bản,tốt,2500000.0
"39 Mê Linh, Q7",phòng trọ,cho thuê,13.0,0,đầy đủ,mới,2300000.0
"139 Quách Thị Trang, Q5",nhà nguyên căn,cho thuê,32.0,1,cơ bản,tốt,5300000.0
"75 Mai Chí Thọ, Q3",phòng trọ,cho thuê,15.0,0,đầy đủ,mới,2600000.0
"40 Nguyễn Hữu Cảnh, Q1",nhà nguyên căn,cho thuê,45.0,4,không có,mới,28900000.0
"16 Pasteur, Q3",phòng trọ,cho thuê,10.0,0,đầy đủ,tốt,1500000.0
"142 Quốc tế, Q10",phòng trọ,cho thuê,14.0,0,cơ bản,mới,1200000.0
"122 Hàm Nghi, Q2",phòng trọ,cho thuê,12.0,0,không có,mới,900000.0
"173 Hải Thượng Lãn Ông, Q9",nhà nguyên căn,bán,36.0,1,không có,tốt,2105500000.0
"115 Nguyễn Huệ, Q8",chung cư,bán,84.0,16,cơ bản,tốt,5232700000.0
"10 CMT8, Q3",chung cư,bán,90.0,6,không có,cũ,7141000000.0
"116 Tôn Đức Thắng, Q8",phòng trọ,cho thuê,17.0,0,đầy đủ,mới,2700000.0
"17 Lê Lợi, Q8",nhà nguyên căn,cho thuê,29.0,4,cơ bản,tốt,14200000.0
"160 Dân Chủ, Q1",phòng trọ,cho thuê,19.0,0,đầy đủ,cũ,1300000.0
"158 Lê Văn Duyệt, Q5",nhà nguyên căn,bán,40.0,1,không có,cũ,1585300000.0
"45 Cách Mạng Tháng Tám, Q8",phòng trọ,cho thuê,13.0,0,không có,tốt,1500000.0
"110 Bùi Viện, Q8",phòng trọ,cho thuê,12.0,0,đầy đủ,cũ,1300000.0
"143 Rừng Sác, Q7",phòng trọ,cho thuê,10.0,0,không có,mới,900000.0
"186 Mê Linh, Q10",văn phòng,cho thuê,500.0,4,không có,mới,923900000.0
"188 Trường Chinh, Q6",phòng trọ,cho thuê,10.0,0,đầy đủ,tốt,1100000.0
"155 Nguyễn Trãi, Q2",phòng trọ,cho thuê,16.0,0,cơ bản,cũ,1600000.0
"22 Trần Hưng Đạo, Q7",phòng trọ,cho thuê,9.0,0,không có,tốt,500000.0
"144 Pasteur, Q9",văn phòng,cho thuê,205.0,14,đầy đủ,mới,227800000.0
"143 Âu Cơ, Q10",văn phòng,cho thuê,545.0,19,không có,cũ,687300000.0
"196 Nguyễn Văn Linh, Q6",phòng trọ,cho thuê,9.0,0,cơ bản,cũ,600000.0
"143 Lê Văn Duyệt, Q4",phòng trọ,cho thuê,14.0,0,cơ bản,tốt,2100000.0
"149 Châu Văn Liêm, Q8",phòng trọ,cho thuê,13.0,0,cơ bản,tốt,2100000.0
"35 Hàm Nghi, Q10",chung cư,bán,120.0,16,không có,tốt,3026600000.0
"181 Lý Tự Trọng, Q5",nhà nguyên căn,cho thuê,37.0,2,không có,tốt,5900000.0
"46 Võ Nguyên Giáp, Q4",chung cư,bán,75.0,16,cơ bản,mới,3247600000.0
"64 Dân Chủ, Q2",phòng trọ,cho thuê,13.0,0,không có,mới,2100000.0
"7 Châu Văn Liêm, Q3",phòng trọ,cho thuê,19.0,0,đầy đủ,mới,2900000.0
"167 Công xã Paris, Q3",văn phòng,cho thuê,345.0,1,đầy đủ,mới,722900000.0
"105 Hải Thượng Lãn Ông, Q4",phòng trọ,cho thuê,20.0,0,không có,tốt,2800000.0
"62 Võ Nguyên Giáp, Q10",phòng trọ,cho thuê,19.0,0,đầy đủ,cũ,3100000.0
"71 Châu Văn Liêm, Q2",phòng trọ,cho thuê,16.0,0,đầy đủ,cũ,900000.0
"9 Võ Nguyên Giáp, Q3",phòng trọ,cho thuê,18.0,0,không có,mới,1300000.0
"173 Hải Thượng Lãn Ông, Q10",phòng trọ,cho thuê,12.0,0,đầy đủ,tốt,2400000.0
"115 Nguyễn Thị Minh Khai, Q7",văn phòng,cho thuê,345.0,10,không có,tốt,487200000.0
"132 Dân Chủ, Q9",chung cư,bán,75.0,17,cơ bản,mới,3548000000.0
"147 Châu Văn Liêm, Q9",phòng trọ,cho thuê,14.0,0,đầy đủ,mới,1400000.0
"84 Quách Thị Trang, Q4",phòng trọ,cho thuê,10.0,0,cơ bản,mới,1200000.0
"23 Đồng Khởi, Q9",phòng trọ,cho thuê,14.0,0,không có,tốt,1500000.0
"15 Bùi Viện, Q2",phòng trọ,cho thuê,15.0,0,cơ bản,cũ,2200000.0
"20 Châu Văn Liêm, Q3",chung cư,cho thuê,124.0,8,cơ bản,cũ,9600000.0
"92 Xô Viết Nghệ Tĩnh, Q6",phòng trọ,cho thuê,9.0,0,không có,tốt,900000.0
"57 Cách Mạng Tháng Tám, Q6",phòng trọ,cho thuê,16.0,0,cơ bản,mới,1400000.0
"133 Pasteur, Q2",phòng trọ,cho thuê,15.0,0,cơ bản,cũ,1300000.0
"200 Lạc Long Quân, Q5",nhà nguyên căn,cho thuê,41.0,2,không có,cũ,11200000.0
"124 Lý Tự Trọng, Q7",phòng trọ,cho thuê,15.0,0,không có,cũ,800000.0
"136 Tôn Đức Thắng, Q6",chung cư,bán,90.0,7,đầy đủ,mới,5581200000.0
"97 Châu Văn Liêm, Q8",phòng trọ,cho thuê,10.0,0,không có,cũ,900000.0
"110 Nam Kỳ Khởi Nghĩa, Q1",phòng trọ,cho thuê,11.0,0,đầy đủ,cũ,1200000.0
"89 Lý Thường Kiệt, Q4",phòng trọ,cho thuê,15.0,0,không có,tốt,1900000.0
"75 Âu Cơ, Q4",phòng trọ,cho thuê,20.0,0,đầy đủ,cũ,2900000.0
"193 Pasteur, Q9",nhà nguyên căn,cho thuê,45.0,4,cơ bản,mới,28800000.0
"105 Lý Thường Kiệt, Q6",phòng trọ,cho thuê,12.0,0,đầy đủ,tốt,1300000.0
"149 Lê Duẩn, Q3",phòng trọ,cho thuê,13.0,0,không có,mới,1200000.0
"179 Lý Thường Kiệt, Q8",phòng trọ,cho thuê,12.0,0,đầy đủ,tốt,700000.0
"162 Nguyễn Trãi, Q3",phòng trọ,cho thuê,18.0,0,không có,tốt,3200000.0
"199 Trường Chinh, Q5",phòng trọ,cho thuê,9.0,0,không có,tốt,1500000.0
"21 Hải Thượng Lãn Ông, Q8",phòng trọ,cho thuê,15.0,0,cơ bản,mới,1500000.0
"93 Nam Kỳ Khởi Nghĩa, Q1",nhà nguyên căn,cho thuê,29.0,3,không có,mới,17200000.0
"94 Nguyễn Hữu Cảnh, Q1",phòng trọ,cho thuê,20.0,0,không có,tốt,3100000.0
"77 Nguyễn Hữu Cảnh, Q8",phòng trọ,cho thuê,14.0,0,cơ bản,mới,900000.0
"116 Võ Nguyên Giáp, Q9",phòng trọ,cho thuê,11.0,0,không có,tốt,800000.0
"145 Cách Mạng Tháng Tám, Q6",nhà nguyên căn,bán,30.0,5,đầy đủ,cũ,7567800000.0
"110 Võ Chí Công, Q8",chung cư,cho thuê,84.0,12,cơ bản,mới,8600000.0
"34 CMT8, Q3",phòng trọ,cho thuê,19.0,0,không có,mới,1900000.0
"14 Bùi Viện, Q10",phòng trọ,cho thuê,13.0,0,đầy đủ,tốt,2200000.0
"157 Nguyễn Văn Linh, Q3",phòng trọ,cho thuê,11.0,0,không có,mới,1400000.0
"130 Mê Linh, Q1",chung cư,cho thuê,70.0,20,không có,mới,9400000.0
"36 Tôn Đức Thắng, Q5",phòng trọ,cho thuê,18.0,0,đầy đủ,tốt,2000000.0
"71 Trường Chinh, Q3",phòng trọ,cho thuê,10.0,0,không có,cũ,900000.0
"39 Công xã Paris, Q3",phòng trọ,cho thuê,18.0,0,đầy đủ,cũ,2000000.0
"62 Nguyễn Văn Linh, Q3",văn phòng,cho thuê,410.0,11,cơ bản,cũ,265900000.0
"83 Phạm Văn Đồng, Q1",phòng trọ,cho thuê,11.0,0,cơ bản,mới,1800000.0
"142 Châu Văn Liêm, Q2",phòng trọ,cho thuê,19.0,0,cơ bản,cũ,2800000.0
"61 Đồng Khởi, Q8",phòng trọ,cho thuê,9.0,0,đầy đủ,mới,700000.0
"102 Âu Cơ, Q7",nhà nguyên căn,bán,40.0,1,đầy đủ,tốt,1934600000.0
"185 Tôn Đức Thắng, Q4",nhà nguyên căn,bán,43.0,2,không có,cũ,3395400000.0
"10 Xô Viết Nghệ Tĩnh, Q10",phòng trọ,cho thuê,13.0,0,không có,tốt,2100000.0
"64 Lê Duẩn, Q7",nhà nguyên căn,cho thuê,29.0,1,đầy đủ,mới,2600000.0
"92 Tôn Đức Thắng, Q2",nhà nguyên căn,cho thuê,41.0,3,không có,cũ,6300000.0
"83 CMT8, Q6",nhà nguyên căn,cho thuê,34.0,2,đầy đủ,tốt,6900000.0
"190 Phạm Văn Đồng, Q9",văn phòng,cho thuê,450.0,4,cơ bản,tốt,383300000.0
"178 Quốc tế, Q5",chung cư,bán,84.0,12,đầy đủ,mới,6624100000.0
"145 Phạm Ngũ Lão, Q3",văn phòng,cho thuê,510.0,2,đầy đủ,mới,1563100000.0
"137 Lê Duẩn, Q4",chung cư,cho thuê,90.0,3,đầy đủ,mới,11500000.0
"187 Hàm Nghi, Q4",chung cư,bán,124.0,1,cơ bản,mới,3565400000.0
"167 Lê Văn Duyệt, Q1",phòng trọ,cho thuê,10.0,0,không có,tốt,1700000.0
"141 Tôn Đức Thắng, Q5",nhà nguyên căn,cho thuê,31.0,3,đầy đủ,mới,21700000.0
"75 Lê Duẩn, Q8",nhà nguyên căn,cho thuê,41.0,3,không có,cũ,7900000.0
"33 Dân Chủ, Q8",phòng trọ,cho thuê,14.0,0,không có,cũ,1100000.0
"129 Phạm Văn Đồng, Q6",nhà nguyên căn,bán,45.0,5,cơ bản,tốt,11622700000.0
"166 Nguyễn Huệ, Q2",chung cư,bán,120.0,18,đầy đủ,tốt,7328700000.0
"151 Võ Nguyên Giáp, Q2",phòng trọ,cho thuê,19.0,0,cơ bản,tốt,2400000.0
"19 Tôn Đức Thắng, Q5",phòng trọ,cho thuê,14.0,0,không có,mới,2100000.0
"11 Lý Thường Kiệt, Q5",nhà nguyên căn,cho thuê,33.0,4,cơ bản,mới,9600000.0
"71 Lý Thường Kiệt, Q6",phòng trọ,cho thuê,19.0,0,cơ bản,tốt,3100000.0
"68 Nguyễn Huệ, Q7",phòng trọ,cho thuê,12.0,0,đầy đủ,tốt,1400000.0
"34 Bùi Viện, Q4",phòng trọ,cho thuê,15.0,0,cơ bản,tốt,1600000.0
"108 Tôn Đức Thắng, Q10",phòng trọ,cho thuê,12.0,0,đầy đủ,mới,1200000.0
"143 Mai Chí Thọ, Q1",phòng trọ,cho thuê,20.0,0,không có,mới,2600000.0
"117 Rừng Sác, Q6",phòng trọ,cho thuê,15.0,0,cơ bản,tốt,1400000.0
"33 Bùi Viện, Q6",văn phòng,cho thuê,320.0,5,cơ bản,cũ,536400000.0
"23 Nguyễn Thị Minh Khai, Q3",phòng trọ,cho thuê,11.0,0,không có,mới,2200000.0
"75 Tôn Đức Thắng, Q2",phòng trọ,cho thuê,17.0,0,đầy đủ,mới,1500000.0
"121 Phạm Ngũ Lão, Q10",văn phòng,cho thuê,230.0,17,không có,tốt,126100000.0
"113 Lê Văn Duyệt, Q2",phòng trọ,cho thuê,14.0,0,cơ bản,tốt,1100000.0
"60 Lạc Long Quân, Q4",chung cư,bán,120.0,16,đầy đủ,cũ,9151600000.0
"93 Nguyễn Trãi, Q3",phòng trọ,cho thuê,10.0,0,đầy đủ,mới,1600000.0
"73 Võ Chí Công, Q5",nhà nguyên căn,cho thuê,43.0,1,cơ bản,tốt,4800000.0
"124 Tôn Đức Thắng, Q5",nhà nguyên căn,bán,27.0,2,không có,mới,4709000000.0
"146 Rừng Sác, Q10",phòng trọ,cho thuê,15.0,0,không có,mới,2200000.0
"41 Lý Thường Kiệt, Q8",chung cư,bán,124.0,5,không có,cũ,9045600000.0
"103 Quách Thị Trang, Q4",phòng trọ,cho thuê,9.0,0,đầy đủ,cũ,800000.0
"176 Lý Thường Kiệt, Q6",phòng trọ,cho thuê,18.0,0,cơ bản,tốt,2300000.0
"129 Võ Nguyên Giáp, Q1",phòng trọ,cho thuê,18.0,0,cơ bản,tốt,3000000.0
"93 Mai Chí Thọ, Q6",phòng trọ,cho thuê,14.0,0,không có,cũ,800000.0
"192 Xô Viết Nghệ Tĩnh, Q5",phòng trọ,cho thuê,20.0,0,đầy đủ,mới,2900000.0
"127 Quốc tế, Q10",nhà nguyên căn,cho thuê,35.0,2,cơ bản,cũ,12400000.0
"4 Nguyễn Văn Linh, Q9",phòng trọ,cho thuê,12.0,0,cơ bản,mới,2200000.0
"178 Nguyễn Hữu Cảnh, Q5",nhà nguyên căn,cho thuê,43.0,1,không có,mới,7300000.0
"111 CMT8, Q5",phòng trọ,cho thuê,12.0,0,không có,mới,1800000.0
"59 Dân Chủ, Q9",nhà nguyên căn,cho thuê,40.0,1,cơ bản,mới,4400000.0
"49 Phạm Văn Đồng, Q1",phòng trọ,cho thuê,10.0,0,đầy đủ,cũ,1600000.0
"41 Trần Hưng Đạo, Q5",nhà nguyên căn,cho thuê,28.0,1,không có,cũ,3200000.0
"178 Võ Chí Công, Q5",phòng trọ,cho thuê,9.0,0,cơ bản,tốt,1100000.0
"51 Lý Thường Kiệt, Q8",phòng trọ,cho thuê,20.0,0,không có,tốt,2500000.0
"68 Pasteur, Q10",chung cư,bán,90.0,3,đầy đủ,mới,8188400000.0
"157 Lạc Long Quân, Q6",phòng trọ,cho thuê,20.0,0,cơ bản,cũ,1300000.0
"193 Hàm Nghi, Q3",phòng trọ,cho thuê,14.0,0,cơ bản,cũ,2300000.0
"130 Mê Linh, Q10",phòng trọ,cho thuê,19.0,0,không có,cũ,1300000.0
"120 Công xã Paris, Q7",phòng trọ,cho thuê,13.0,0,cơ bản,mới,2100000.0
"167 Lê Lợi, Q9",phòng trọ,cho thuê,12.0,0,cơ bản,mới,2000000.0
"59 Lý Thường Kiệt, Q7",phòng trọ,cho thuê,15.0,0,đầy đủ,tốt,1300000.0
"148 Võ Chí Công, Q5",chung cư,bán,124.0,10,đầy đủ,tốt,4290300000.0
"140 Quốc tế, Q1",phòng trọ,cho thuê,13.0,0,cơ bản,mới,2200000.0
"119 Nguyễn Thị Minh Khai, Q5",nhà nguyên căn,cho thuê,38.0,5,đầy đủ,mới,39900000.0
"153 Cách Mạng Tháng Tám, Q1",nhà nguyên căn,bán,33.0,4,không có,mới,11168000000.0
"185 Phạm Văn Đồng, Q4",phòng trọ,cho thuê,19.0,0,cơ bản,cũ,2600000.0
"132 Đồng Khởi, Q8",phòng trọ,cho thuê,11.0,0,đầy đủ,tốt,1800000.0
"175 Xô Viết Nghệ Tĩnh, Q5",nhà nguyên căn,cho thuê,39.0,4,đầy đủ,cũ,19500000.0
"126 Dân Chủ, Q3",phòng trọ,cho thuê,15.0,0,không có,mới,2100000.0
"9 Bùi Viện, Q9",nhà nguyên căn,cho thuê,43.0,3,đầy đủ,cũ,13400000.0
"12 CMT8, Q2",phòng trọ,cho thuê,18.0,0,đầy đủ,tốt,1700000.0
"161 Võ Chí Công, Q5",phòng trọ,cho thuê,20.0,0,đầy đủ,mới,4800000.0
"156 Lê Văn Duyệt, Q9",phòng trọ,cho thuê,12.0,0,cơ bản,tốt,1500000.0
"200 Xô Viết Nghệ Tĩnh, Q6",phòng trọ,cho thuê,16.0,0,cơ bản,mới,1400000.0
"47 Võ Nguyên Giáp, Q10",phòng trọ,cho thuê,20.0,0,đầy đủ,cũ,3100000.0
"17 Lam Sơn, Q5",phòng trọ,cho thuê,16.0,0,không có,tốt,1000000.0
"172 Quách Thị Trang, Q7",phòng trọ,cho thuê,13.0,0,không có,cũ,1300000.0
"15 Lam Sơn, Q10",chung cư,bán,90.0,19,đầy đủ,mới,4493500000.0
"47 Lê Lợi, Q9",chung cư,bán,124.0,5,không có,tốt,6768800000.0
"53 Nguyễn Trãi, Q4",phòng trọ,cho thuê,14.0,0,không có,cũ,1600000.0
"189 Mê Linh, Q3",phòng trọ,cho thuê,18.0,0,đầy đủ,mới,3100000.0
"144 Lê Duẩn, Q7",chung cư,cho thuê,120.0,15,cơ bản,tốt,18400000.0
"143 Trường Chinh, Q10",phòng trọ,cho thuê,16.0,0,đầy đủ,cũ,2700000.0
"58 Quách Thị Trang, Q3",chung cư,cho thuê,65.0,5,đầy đủ,cũ,5600000.0
"97 Châu Văn Liêm, Q3",phòng trọ,cho thuê,15.0,0,không có,tốt,2100000.0
"33 Âu Cơ, Q5",phòng trọ,cho thuê,17.0,0,cơ bản,tốt,2200000.0
"194 Châu Văn Liêm, Q10",phòng trọ,cho thuê,12.0,0,đầy đủ,tốt,1700000.0
"145 Lạc Long Quân, Q7",phòng trọ,cho thuê,13.0,0,đầy đủ,cũ,1100000.0
"35 Hai Bà Trưng, Q1",văn phòng,bán,415.0,9,không có,cũ,19584900000.0
"4 Phạm Văn Đồng, Q4",phòng trọ,cho thuê,17.0,0,đầy đủ,cũ,2200000.0
"174 Phạm Văn Đồng, Q7",chung cư,bán,70.0,20,đầy đủ,tốt,2737300000.0
"161 Châu Văn Liêm, Q2",phòng trọ,cho thuê,16.0,0,không có,tốt,2000000.0
"122 Công xã Paris, Q2",phòng trọ,cho thuê,19.0,0,không có,cũ,2500000.0
"120 Lý Tự Trọng, Q8",phòng trọ,cho thuê,13.0,0,không có,cũ,1900000.0
"102 CMT8, Q6",phòng trọ,cho thuê,18.0,0,cơ bản,mới,3200000.0
"64 Mai Chí Thọ, Q7",nhà nguyên căn,bán,30.0,2,không có,mới,4431000000.0
"130 Hùng Vương, Q6",phòng trọ,cho thuê,17.0,0,đầy đủ,mới,3400000.0
"89 Hải Thượng Lãn Ông, Q3",phòng trọ,cho thuê,13.0,0,đầy đủ,mới,2900000.0
"198 Hai Bà Trưng, Q4",nhà nguyên căn,bán,39.0,1,cơ bản,cũ,2072300000.0
"48 Châu Văn Liêm, Q7",phòng trọ,cho thuê,17.0,0,không có,tốt,1700000.0
"29 Nguyễn Huệ, Q9",nhà nguyên căn,cho thuê,35.0,2,không có,tốt,4500000.0
"58 Dân Chủ, Q5",nhà nguyên căn,cho thuê,28.0,1,đầy đủ,mới,4900000.0
"62 Phạm Ngũ Lão, Q7",phòng trọ,cho thuê,13.0,0,đầy đủ,cũ,2100000.0
"197 Lũy Bán Bích, Q5",nhà nguyên căn,bán,33.0,4,không có,cũ,8645500000.0
"36 Lê Văn Duyệt, Q7",phòng trọ,cho thuê,18.0,0,không có,cũ,1800000.0
"47 Võ Chí Công, Q6",phòng trọ,cho thuê,13.0,0,đầy đủ,tốt,1900000.0
"73 Trường Chinh, Q3",phòng trọ,cho thuê,10.0,0,không có,tốt,900000.0
"22 Lạc Long Quân, Q3",phòng trọ,cho thuê,9.0,0,đầy đủ,tốt,1100000.0
"177 Phạm Văn Đồng, Q10",phòng trọ,cho thuê,18.0,0,không có,cũ,2100000.0
"144 Châu Văn Liêm, Q2",phòng trọ,cho thuê,11.0,0,đầy đủ,tốt,1700000.0
"92 Nguyễn Văn Linh, Q10",nhà nguyên căn,cho thuê,45.0,2,không có,cũ,5700000.0
"29 Rừng Sác, Q2",phòng trọ,cho thuê,20.0,0,đầy đủ,tốt,2000000.0
"180 Hàm Nghi, Q9",nhà nguyên căn,bán,36.0,4,cơ bản,tốt,9782200000.0
"140 Trần Hưng Đạo, Q4",phòng trọ,cho thuê,10.0,0,cơ bản,tốt,600000.0
"77 Võ Chí Công, Q3",phòng trọ,cho thuê,14.0,0,cơ bản,mới,1300000.0
"113 Hùng Vương, Q6",phòng trọ,cho thuê,11.0,0,đầy đủ,cũ,1500000.0
"100 Hàm Nghi, Q3",phòng trọ,cho thuê,15.0,0,không có,tốt,1800000.0
"69 Trường Chinh, Q6",chung cư,bán,120.0,3,đầy đủ,mới,10772600000.0
"193 Quách Thị Trang, Q2",phòng trọ,cho thuê,14.0,0,đầy đủ,cũ,2300000.0
"31 Châu Văn Liêm, Q7",phòng trọ,cho thuê,10.0,0,cơ bản,tốt,1500000.0
"45 Phạm Ngũ Lão, Q7",phòng trọ,cho thuê,15.0,0,đầy đủ,mới,1800000.0
"192 Nguyễn Hữu Cảnh, Q7",phòng trọ,cho thuê,14.0,0,không có,cũ,1500000.0
"146 Lý Tự Trọng, Q9",nhà nguyên căn,bán,39.0,4,cơ bản,tốt,3708400000.0
"29 Nguyễn Huệ, Q10",phòng trọ,cho thuê,15.0,0,cơ bản,cũ,2100000.0
"185 Nguyễn Hữu Cảnh, Q1",phòng trọ,cho thuê,14.0,0,đầy đủ,tốt,2700000.0
"109 Nguyễn Trãi, Q8",phòng trọ,cho thuê,14.0,0,cơ bản,mới,1700000.0
"108 Dân Chủ, Q6",phòng trọ,cho thuê,11.0,0,cơ bản,cũ,1400000.0
"41 Lam Sơn, Q1",phòng trọ,cho thuê,10.0,0,đầy đủ,cũ,1600000.0
"37 Đồng Khởi, Q8",chung cư,cho thuê,124.0,7,không có,cũ,8600000.0
"104 Pasteur, Q8",phòng trọ,cho thuê,12.0,0,cơ bản,tốt,1500000.0
"101 Nam Kỳ Khởi Nghĩa, Q3",nhà nguyên căn,cho thuê,31.0,1,không có,cũ,4000000.0
"135 Nguyễn Hữu Cảnh, Q6",phòng trọ,cho thuê,12.0,0,đầy đủ,cũ,1100000.0
"161 Hai Bà Trưng, Q6",phòng trọ,cho thuê,13.0,0,đầy đủ,mới,2000000.0
"90 Quách Thị Trang, Q8",phòng trọ,cho thuê,20.0,0,không có,tốt,2500000.0
"126 Tôn Đức Thắng, Q5",phòng trọ,cho thuê,20.0,0,đầy đủ,mới,5000000.0
"190 Cách Mạng Tháng Tám, Q8",nhà nguyên căn,cho thuê,35.0,2,cơ bản,tốt,4600000.0
"83 Xô Viết Nghệ Tĩnh, Q3",phòng trọ,cho thuê,15.0,0,cơ bản,mới,3300000.0
"127 Lũy Bán Bích, Q6",phòng trọ,cho thuê,17.0,0,cơ bản,cũ,1600000.0
"29 Lũy Bán Bích, Q9",phòng trọ,cho thuê,14.0,0,đầy đủ,tốt,1300000.0
"68 Hàm Nghi, Q8",nhà nguyên căn,cho thuê,41.0,5,cơ bản,cũ,27900000.0
"95 Quách Thị Trang, Q9",chung cư,bán,120.0,6,đầy đủ,mới,6469200000.0
"81 Lũy Bán Bích, Q2",phòng trọ,cho thuê,20.0,0,không có,tốt,2300000.0
"12 Nguyễn Huệ, Q10",phòng trọ,cho thuê,9.0,0,đầy đủ,tốt,1700000.0
"24 Lê Lợi, Q1",phòng trọ,cho thuê,16.0,0,đầy đủ,tốt,3000000.0
"196 Rừng Sác, Q1",nhà nguyên căn,bán,33.0,2,không có,cũ,2558600000.0
"174 Nam Kỳ Khởi Nghĩa, Q6",văn phòng,cho thuê,500.0,6,đầy đủ,mới,1113500000.0
"19 Bùi Viện, Q4",phòng trọ,cho thuê,12.0,0,đầy đủ,tốt,2100000.0
"107 Nguyễn Trãi, Q4",phòng trọ,cho thuê,18.0,0,đầy đủ,mới,1300000.0
"96 Hùng Vương, Q1",phòng trọ,cho thuê,12.0,0,cơ bản,tốt,1700000.0
"191 Xô Viết Nghệ Tĩnh, Q1",phòng trọ,cho thuê,18.0,0,cơ bản,tốt,3400000.0
"144 Hai Bà Trưng, Q6",phòng trọ,cho thuê,14.0,0,cơ bản,mới,1100000.0
"91 Công xã Paris, Q8",phòng trọ,cho thuê,20.0,0,cơ bản,mới,1400000.0
"73 Quách Thị Trang, Q8",phòng trọ,cho thuê,14.0,0,đầy đủ,mới,2800000.0
"162 Âu Cơ, Q1",phòng trọ,cho thuê,13.0,0,đầy đủ,cũ,2300000.0
"99 Lam Sơn, Q4",phòng trọ,cho thuê,13.0,0,đầy đủ,mới,900000.0
"39 Hai Bà Trưng, Q1",phòng trọ,cho thuê,12.0,0,không có,tốt,1600000.0
"94 Nguyễn Huệ, Q9",chung cư,cho thuê,70.0,5,đầy đủ,cũ,11900000.0
"124 Lê Duẩn, Q1",phòng trọ,cho thuê,18.0,0,không có,tốt,2700000.0
"154 Hải Thượng Lãn Ông, Q10",nhà nguyên căn,bán,42.0,2,đầy đủ,cũ,6883900000.0
"106 Tôn Đức Thắng, Q1",nhà nguyên căn,bán,38.0,1,không có,tốt,2842400000.0
"112 Âu Cơ, Q6",phòng trọ,cho thuê,10.0,0,đầy đủ,mới,1800000.0
"16 Trường Chinh, Q4",phòng trọ,cho thuê,18.0,0,cơ bản,mới,2000000.0
"161 Trần Hưng Đạo, Q8",phòng trọ,cho thuê,19.0,0,đầy đủ,cũ,2100000.0
"5 Nguyễn Huệ, Q8",phòng trọ,cho thuê,16.0,0,không có,cũ,2000000.0
"182 Lê Duẩn, Q9",phòng trọ,cho thuê,20.0,0,cơ bản,tốt,1800000.0
"93 Đồng Khởi, Q1",nhà nguyên căn,bán,43.0,3,cơ bản,tốt,8826400000.0
"124 Hùng Vương, Q5",chung cư,bán,65.0,4,cơ bản,tốt,3527900000.0
"105 Võ Nguyên Giáp, Q7",phòng trọ,cho thuê,9.0,0,cơ bản,cũ,1100000.0
"22 Hàm Nghi, Q5",phòng trọ,cho thuê,15.0,0,không có,mới,2300000.0
"127 Hai Bà Trưng, Q6",phòng trọ,cho thuê,16.0,0,cơ bản,tốt,1200000.0
"47 Lê Lợi, Q4",phòng trọ,cho thuê,12.0,0,cơ bản,cũ,1000000.0
"13 Rừng Sác, Q4",phòng trọ,cho thuê,10.0,0,cơ bản,mới,1300000.0
"150 Nguyễn Trãi, Q4",chung cư,bán,75.0,8,không có,cũ,3547500000.0
"43 Đồng Khởi, Q6",phòng trọ,cho thuê,20.0,0,đầy đủ,cũ,2400000.0
"41 Pasteur, Q5",phòng trọ,cho thuê,15.0,0,cơ bản,tốt,2800000.0
"191 Quách Thị Trang, Q5",phòng trọ,cho thuê,20.0,0,cơ bản,tốt,3700000.0
"155 Hàm Nghi, Q3",phòng trọ,cho thuê,17.0,0,cơ bản,mới,2400000.0
"148 Lê Duẩn, Q8",chung cư,bán,124.0,11,đầy đủ,cũ,6820000000.0
"91 Nam Kỳ Khởi Nghĩa, Q1",phòng trọ,cho thuê,10.0,0,đầy đủ,tốt,1300000.0
"14 Xô Viết Nghệ Tĩnh, Q3",phòng trọ,cho thuê,17.0,0,không có,tốt,2700000.0
"142 Trần Hưng Đạo, Q8",văn phòng,cho thuê,375.0,16,cơ bản,mới,445900000.0
"47 Lũy Bán Bích, Q2",phòng trọ,cho thuê,10.0,0,đầy đủ,tốt,1000000.0
"78 Hàm Nghi, Q2",phòng trọ,cho thuê,15.0,0,không có,tốt,1200000.0
"142 Lý Tự Trọng, Q1",phòng trọ,cho thuê,13.0,0,không có,tốt,1200000.0
"99 Quách Thị Trang, Q9",nhà nguyên căn,bán,43.0,3,đầy đủ,mới,10519800000.0
"116 Quốc tế, Q7",phòng trọ,cho thuê,10.0,0,đầy đủ,tốt,700000.0
"152 Lê Lợi, Q4",phòng trọ,cho thuê,15.0,0,không có,tốt,1800000.0
"140 Hàm Nghi, Q8",phòng trọ,cho thuê,15.0,0,không có,cũ,900000.0
"61 Nguyễn Huệ, Q1",chung cư,bán,90.0,10,không có,cũ,4589300000.0
"193 Võ Chí Công, Q10",phòng trọ,cho thuê,18.0,0,đầy đủ,mới,3900000.0
"38 Lạc Long Quân, Q8",phòng trọ,cho thuê,14.0,0,cơ bản,mới,1100000.0
"184 Hùng Vương, Q6",văn phòng,cho thuê,135.0,17,cơ bản,cũ,200400000.0
"65 Hàm Nghi, Q6",phòng trọ,cho thuê,15.0,0,không có,mới,2100000.0
"185 Lũy Bán Bích, Q10",nhà nguyên căn,bán,40.0,5,đầy đủ,tốt,11805200000.0
"187 Trần Hưng Đạo, Q9",nhà nguyên căn,cho thuê,43.0,4,đầy đủ,mới,24900000.0
"120 Võ Nguyên Giáp, Q3",phòng trọ,cho thuê,19.0,0,đầy đủ,cũ,2700000.0
"66 Nguyễn Trãi, Q9",phòng trọ,cho thuê,12.0,0,không có,cũ,900000.0
"18 Trường Chinh, Q4",chung cư,cho thuê,84.0,17,đầy đủ,tốt,14100000.0
"51 Hải Thượng Lãn Ông, Q1",chung cư,cho thuê,75.0,11,không có,mới,15400000.0
"173 Lý Thường Kiệt, Q5",phòng trọ,cho thuê,15.0,0,đầy đủ,cũ,2200000.0
"167 Hùng Vương, Q1",nhà nguyên căn,bán,34.0,3,đầy đủ,cũ,7356200000.0
"58 Mai Chí Thọ, Q3",văn phòng,cho thuê,355.0,8,cơ bản,mới,547300000.0
"128 Tôn Đức Thắng, Q8",văn phòng,cho thuê,325.0,20,không có,tốt,372300000.0
"137 Âu Cơ, Q1",phòng trọ,cho thuê,10.0,0,đầy đủ,cũ,1300000.0
"106 Bùi Viện, Q3",phòng trọ,cho thuê,13.0,0,không có,cũ,1600000.0
"16 Mai Chí Thọ, Q3",chung cư,bán,70.0,19,không có,tốt,4570600000.0
"149 Dân Chủ, Q10",nhà nguyên căn,bán,30.0,2,không có,cũ,2350500000.0
"149 Nam Kỳ Khởi Nghĩa, Q4",phòng trọ,cho thuê,14.0,0,đầy đủ,mới,1200000.0
"31 Lý Tự Trọng, Q6",phòng trọ,cho thuê,18.0,0,đầy đủ,mới,2600000.0
"111 Mê Linh, Q1",phòng trọ,cho thuê,19.0,0,không có,mới,3900000.0
"40 Mê Linh, Q2",chung cư,bán,90.0,3,không có,cũ,2849600000.0
"2 Quách Thị Trang, Q3",phòng trọ,cho thuê,13.0,0,không có,mới,1000000.0
"31 Đồng Khởi, Q7",phòng trọ,cho thuê,14.0,0,cơ bản,tốt,1800000.0
"103 Phạm Văn Đồng, Q3",phòng trọ,cho thuê,18.0,0,không có,cũ,2400000.0
"170 Trần Hưng Đạo, Q9",phòng trọ,cho thuê,17.0,0,không có,cũ,900000.0
"190 Mai Chí Thọ, Q7",phòng trọ,cho thuê,9.0,0,không có,tốt,900000.0
"123 Nguyễn Văn Linh, Q8",phòng trọ,cho thuê,10.0,0,cơ bản,cũ,1200000.0
"55 Công xã Paris, Q4",phòng trọ,cho thuê,12.0,0,đầy đủ,tốt,2200000.0
"79 Cách Mạng Tháng Tám, Q9",phòng trọ,cho thuê,12.0,0,cơ bản,mới,1000000.0
"136 Lý Tự Trọng, Q6",phòng trọ,cho thuê,12.0,0,không có,cũ,1500000.0
"189 Nguyễn Thị Minh Khai, Q1",phòng trọ,cho thuê,9.0,0,đầy đủ,mới,900000.0
"162 Lê Văn Duyệt, Q7",phòng trọ,cho thuê,9.0,0,cơ bản,mới,1500000.0
"26 Quách Thị Trang, Q10",chung cư,cho thuê,84.0,11,cơ bản,mới,13000000.0
"66 Võ Chí Công, Q10",chung cư,bán,90.0,19,không có,mới,5103000000.0
"186 Hai Bà Trưng, Q10",phòng trọ,cho thuê,19.0,0,đầy đủ,tốt,3600000.0
"87 Đồng Khởi, Q8",văn phòng,cho thuê,475.0,12,cơ bản,cũ,235900000.0
"165 Võ Nguyên Giáp, Q10",phòng trọ,cho thuê,13.0,0,cơ bản,tốt,1800000.0
"14 Lý Tự Trọng, Q6",phòng trọ,cho thuê,19.0,0,cơ bản,mới,2600000.0
"42 Châu Văn Liêm, Q3",nhà nguyên căn,cho thuê,40.0,3,cơ bản,cũ,10900000.0
"3 Công xã Paris, Q3",phòng trọ,cho thuê,16.0,0,đầy đủ,mới,1900000.0
"53 Xô Viết Nghệ Tĩnh, Q7",phòng trọ,cho thuê,16.0,0,cơ bản,tốt,1400000.0
"180 Nguyễn Thị Minh Khai, Q7",phòng trọ,cho thuê,12.0,0,cơ bản,cũ,1700000.0
"118 Bùi Viện, Q2",phòng trọ,cho thuê,10.0,0,không có,cũ,600000.0
"85 Hùng Vương, Q10",nhà nguyên căn,bán,27.0,4,cơ bản,tốt,6774000000.0
"84 Võ Chí Công, Q9",phòng trọ,cho thuê,10.0,0,cơ bản,tốt,1200000.0
"57 Võ Chí Công, Q10",chung cư,bán,90.0,18,không có,tốt,2104900000.0
"109 Pasteur, Q1",phòng trọ,cho thuê,17.0,0,cơ bản,mới,1700000.0
"24 Nguyễn Hữu Cảnh, Q8",phòng trọ,cho thuê,10.0,0,đầy đủ,tốt,1500000.0
"96 Mai Chí Thọ, Q10",phòng trọ,cho thuê,9.0,0,cơ bản,tốt,1700000.0
"155 Nguyễn Huệ, Q10",phòng trọ,cho thuê,15.0,0,đầy đủ,tốt,2000000.0
"174 Lê Duẩn, Q5",phòng trọ,cho thuê,13.0,0,cơ bản,mới,2600000.0
"198 Rừng Sác, Q1",phòng trọ,cho thuê,10.0,0,cơ bản,mới,2100000.0
"194 Phạm Văn Đồng, Q1",phòng trọ,cho thuê,18.0,0,không có,mới,2800000.0
"15 Pasteur, Q6",phòng trọ,cho thuê,15.0,0,đầy đủ,cũ,2500000.0
"177 Lê Văn Duyệt, Q3",phòng trọ,cho thuê,20.0,0,đầy đủ,cũ,2400000.0
"174 CMT8, Q2",phòng trọ,cho thuê,18.0,0,không có,mới,2700000.0
"80 Dân Chủ, Q10",phòng trọ,cho thuê,16.0,0,đầy đủ,cũ,1500000.0
"96 Bùi Viện, Q1",phòng trọ,cho thuê,9.0,0,không có,cũ,600000.0
"73 Hàm Nghi, Q1",nhà nguyên căn,bán,45.0,5,không có,mới,10509000000.0
"161 Võ Nguyên Giáp, Q1",phòng trọ,cho thuê,9.0,0,không có,mới,1200000.0
"176 Trường Chinh, Q10",nhà nguyên căn,bán,38.0,2,đầy đủ,mới,5331400000.0
"96 Trường Chinh, Q5",nhà nguyên căn,bán,43.0,1,không có,cũ,1826700000.0
"173 Nam Kỳ Khởi Nghĩa, Q8",văn phòng,cho thuê,200.0,16,không có,tốt,125800000.0
"184 Pasteur, Q10",phòng trọ,cho thuê,11.0,0,cơ bản,tốt,900000.0
"76 Lê Duẩn, Q6",phòng trọ,cho thuê,17.0,0,cơ bản,cũ,2200000.0
"93 CMT8, Q3",phòng trọ,cho thuê,10.0,0,cơ bản,cũ,700000.0
"153 Dân Chủ, Q8",nhà nguyên căn,bán,42.0,1,cơ bản,cũ,1300800000.0
"93 Lê Văn Duyệt, Q7",nhà nguyên căn,bán,32.0,2,cơ bản,mới,2941800000.0
"139 Hải Thượng Lãn Ông, Q4",phòng trọ,cho thuê,9.0,0,đầy đủ,tốt,1500000.0
"41 Châu Văn Liêm, Q6",phòng trọ,cho thuê,12.0,0,đầy đủ,mới,2100000.0
"141 Đồng Khởi, Q8",văn phòng,cho thuê,330.0,14,đầy đủ,cũ,277800000.0
"182 Phạm Ngũ Lão, Q8",chung cư,cho thuê,70.0,10,cơ bản,tốt,5200000.0
"179 Mê Linh, Q1",chung cư,cho thuê,84.0,12,đầy đủ,tốt,14500000.0
"81 Hùng Vương, Q1",phòng trọ,cho thuê,13.0,0,đầy đủ,cũ,2200000.0
"107 Võ Nguyên Giáp, Q7",nhà nguyên căn,cho thuê,40.0,4,cơ bản,mới,11400000.0
"108 Trường Chinh, Q8",phòng trọ,cho thuê,14.0,0,cơ bản,mới,1500000.0
"103 Pasteur, Q6",phòng trọ,cho thuê,17.0,0,cơ bản,tốt,2100000.0
"159 Lam Sơn, Q1",phòng trọ,cho thuê,9.0,0,đầy đủ,tốt,1300000.0
"97 Âu Cơ, Q6",nhà nguyên căn,bán,34.0,5,cơ bản,mới,5021700000.0
"171 Công xã Paris, Q10",phòng trọ,cho thuê,14.0,0,không có,tốt,2500000.0
"40 Mai Chí Thọ, Q6",phòng trọ,cho thuê,19.0,0,không có,mới,3000000.0
"118 Quốc tế, Q7",phòng trọ,cho thuê,19.0,0,đầy đủ,tốt,2600000.0
"119 Lũy Bán Bích, Q4",nhà nguyên căn,cho thuê,45.0,4,cơ bản,tốt,14700000.0
"24 Quốc tế, Q9",phòng trọ,cho thuê,17.0,0,cơ bản,mới,2400000.0
"132 Phạm Văn Đồng, Q7",phòng trọ,cho thuê,15.0,0,không có,tốt,1800000.0
"47 Hai Bà Trưng, Q3",phòng trọ,cho thuê,19.0,0,không có,mới,3300000.0
"38 Hải Thượng Lãn Ông, Q7",nhà nguyên căn,bán,35.0,2,đầy đủ,tốt,4097100000.0
"62 Bùi Viện, Q1",phòng trọ,cho thuê,20.0,0,đầy đủ,tốt,2000000.0
"160 Rừng Sác, Q5",phòng trọ,cho thuê,13.0,0,đầy đủ,tốt,2400000.0
"177 Lạc Long Quân, Q7",phòng trọ,cho thuê,15.0,0,đầy đủ,tốt,1600000.0
"29 Châu Văn Liêm, Q7",phòng trọ,cho thuê,18.0,0,cơ bản,tốt,1800000.0
"129 Châu Văn Liêm, Q6",phòng trọ,cho thuê,15.0,0,không có,cũ,1200000.0
"38 Lạc Long Quân, Q3",nhà nguyên căn,bán,33.0,1,không có,mới,848200000.0
"17 Nguyễn Hữu Cảnh, Q2",phòng trọ,cho thuê,10.0,0,cơ bản,cũ,900000.0
"151 Nam Kỳ Khởi Nghĩa, Q4",phòng trọ,cho thuê,16.0,0,cơ bản,tốt,1900000.0
"163 Dân Chủ, Q2",phòng trọ,cho thuê,11.0,0,không có,cũ,1100000.0
"126 Võ Chí Công, Q3",phòng trọ,cho thuê,17.0,0,cơ bản,tốt,1800000.0
"174 Đồng Khởi, Q7",nhà nguyên căn,cho thuê,30.0,4,không có,tốt,9000000.0
"21 Hải Thượng Lãn Ông, Q7",phòng trọ,cho thuê,10.0,0,đầy đủ,mới,1500000.0
"67 Châu Văn Liêm, Q10",chung cư,bán,75.0,9,không có,cũ,4717600000.0
"115 Nguyễn Văn Linh, Q10",phòng trọ,cho thuê,16.0,0,đầy đủ,tốt,3100000.0
"16 Nguyễn Huệ, Q3",phòng trọ,cho thuê,11.0,0,đầy đủ,tốt,1700000.0
"20 Nguyễn Văn Linh, Q3",nhà nguyên căn,cho thuê,32.0,5,cơ bản,mới,17500000.0
"165 Lê Lợi, Q9",phòng trọ,cho thuê,9.0,0,không có,mới,600000.0
"35 Nguyễn Văn Linh, Q5",phòng trọ,cho thuê,10.0,0,đầy đủ,cũ,800000.0
"94 Đồng Khởi, Q4",phòng trọ,cho thuê,14.0,0,cơ bản,cũ,1500000.0
"30 Âu Cơ, Q4",chung cư,bán,120.0,10,đầy đủ,mới,9998600000.0
"50 Dân Chủ, Q7",phòng trọ,cho thuê,9.0,0,đầy đủ,tốt,1100000.0
"24 Quốc tế, Q10",phòng trọ,cho thuê,17.0,0,cơ bản,cũ,3100000.0
"8 CMT8, Q5",phòng trọ,cho thuê,17.0,0,đầy đủ,tốt,1600000.0
"196 Nam Kỳ Khởi Nghĩa, Q10",phòng trọ,cho thuê,18.0,0,đầy đủ,tốt,2400000.0
"163 Nam Kỳ Khởi Nghĩa, Q2",phòng trọ,cho thuê,16.0,0,cơ bản,mới,1400000.0
"69 Pasteur, Q6",nhà nguyên căn,bán,38.0,2,đầy đủ,cũ,4434300000.0
"59 Hai Bà Trưng, Q10",phòng trọ,cho thuê,11.0,0,đầy đủ,tốt,1300000.0
"85 Bùi Viện, Q4",phòng trọ,cho thuê,14.0,0,không có,cũ,1000000.0
"166 Hải Thượng Lãn Ông, Q5",phòng trọ,cho thuê,16.0,0,không có,tốt,1100000.0
"102 Công xã Paris, Q10",phòng trọ,cho thuê,9.0,0,không có,mới,1500000.0
"182 Nguyễn Thị Minh Khai, Q7",phòng trọ,cho thuê,15.0,0,không có,cũ,1100000.0
"68 Bùi Viện, Q9",phòng trọ,cho thuê,11.0,0,đầy đủ,mới,1000000.0
"131 Lê Duẩn, Q6",phòng trọ,cho thuê,9.0,0,không có,mới,1300000.0
"157 Đồng Khởi, Q7",nhà nguyên căn,cho thuê,36.0,1,không có,tốt,4700000.0
"4 Phạm Ngũ Lão, Q6",nhà nguyên căn,bán,45.0,5,cơ bản,mới,16280700000.0
"158 Hải Thượng Lãn Ông, Q3",phòng trọ,cho thuê,12.0,0,cơ bản,tốt,1300000.0
"1 Trần Hưng Đạo, Q2",nhà nguyên căn,cho thuê,38.0,5,cơ bản,mới,20600000.0
"136 Cách Mạng Tháng Tám, Q6",văn phòng,cho thuê,200.0,18,đầy đủ,cũ,248400000.0
"155 Xô Viết Nghệ Tĩnh, Q1",văn phòng,cho thuê,340.0,19,đầy đủ,tốt,560900000.0
"140 Nguyễn Huệ, Q9",phòng trọ,cho thuê,12.0,0,đầy đủ,cũ,1900000.0
"190 Bùi Viện, Q4",phòng trọ,cho thuê,20.0,0,cơ bản,mới,1300000.0
"132 Lê Lợi, Q2",phòng trọ,cho thuê,13.0,0,cơ bản,cũ,1300000.0
"195 Nam Kỳ Khởi Nghĩa, Q5",phòng trọ,cho thuê,9.0,0,đầy đủ,cũ,1000000.0
"50 Võ Chí Công, Q2",chung cư,bán,90.0,1,đầy đủ,mới,5405100000.0
"97 Quách Thị Trang, Q1",nhà nguyên căn,bán,27.0,4,không có,mới,6593000000.0
"109 Hải Thượng Lãn Ông, Q7",phòng trọ,cho thuê,14.0,0,không có,cũ,1500000.0
"7 Hai Bà Trưng, Q10",phòng trọ,cho thuê,15.0,0,cơ bản,tốt,2800000.0
"45 Tôn Đức Thắng, Q6",phòng trọ,cho thuê,14.0,0,đầy đủ,tốt,1400000.0
"135 Hàm Nghi, Q2",phòng trọ,cho thuê,12.0,0,không có,cũ,1300000.0
"73 Nam Kỳ Khởi Nghĩa, Q5",phòng trọ,cho thuê,19.0,0,đầy đủ,cũ,3300000.0
"20 Quốc tế, Q1",phòng trọ,cho thuê,9.0,0,đầy đủ,mới,800000.0
"33 Lạc Long Quân, Q2",phòng trọ,cho thuê,18.0,0,không có,tốt,1200000.0
"95 Hai Bà Trưng, Q9",nhà nguyên căn,bán,41.0,1,không có,cũ,2156200000.0
"191 Rừng Sác, Q7",nhà nguyên căn,bán,32.0,5,không có,mới,5158600000.0
"181 Lý Tự Trọng, Q8",phòng trọ,cho thuê,19.0,0,đầy đủ,cũ,1100000.0
"173 Bùi Viện, Q4",phòng trọ,cho thuê,11.0,0,đầy đủ,cũ,900000.0
"172 Đồng Khởi, Q3",phòng trọ,cho thuê,15.0,0,cơ bản,tốt,1900000.0
"47 Lê Văn Duyệt, Q5",chung cư,bán,84.0,17,cơ bản,mới,5471700000.0
"172 Nam Kỳ Khởi Nghĩa, Q8",phòng trọ,cho thuê,12.0,0,không có,cũ,600000.0
"124 CMT8, Q4",nhà nguyên căn,cho thuê,31.0,2,đầy đủ,cũ,5000000.0
"99 Võ Chí Công, Q6",phòng trọ,cho thuê,16.0,0,không có,mới,1200000.0
"197 Âu Cơ, Q5",nhà nguyên căn,bán,34.0,3,đầy đủ,mới,5178500000.0
"11 CMT8, Q9",phòng trọ,cho thuê,16.0,0,cơ bản,mới,1400000.0
"129 Bùi Viện, Q5",phòng trọ,cho thuê,10.0,0,cơ bản,mới,1500000.0
"98 Công xã Paris, Q1",phòng trọ,cho thuê,10.0,0,cơ bản,cũ,1000000.0
"176 Trần Hưng Đạo, Q7",phòng trọ,cho thuê,17.0,0,không có,cũ,1200000.0
"56 Lam Sơn, Q1",phòng trọ,cho thuê,17.0,0,không có,mới,3400000.0
"87 Nguyễn Huệ, Q3",phòng trọ,cho thuê,13.0,0,đầy đủ,mới,1400000.0
"21 Châu Văn Liêm, Q10",chung cư,cho thuê,124.0,8,không có,tốt,22800000.0
"43 Châu Văn Liêm, Q6",phòng trọ,cho thuê,13.0,0,đầy đủ,tốt,900000.0
"87 Tôn Đức Thắng, Q1",phòng trọ,cho thuê,11.0,0,không có,tốt,900000.0
"194 Âu Cơ, Q1",phòng trọ,cho thuê,12.0,0,không có,tốt,1500000.0
"110 Lý Tự Trọng, Q10",chung cư,cho thuê,75.0,17,đầy đủ,mới,9400000.0
"48 Phạm Văn Đồng, Q4",phòng trọ,cho thuê,9.0,0,cơ bản,tốt,700000.0
"52 Nguyễn Hữu Cảnh, Q9",phòng trọ,cho thuê,14.0,0,đầy đủ,cũ,1700000.0
"114 Dân Chủ, Q1",phòng trọ,cho thuê,13.0,0,đầy đủ,mới,3000000.0
"168 Trần Hưng Đạo, Q1",phòng trọ,cho thuê,16.0,0,không có,cũ,2400000.0
"116 Nguyễn Huệ, Q2",nhà nguyên căn,bán,43.0,5,không có,tốt,4878400000.0
"52 Võ Chí Công, Q9",phòng trọ,cho thuê,17.0,0,đầy đủ,tốt,2800000.0
"103 Tôn Đức Thắng, Q9",phòng trọ,cho thuê,11.0,0,cơ bản,cũ,1600000.0
"47 Nguyễn Trãi, Q1",phòng trọ,cho thuê,17.0,0,cơ bản,cũ,1500000.0
"34 Lý Tự Trọng, Q9",phòng trọ,cho thuê,10.0,0,không có,mới,1300000.0
"25 Dân Chủ, Q4",nhà nguyên căn,bán,44.0,5,cơ bản,tốt,5161800000.0
"46 Âu Cơ, Q9",phòng trọ,cho thuê,20.0,0,cơ bản,tốt,1800000.0
"61 Lũy Bán Bích, Q10",phòng trọ,cho thuê,9.0,0,không có,tốt,1100000.0
"170 Hùng Vương, Q2",phòng trọ,cho thuê,12.0,0,không có,tốt,1400000.0
"78 Trường Chinh, Q1",phòng trọ,cho thuê,19.0,0,đầy đủ,tốt,3400000.0
"139 Lê Văn Duyệt, Q4",phòng trọ,cho thuê,13.0,0,đầy đủ,cũ,1300000.0
"198 Pasteur, Q8",nhà nguyên căn,bán,35.0,2,đầy đủ,cũ,3674500000.0
"127 Mê Linh, Q2",chung cư,bán,84.0,18,cơ bản,mới,4683500000.0
"31 Lạc Long Quân, Q8",văn phòng,cho thuê,385.0,3,đầy đủ,cũ,226500000.0
"3 Quách Thị Trang, Q5",chung cư,cho thuê,84.0,16,không có,cũ,8300000.0
"192 Lê Duẩn, Q8",văn phòng,cho thuê,145.0,17,cơ bản,mới,113200000.0
"189 Dân Chủ, Q10",nhà nguyên căn,cho thuê,45.0,4,không có,mới,31000000.0
"96 Xô Viết Nghệ Tĩnh, Q1",phòng trọ,cho thuê,10.0,0,không có,tốt,1800000.0
"55 Nguyễn Văn Linh, Q3",văn phòng,cho thuê,280.0,10,cơ bản,mới,225500000.0
"117 Mai Chí Thọ, Q3",phòng trọ,cho thuê,14.0,0,đầy đủ,tốt,2800000.0
"167 Rừng Sác, Q9",chung cư,bán,120.0,19,đầy đủ,cũ,8590400000.0
"8 Lạc Long Quân, Q7",nhà nguyên căn,bán,44.0,2,cơ bản,mới,2939300000.0
"64 Nam Kỳ Khởi Nghĩa, Q6",phòng trọ,cho thuê,17.0,0,đầy đủ,tốt,2500000.0
"57 Hùng Vương, Q7",phòng trọ,cho thuê,17.0,0,cơ bản,tốt,2600000.0
"90 CMT8, Q4",nhà nguyên căn,bán,30.0,2,cơ bản,tốt,3722600000.0
"184 Lê Văn Duyệt, Q10",nhà nguyên căn,cho thuê,29.0,5,không có,mới,21700000.0
"115 Đồng Khởi, Q7",phòng trọ,cho thuê,15.0,0,cơ bản,cũ,2200000.0
"160 Trần Hưng Đạo, Q3",chung cư,bán,75.0,16,cơ bản,tốt,4756700000.0
"46 Xô Viết Nghệ Tĩnh, Q6",phòng trọ,cho thuê,14.0,0,cơ bản,cũ,900000.0
"185 Hải Thượng Lãn Ông, Q5",phòng trọ,cho thuê,16.0,0,không có,mới,1400000.0
"55 Trần Hưng Đạo, Q2",phòng trọ,cho thuê,19.0,0,đầy đủ,mới,3700000.0
"115 Quách Thị Trang, Q2",phòng trọ,cho thuê,17.0,0,cơ bản,cũ,1100000.0
"185 Mê Linh, Q7",chung cư,cho thuê,70.0,2,không có,mới,5500000.0
"18 Nguyễn Huệ, Q3",phòng trọ,cho thuê,20.0,0,đầy đủ,tốt,2300000.0
"33 Lê Duẩn, Q7",chung cư,bán,120.0,10,đầy đủ,tốt,9795100000.0
"10 Phạm Ngũ Lão, Q10",nhà nguyên căn,cho thuê,45.0,3,không có,mới,22900000.0
"55 Tôn Đức Thắng, Q5",văn phòng,cho thuê,495.0,15,đầy đủ,mới,933300000.0
"9 Hai Bà Trưng, Q3",phòng trọ,cho thuê,20.0,0,cơ bản,mới,3800000.0
"129 Mai Chí Thọ, Q2",phòng trọ,cho thuê,14.0,0,đầy đủ,cũ,1100000.0
"88 Xô Viết Nghệ Tĩnh, Q1",phòng trọ,cho thuê,17.0,0,không có,tốt,2700000.0
"186 Nguyễn Hữu Cảnh, Q8",phòng trọ,cho thuê,19.0,0,cơ bản,cũ,1900000.0
"167 Lý Thường Kiệt, Q9",nhà nguyên căn,cho thuê,45.0,2,đầy đủ,mới,10200000.0
"52 Nam Kỳ Khởi Nghĩa, Q7",phòng trọ,cho thuê,13.0,0,cơ bản,tốt,1300000.0
"51 Tôn Đức Thắng, Q10",phòng trọ,cho thuê,16.0,0,không có,cũ,2200000.0
"146 Hàm Nghi, Q9",phòng trọ,cho thuê,20.0,0,không có,mới,1200000.0
"9 Lý Tự Trọng, Q9",phòng trọ,cho thuê,14.0,0,không có,cũ,1500000.0
"35 Dân Chủ, Q7",phòng trọ,cho thuê,19.0,0,đầy đủ,tốt,2600000.0
"192 Công xã Paris, Q3",phòng trọ,cho thuê,15.0,0,không có,tốt,2200000.0
"58 Mê Linh, Q8",phòng trọ,cho thuê,10.0,0,cơ bản,cũ,800000.0
"180 Lê Văn Duyệt, Q1",phòng trọ,cho thuê,11.0,0,đầy đủ,mới,2400000.0
"121 Nguyễn Văn Linh, Q7",phòng trọ,cho thuê,17.0,0,cơ bản,cũ,1800000.0
"48 Mai Chí Thọ, Q3",nhà nguyên căn,cho thuê,28.0,5,cơ bản,cũ,24000000.0
"139 Quách Thị Trang, Q3",phòng trọ,cho thuê,11.0,0,cơ bản,mới,1800000.0
"40 Lũy Bán Bích, Q1",nhà nguyên căn,cho thuê,31.0,3,đầy đủ,cũ,10100000.0
"80 Hùng Vương, Q10",chung cư,bán,124.0,2,đầy đủ,tốt,4190800000.0
"115 Pasteur, Q4",văn phòng,bán,595.0,10,đầy đủ,tốt,42086600000.0
"112 Mai Chí Thọ, Q2",phòng trọ,cho thuê,12.0,0,cơ bản,cũ,1000000.0
"71 Xô Viết Nghệ Tĩnh, Q1",phòng trọ,cho thuê,18.0,0,không có,tốt,3000000.0
"124 Tôn Đức Thắng, Q8",phòng trọ,cho thuê,16.0,0,đầy đủ,mới,1100000.0
"146 Hàm Nghi, Q4",nhà nguyên căn,cho thuê,43.0,5,đầy đủ,tốt,32500000.0
"166 Lê Văn Duyệt, Q5",nhà nguyên căn,cho thuê,40.0,1,đầy đủ,tốt,7100000.0
"22 Quốc tế, Q1",phòng trọ,cho thuê,18.0,0,không có,cũ,1200000.0
"82 Quốc tế, Q8",phòng trọ,cho thuê,11.0,0,không có,tốt,700000.0
"35 Cách Mạng Tháng Tám, Q1",phòng trọ,cho thuê,19.0,0,cơ bản,mới,3100000.0
"67 Âu Cơ, Q8",phòng trọ,cho thuê,15.0,0,đầy đủ,cũ,2200000.0
"90 Quách Thị Trang, Q7",nhà nguyên căn,bán,40.0,1,không có,mới,1796600000.0
"189 Phạm Văn Đồng, Q7",phòng trọ,cho thuê,12.0,0,cơ bản,mới,2100000.0
"19 Võ Nguyên Giáp, Q8",phòng trọ,cho thuê,16.0,0,đầy đủ,mới,3300000.0
"51 Lũy Bán Bích, Q6",phòng trọ,cho thuê,16.0,0,cơ bản,tốt,900000.0
"57 Nguyễn Huệ, Q7",phòng trọ,cho thuê,18.0,0,cơ bản,tốt,2400000.0
"139 Châu Văn Liêm, Q1",phòng trọ,cho thuê,10.0,0,cơ bản,cũ,1100000.0
"112 Phạm Văn Đồng, Q10",nhà nguyên căn,bán,44.0,1,cơ bản,tốt,2846500000.0
"80 Lũy Bán Bích, Q10",nhà nguyên căn,cho thuê,30.0,5,không có,cũ,23700000.0
"8 Võ Nguyên Giáp, Q6",chung cư,bán,84.0,19,không có,mới,2358800000.0
"29 Phạm Ngũ Lão, Q3",nhà nguyên căn,cho thuê,36.0,1,cơ bản,mới,3800000.0
"77 Hải Thượng Lãn Ông, Q8",văn phòng,cho thuê,465.0,3,đầy đủ,cũ,687400000.0
"195 Quách Thị Trang, Q7",phòng trọ,cho thuê,18.0,0,đầy đủ,cũ,1400000.0
"119 Trường Chinh, Q5",phòng trọ,cho thuê,12.0,0,không có,tốt,2100000.0
"184 CMT8, Q6",phòng trọ,cho thuê,18.0,0,đầy đủ,mới,2500000.0
"199 Cách Mạng Tháng Tám, Q9",phòng trọ,cho thuê,12.0,0,cơ bản,cũ,800000.0
"135 Lạc Long Quân, Q7",chung cư,bán,65.0,1,cơ bản,cũ,3955400000.0
"81 Bùi Viện, Q8",văn phòng,cho thuê,365.0,10,cơ bản,tốt,514200000.0
"146 Mai Chí Thọ, Q7",phòng trọ,cho thuê,11.0,0,cơ bản,cũ,1000000.0
"69 Bùi Viện, Q6",phòng trọ,cho thuê,9.0,0,đầy đủ,tốt,1000000.0
"18 Lạc Long Quân, Q2",phòng trọ,cho thuê,10.0,0,không có,mới,1400000.0
"190 Hàm Nghi, Q4",nhà nguyên căn,cho thuê,44.0,2,cơ bản,tốt,11700000.0
"62 Hùng Vương, Q1",phòng trọ,cho thuê,20.0,0,đầy đủ,cũ,2700000.0
"27 Lạc Long Quân, Q7",phòng trọ,cho thuê,18.0,0,cơ bản,mới,1200000.0
"24 Trần Hưng Đạo, Q8",phòng trọ,cho thuê,20.0,0,đầy đủ,mới,3700000.0
"97 Lý Thường Kiệt, Q9",nhà nguyên căn,bán,29.0,5,không có,cũ,7702500000.0
"120 Đồng Khởi, Q1",phòng trọ,cho thuê,11.0,0,đầy đủ,cũ,1200000.0
"137 Hùng Vương, Q4",nhà nguyên căn,cho thuê,27.0,5,không có,mới,21100000.0
"36 Lý Tự Trọng, Q9",phòng trọ,cho thuê,20.0,0,cơ bản,tốt,2500000.0
"114 Bùi Viện, Q5",phòng trọ,cho thuê,16.0,0,không có,tốt,2100000.0
"44 Mai Chí Thọ, Q3",văn phòng,cho thuê,160.0,14,không có,cũ,94400000.0
"37 Xô Viết Nghệ Tĩnh, Q1",nhà nguyên căn,bán,38.0,3,cơ bản,tốt,3721500000.0
"46 Hải Thượng Lãn Ông, Q8",phòng trọ,cho thuê,17.0,0,cơ bản,cũ,1400000.0
"161 Trần Hưng Đạo, Q7",phòng trọ,cho thuê,12.0,0,cơ bản,cũ,1400000.0
"165 Lê Duẩn, Q4",phòng trọ,cho thuê,19.0,0,cơ bản,cũ,2300000.0
"134 Nam Kỳ Khởi Nghĩa, Q8",phòng trọ,cho thuê,19.0,0,đầy đủ,mới,3600000.0
"82 Quách Thị Trang, Q9",nhà nguyên căn,bán,45.0,1,đầy đủ,mới,2154500000.0
"172 Hùng Vương, Q2",nhà nguyên căn,cho thuê,44.0,3,không có,cũ,11900000.0
"23 Võ Chí Công, Q1",nhà nguyên căn,bán,44.0,3,cơ bản,tốt,10636000000.0
"37 Trần Hưng Đạo, Q5",phòng trọ,cho thuê,10.0,0,không có,mới,1600000.0
"55 Tôn Đức Thắng, Q8",phòng trọ,cho thuê,13.0,0,không có,mới,1700000.0
"10 Lý Thường Kiệt, Q4",chung cư,cho thuê,70.0,11,đầy đủ,mới,11800000.0
"95 Lý Tự Trọng, Q7",chung cư,bán,65.0,13,đầy đủ,cũ,2145800000.0
"42 Quách Thị Trang, Q1",phòng trọ,cho thuê,15.0,0,đầy đủ,cũ,1300000.0
"121 CMT8, Q2",nhà nguyên căn,bán,29.0,4,cơ bản,mới,4946100000.0
"197 Rừng Sác, Q5",chung cư,bán,90.0,10,không có,cũ,3893500000.0
"21 Nguyễn Trãi, Q2",chung cư,bán,65.0,1,không có,mới,3361200000.0
"71 Lạc Long Quân, Q4",phòng trọ,cho thuê,17.0,0,không có,cũ,1700000.0
"63 Tôn Đức Thắng, Q7",phòng trọ,cho thuê,14.0,0,không có,tốt,1500000.0
"144 Võ Chí Công, Q8",phòng trọ,cho thuê,16.0,0,không có,tốt,1600000.0
"144 Nguyễn Hữu Cảnh, Q5",văn phòng,bán,175.0,12,đầy đủ,cũ,8564900000.0
"195 Nguyễn Hữu Cảnh, Q10",phòng trọ,cho thuê,12.0,0,không có,mới,2000000.0
"82 Rừng Sác, Q10",phòng trọ,cho thuê,20.0,0,không có,mới,1800000.0
"175 Nguyễn Thị Minh Khai, Q6",phòng trọ,cho thuê,12.0,0,cơ bản,mới,800000.0
"65 Nguyễn Thị Minh Khai, Q3",phòng trọ,cho thuê,18.0,0,không có,mới,3000000.0
"67 Pasteur, Q6",phòng trọ,cho thuê,14.0,0,đầy đủ,mới,1900000.0
"93 Cách Mạng Tháng Tám, Q5",phòng trọ,cho thuê,19.0,0,đầy đủ,cũ,3000000.0
"19 Hai Bà Trưng, Q5",phòng trọ,cho thuê,10.0,0,đầy đủ,mới,1200000.0
"134 Lũy Bán Bích, Q3",phòng trọ,cho thuê,10.0,0,cơ bản,tốt,1200000.0
"30 Lý Thường Kiệt, Q8",phòng trọ,cho thuê,9.0,0,cơ bản,tốt,900000.0
"84 Đồng Khởi, Q3",phòng trọ,cho thuê,16.0,0,cơ bản,cũ,2200000.0
"179 Đồng Khởi, Q10",phòng trọ,cho thuê,18.0,0,không có,mới,2700000.0
"55 Lam Sơn, Q5",chung cư,bán,90.0,14,không có,tốt,6162800000.0
"155 Rừng Sác, Q2",phòng trọ,cho thuê,9.0,0,không có,cũ,400000.0
"28 Hùng Vương, Q1",phòng trọ,cho thuê,14.0,0,đầy đủ,tốt,3100000.0
"86 Châu Văn Liêm, Q3",phòng trọ,cho thuê,15.0,0,không có,mới,1900000.0
"43 Trần Hưng Đạo, Q2",chung cư,bán,70.0,4,đầy đủ,cũ,2896900000.0
"195 Dân Chủ, Q7",phòng trọ,cho thuê,20.0,0,đầy đủ,cũ,3200000.0
"12 Võ Nguyên Giáp, Q2",phòng trọ,cho thuê,14.0,0,không có,mới,1900000.0
"158 Nguyễn Thị Minh Khai, Q6",phòng trọ,cho thuê,11.0,0,không có,tốt,1400000.0
"153 Công xã Paris, Q2",phòng trọ,cho thuê,10.0,0,không có,mới,700000.0
"12 Lê Lợi, Q6",phòng trọ,cho thuê,19.0,0,cơ bản,cũ,2000000.0
"92 Lý Thường Kiệt, Q2",phòng trọ,cho thuê,18.0,0,cơ bản,cũ,2600000.0
"110 Lê Lợi, Q3",phòng trọ,cho thuê,13.0,0,cơ bản,cũ,900000.0
"9 Dân Chủ, Q6",nhà nguyên căn,bán,29.0,2,đầy đủ,cũ,3209400000.0
"120 Lam Sơn, Q7",phòng trọ,cho thuê,17.0,0,đầy đủ,tốt,2800000.0
"199 Lý Thường Kiệt, Q6",phòng trọ,cho thuê,18.0,0,đầy đủ,cũ,2200000.0
"138 Rừng Sác, Q2",phòng trọ,cho thuê,16.0,0,không có,cũ,1000000.0
"158 Hùng Vương, Q8",phòng trọ,cho thuê,14.0,0,không có,cũ,1800000.0
"165 Quốc tế, Q6",phòng trọ,cho thuê,20.0,0,đầy đủ,tốt,1400000.0
"91 Hàm Nghi, Q8",nhà nguyên căn,bán,35.0,1,cơ bản,tốt,1507500000.0
"146 Lũy Bán Bích, Q2",phòng trọ,cho thuê,13.0,0,cơ bản,cũ,700000.0
"57 Lê Văn Duyệt, Q3",phòng trọ,cho thuê,9.0,0,đầy đủ,tốt,900000.0
"102 Võ Nguyên Giáp, Q6",phòng trọ,cho thuê,20.0,0,không có,tốt,1700000.0
"122 Lạc Long Quân, Q5",phòng trọ,cho thuê,11.0,0,không có,mới,1400000.0
"187 CMT8, Q2",chung cư,cho thuê,120.0,16,không có,mới,18300000.0
"143 Đồng Khởi, Q7",văn phòng,cho thuê,130.0,7,đầy đủ,tốt,269200000.0
"59 Nguyễn Văn Linh, Q6",phòng trọ,cho thuê,15.0,0,cơ bản,tốt,900000.0
"2 Lạc Long Quân, Q4",phòng trọ,cho thuê,20.0,0,không có,mới,2800000.0
"200 Mê Linh, Q8",phòng trọ,cho thuê,17.0,0,không có,cũ,1800000.0
"200 Hàm Nghi, Q10",văn phòng,cho thuê,530.0,12,đầy đủ,tốt,796200000.0
"103 Đồng Khởi, Q10",phòng trọ,cho thuê,9.0,0,không có,tốt,1000000.0
"124 Lý Thường Kiệt, Q5",phòng trọ,cho thuê,19.0,0,không có,mới,3500000.0
"8 Nguyễn Thị Minh Khai, Q9",phòng trọ,cho thuê,12.0,0,đầy đủ,mới,2000000.0
"62 Mai Chí Thọ, Q4",phòng trọ,cho thuê,11.0,0,không có,cũ,900000.0
"159 Dân Chủ, Q5",phòng trọ,cho thuê,15.0,0,đầy đủ,tốt,2500000.0
"54 Nam Kỳ Khởi Nghĩa, Q5",phòng trọ,cho thuê,11.0,0,không có,tốt,1500000.0
"11 Trần Hưng Đạo, Q6",phòng trọ,cho thuê,13.0,0,đầy đủ,tốt,1100000.0
"161 Đồng Khởi, Q5",phòng trọ,cho thuê,15.0,0,cơ bản,cũ,1700000.0
"11 Lý Tự Trọng, Q10",nhà nguyên căn,bán,33.0,3,đầy đủ,cũ,4181300000.0
"174 Nguyễn Thị Minh Khai, Q1",chung cư,bán,124.0,2,đầy đủ,tốt,7262900000.0
"39 Hàm Nghi, Q8",phòng trọ,cho thuê,19.0,0,cơ bản,mới,2400000.0
"127 Phạm Văn Đồng, Q6",phòng trọ,cho thuê,18.0,0,đầy đủ,mới,2600000.0
"79 Đồng Khởi, Q2",phòng trọ,cho thuê,14.0,0,đầy đủ,tốt,1800000.0
"97 Mai Chí Thọ, Q2",phòng trọ,cho thuê,18.0,0,không có,mới,1800000.0
"192 Xô Viết Nghệ Tĩnh, Q3",phòng trọ,cho thuê,10.0,0,cơ bản,mới,1600000.0
"24 Nguyễn Hữu Cảnh, Q7",phòng trọ,cho thuê,16.0,0,đầy đủ,tốt,1900000.0
"167 Rừng Sác, Q1",phòng trọ,cho thuê,18.0,0,không có,tốt,1300000.0
"3 Pasteur, Q10",phòng trọ,cho thuê,15.0,0,đầy đủ,tốt,1300000.0
"31 Tôn Đức Thắng, Q2",phòng trọ,cho thuê,18.0,0,đầy đủ,mới,2300000.0
"159 Nam Kỳ Khởi Nghĩa, Q5",nhà nguyên căn,bán,37.0,1,đầy đủ,cũ,1518100000.0
"26 Trần Hưng Đạo, Q8",nhà nguyên căn,bán,42.0,2,đầy đủ,mới,3764900000.0
"144 Đồng Khởi, Q5",phòng trọ,cho thuê,10.0,0,đầy đủ,tốt,1900000.0
"92 Quách Thị Trang, Q5",phòng trọ,cho thuê,17.0,0,cơ bản,cũ,1900000.0
"101 Mai Chí Thọ, Q5",văn phòng,cho thuê,490.0,14,không có,mới,789400000.0
"148 Xô Viết Nghệ Tĩnh, Q5",phòng trọ,cho thuê,13.0,0,không có,tốt,900000.0
"27 CMT8, Q7",phòng trọ,cho thuê,12.0,0,đầy đủ,tốt,1700000.0
"197 Lê Lợi, Q5",chung cư,bán,84.0,7,không có,tốt,3178200000.0
"191 Lam Sơn, Q7",nhà nguyên căn,cho thuê,28.0,1,cơ bản,cũ,3200000.0
"64 Châu Văn Liêm, Q2",phòng trọ,cho thuê,12.0,0,không có,tốt,800000.0
"12 Nguyễn Văn Linh, Q10",phòng trọ,cho thuê,12.0,0,đầy đủ,cũ,1100000.0
"14 Tôn Đức Thắng, Q2",phòng trọ,cho thuê,17.0,0,đầy đủ,tốt,1100000.0
"188 Lý Tự Trọng, Q9",nhà nguyên căn,cho thuê,43.0,1,không có,mới,5400000.0
"84 Hàm Nghi, Q2",phòng trọ,cho thuê,13.0,0,đầy đủ,cũ,1200000.0
"144 Lý Thường Kiệt, Q10",nhà nguyên căn,bán,27.0,3,đầy đủ,mới,7352000000.0
"78 Hùng Vương, Q5",phòng trọ,cho thuê,15.0,0,cơ bản,tốt,2200000.0
"31 Hải Thượng Lãn Ông, Q8",phòng trọ,cho thuê,9.0,0,cơ bản,mới,1300000.0
"8 Lam Sơn, Q5",phòng trọ,cho thuê,12.0,0,không có,mới,1000000.0
"74 Châu Văn Liêm, Q5",văn phòng,cho thuê,305.0,5,không có,mới,253800000.0
"52 Trần Hưng Đạo, Q9",phòng trọ,cho thuê,13.0,0,không có,mới,1500000.0
"47 Phạm Văn Đồng, Q2",phòng trọ,cho thuê,18.0,0,đầy đủ,tốt,1400000.0
"148 Lý Thường Kiệt, Q1",phòng trọ,cho thuê,17.0,0,cơ bản,tốt,1700000.0
"59 Lê Duẩn, Q2",phòng trọ,cho thuê,13.0,0,cơ bản,tốt,1200000.0
"35 Lê Văn Duyệt, Q2",nhà nguyên căn,bán,44.0,5,đầy đủ,mới,20281700000.0
"177 Nguyễn Văn Linh, Q7",phòng trọ,cho thuê,11.0,0,cơ bản,cũ,800000.0
"82 Trần Hưng Đạo, Q6",phòng trọ,cho thuê,18.0,0,cơ bản,cũ,1400000.0
"117 Phạm Văn Đồng, Q4",phòng trọ,cho thuê,15.0,0,đầy đủ,cũ,1400000.0
"189 Cách Mạng Tháng Tám, Q1",văn phòng,cho thuê,155.0,15,đầy đủ,cũ,89200000.0
"187 Xô Viết Nghệ Tĩnh, Q2",nhà nguyên căn,cho thuê,31.0,4,đầy đủ,tốt,15200000.0
"69 Mê Linh, Q10",nhà nguyên căn,cho thuê,37.0,3,cơ bản,mới,8700000.0
"134 Hùng Vương, Q2",phòng trọ,cho thuê,9.0,0,cơ bản,mới,1100000.0
"113 Nguyễn Văn Linh, Q6",phòng trọ,cho thuê,15.0,0,không có,tốt,1500000.0
"118 Đồng Khởi, Q4",chung cư,bán,84.0,16,cơ bản,tốt,2463400000.0
"177 Hai Bà Trưng, Q8",văn phòng,bán,600.0,7,không có,cũ,42226200000.0
"44 Hải Thượng Lãn Ông, Q5",phòng trọ,cho thuê,9.0,0,đầy đủ,tốt,1800000.0
"29 Nguyễn Huệ, Q6",chung cư,bán,120.0,13,cơ bản,tốt,4431900000.0
"114 Hàm Nghi, Q5",phòng trọ,cho thuê,15.0,0,không có,mới,1100000.0
"108 Lê Lợi, Q1",phòng trọ,cho thuê,12.0,0,cơ bản,cũ,1400000.0
"16 Âu Cơ, Q3",phòng trọ,cho thuê,10.0,0,không có,cũ,1100000.0
"58 Hải Thượng Lãn Ông, Q2",nhà nguyên căn,cho thuê,28.0,1,không có,mới,2900000.0
"121 Nguyễn Hữu Cảnh, Q4",phòng trọ,cho thuê,10.0,0,cơ bản,tốt,1500000.0
"174 Mê Linh, Q10",phòng trọ,cho thuê,17.0,0,không có,tốt,1700000.0
"114 Nguyễn Thị Minh Khai, Q2",phòng trọ,cho thuê,19.0,0,không có,tốt,1900000.0
"189 Trường Chinh, Q1",phòng trọ,cho thuê,14.0,0,không có,tốt,1800000.0
"9 Lạc Long Quân, Q1",phòng trọ,cho thuê,18.0,0,đầy đủ,tốt,3200000.0
"113 Lũy Bán Bích, Q4",phòng trọ,cho thuê,15.0,0,cơ bản,tốt,1500000.0
"197 Lạc Long Quân, Q2",phòng trọ,cho thuê,15.0,0,không có,mới,2100000.0
"156 Nguyễn Hữu Cảnh, Q2",phòng trọ,cho thuê,19.0,0,không có,tốt,1900000.0
"57 Hải Thượng Lãn Ông, Q9",phòng trọ,cho thuê,15.0,0,không có,cũ,1700000.0
"136 Lê Duẩn, Q10",phòng trọ,cho thuê,10.0,0,đầy đủ,mới,2200000.0
"189 Võ Chí Công, Q10",phòng trọ,cho thuê,20.0,0,đầy đủ,mới,1800000.0
"118 Cách Mạng Tháng Tám, Q5",chung cư,bán,124.0,7,cơ bản,tốt,10301600000.0
"93 Hàm Nghi, Q8",phòng trọ,cho thuê,17.0,0,không có,cũ,1000000.0
"65 Châu Văn Liêm, Q4",phòng trọ,cho thuê,18.0,0,không có,cũ,1100000.0
"38 Lê Văn Duyệt, Q8",phòng trọ,cho thuê,12.0,0,cơ bản,tốt,800000.0
"140 Lý Thường Kiệt, Q1",phòng trọ,cho thuê,9.0,0,đầy đủ,tốt,700000.0
"87 Hải Thượng Lãn Ông, Q6",nhà nguyên căn,bán,37.0,1,cơ bản,cũ,747200000.0
"163 Hùng Vương, Q1",nhà nguyên căn,cho thuê,43.0,5,không có,cũ,13200000.0
"49 Lý Tự Trọng, Q10",nhà nguyên căn,bán,36.0,5,cơ bản,mới,18241900000.0
"162 Hải Thượng Lãn Ông, Q9",phòng trọ,cho thuê,19.0,0,cơ bản,cũ,2200000.0
"58 Trường Chinh, Q10",nhà nguyên căn,bán,43.0,2,không có,mới,5105900000.0
"19 Hải Thượng Lãn Ông, Q4",chung cư,bán,65.0,7,không có,tốt,3318200000.0
"87 Võ Chí Công, Q7",phòng trọ,cho thuê,14.0,0,không có,cũ,900000.0
"35 Mê Linh, Q10",phòng trọ,cho thuê,12.0,0,không có,mới,2100000.0
"64 Mai Chí Thọ, Q4",phòng trọ,cho thuê,9.0,0,cơ bản,cũ,1100000.0
"72 Lê Lợi, Q9",phòng trọ,cho thuê,15.0,0,đầy đủ,tốt,1300000.0
"77 Âu Cơ, Q5",nhà nguyên căn,bán,39.0,4,đầy đủ,mới,12682300000.0
"189 Xô Viết Nghệ Tĩnh, Q3",chung cư,bán,124.0,5,không có,cũ,4067400000.0
"123 Nguyễn Huệ, Q4",phòng trọ,cho thuê,12.0,0,đầy đủ,tốt,1400000.0
"150 Phạm Văn Đồng, Q5",văn phòng,cho thuê,455.0,4,không có,cũ,615300000.0
"56 Nam Kỳ Khởi Nghĩa, Q5",phòng trọ,cho thuê,9.0,0,không có,cũ,700000.0
"57 Nguyễn Văn Linh, Q10",chung cư,bán,120.0,9,đầy đủ,cũ,4193900000.0
"1 Phạm Ngũ Lão, Q7",phòng trọ,cho thuê,9.0,0,không có,mới,800000.0
"139 Võ Chí Công, Q2",phòng trọ,cho thuê,14.0,0,đầy đủ,tốt,2300000.0
"56 Lam Sơn, Q6",chung cư,bán,84.0,18,cơ bản,cũ,2128900000.0
"57 Hải Thượng Lãn Ông, Q10",phòng trọ,cho thuê,10.0,0,đầy đủ,mới,1500000.0
"177 Phạm Văn Đồng, Q9",văn phòng,cho thuê,145.0,8,không có,cũ,53700000.0
"46 Tôn Đức Thắng, Q8",chung cư,bán,120.0,8,cơ bản,tốt,4625000000.0
"154 Mai Chí Thọ, Q8",phòng trọ,cho thuê,12.0,0,đầy đủ,cũ,900000.0
"87 Công xã Paris, Q6",chung cư,bán,84.0,19,cơ bản,cũ,2768300000.0
"158 Lê Văn Duyệt, Q7",nhà nguyên căn,cho thuê,33.0,4,đầy đủ,mới,26500000.0
"174 Phạm Ngũ Lão, Q3",phòng trọ,cho thuê,18.0,0,đầy đủ,tốt,2300000.0
"140 Mê Linh, Q10",phòng trọ,cho thuê,10.0,0,không có,tốt,1700000.0
"39 Xô Viết Nghệ Tĩnh, Q3",phòng trọ,cho thuê,9.0,0,cơ bản,cũ,1400000.0
"100 Nguyễn Thị Minh Khai, Q8",phòng trọ,cho thuê,9.0,0,cơ bản,cũ,500000.0
"167 Lý Tự Trọng, Q1",phòng trọ,cho thuê,16.0,0,cơ bản,cũ,2700000.0
"145 Xô Viết Nghệ Tĩnh, Q7",phòng trọ,cho thuê,11.0,0,không có,tốt,1400000.0
"4 Lê Văn Duyệt, Q8",phòng trọ,cho thuê,11.0,0,không có,tốt,1600000.0
"182 Lũy Bán Bích, Q6",văn phòng,cho thuê,390.0,13,không có,cũ,547700000.0
"106 Lý Thường Kiệt, Q1",phòng trọ,cho thuê,17.0,0,cơ bản,cũ,1700000.0
"1 Phạm Văn Đồng, Q10",chung cư,bán,84.0,15,cơ bản,mới,4154400000.0
"55 Lam Sơn, Q9",phòng trọ,cho thuê,20.0,0,đầy đủ,tốt,2400000.0
"111 Lê Duẩn, Q10",nhà nguyên căn,cho thuê,36.0,2,đầy đủ,tốt,11500000.0
"116 Âu Cơ, Q2",phòng trọ,cho thuê,18.0,0,không có,tốt,1200000.0
"79 Trường Chinh, Q8",phòng trọ,cho thuê,13.0,0,không có,tốt,1700000.0
"12 Đồng Khởi, Q4",phòng trọ,cho thuê,16.0,0,đầy đủ,cũ,2600000.0
"9 Hai Bà Trưng, Q4",văn phòng,cho thuê,505.0,7,cơ bản,mới,904100000.0
"119 Hàm Nghi, Q10",phòng trọ,cho thuê,14.0,0,đầy đủ,mới,2300000.0
"199 Quách Thị Trang, Q5",phòng trọ,cho thuê,15.0,0,cơ bản,cũ,2200000.0
"136 Rừng Sác, Q3",văn phòng,cho thuê,355.0,5,đầy đủ,mới,729300000.0
"150 Phạm Ngũ Lão, Q4",phòng trọ,cho thuê,11.0,0,không có,mới,1500000.0
"33 Bùi Viện, Q6",phòng trọ,cho thuê,15.0,0,cơ bản,mới,1400000.0
"121 Nguyễn Trãi, Q6",phòng trọ,cho thuê,13.0,0,đầy đủ,tốt,1500000.0
"174 Võ Nguyên Giáp, Q2",nhà nguyên căn,cho thuê,41.0,4,không có,cũ,11800000.0
"28 Phạm Ngũ Lão, Q4",phòng trọ,cho thuê,11.0,0,đầy đủ,tốt,1300000.0
"47 Đồng Khởi, Q2",phòng trọ,cho thuê,19.0,0,không có,mới,1700000.0
"69 Tôn Đức Thắng, Q5",chung cư,bán,65.0,4,đầy đủ,mới,6754200000.0
"175 Rừng Sác, Q3",phòng trọ,cho thuê,12.0,0,đầy đủ,mới,2200000.0
"55 Lê Lợi, Q10",phòng trọ,cho thuê,20.0,0,không có,tốt,1400000.0
"196 Quách Thị Trang, Q1",phòng trọ,cho thuê,16.0,0,cơ bản,mới,3400000.0
"125 Võ Chí Công, Q8",phòng trọ,cho thuê,14.0,0,đầy đủ,tốt,2300000.0
"114 Lê Văn Duyệt, Q3",phòng trọ,cho thuê,20.0,0,đầy đủ,mới,4300000.0
"194 Nguyễn Huệ, Q4",phòng trọ,cho thuê,9.0,0,không có,tốt,900000.0
"44 Hai Bà Trưng, Q4",phòng trọ,cho thuê,19.0,0,không có,tốt,1900000.0
"32 Pasteur, Q5",phòng trọ,cho thuê,13.0,0,cơ bản,cũ,1900000.0
"5 Xô Viết Nghệ Tĩnh, Q3",phòng trọ,cho thuê,14.0,0,đầy đủ,cũ,1700000.0
"66 Nguyễn Thị Minh Khai, Q8",nhà nguyên căn,cho thuê,42.0,1,không có,cũ,2300000.0
"69 Hàm Nghi, Q2",phòng trọ,cho thuê,20.0,0,đầy đủ,cũ,1800000.0
"149 Lạc Long Quân, Q8",phòng trọ,cho thuê,18.0,0,đầy đủ,mới,2400000.0
"81 Nguyễn Thị Minh Khai, Q4",phòng trọ,cho thuê,9.0,0,đầy đủ,tốt,700000.0
"158 Rừng Sác, Q3",phòng trọ,cho thuê,11.0,0,đầy đủ,cũ,2200000.0
"1 Hải Thượng Lãn Ông, Q1",phòng trọ,cho thuê,19.0,0,không có,tốt,2900000.0
"37 Tôn Đức Thắng, Q8",văn phòng,cho thuê,515.0,19,cơ bản,tốt,672900000.0
"56 Lam Sơn, Q6",chung cư,bán,65.0,3,cơ bản,cũ,2531300000.0
"175 Trần Hưng Đạo, Q7",chung cư,cho thuê,90.0,2,đầy đủ,cũ,10100000.0
"22 Nguyễn Huệ, Q9",nhà nguyên căn,bán,28.0,1,không có,mới,1188900000.0
"131 Nguyễn Văn Linh, Q8",phòng trọ,cho thuê,19.0,0,đầy đủ,cũ,2600000.0
"92 Pasteur, Q2",chung cư,bán,70.0,5,đầy đủ,mới,6850900000.0
"133 Quốc tế, Q4",nhà nguyên căn,cho thuê,38.0,3,cơ bản,tốt,16100000.0
"52 Châu Văn Liêm, Q8",phòng trọ,cho thuê,18.0,0,đầy đủ,tốt,2200000.0
"134 Công xã Paris, Q2",phòng trọ,cho thuê,13.0,0,đầy đủ,mới,1300000.0
"74 Mai Chí Thọ, Q5",phòng trọ,cho thuê,18.0,0,cơ bản,tốt,1500000.0
"116 Dân Chủ, Q7",chung cư,bán,84.0,14,không có,cũ,3061300000.0
"34 Mai Chí Thọ, Q7",phòng trọ,cho thuê,15.0,0,không có,cũ,1400000.0
"44 Lý Thường Kiệt, Q4",phòng trọ,cho thuê,13.0,0,đầy đủ,tốt,1000000.0
"163 Mai Chí Thọ, Q10",phòng trọ,cho thuê,19.0,0,đầy đủ,tốt,3600000.0
"81 Lý Tự Trọng, Q1",phòng trọ,cho thuê,17.0,0,đầy đủ,cũ,3300000.0
"147 Lạc Long Quân, Q4",phòng trọ,cho thuê,14.0,0,đầy đủ,tốt,1900000.0
"18 Lý Tự Trọng, Q2",phòng trọ,cho thuê,18.0,0,cơ bản,mới,1100000.0
"175 Lạc Long Quân, Q9",phòng trọ,cho thuê,20.0,0,đầy đủ,tốt,2100000.0
"166 Công xã Paris, Q5",phòng trọ,cho thuê,10.0,0,đầy đủ,cũ,1200000.0
"177 Bùi Viện, Q7",phòng trọ,cho thuê,18.0,0,cơ bản,mới,1700000.0
"22 Mai Chí Thọ, Q5",phòng trọ,cho thuê,9.0,0,đầy đủ,cũ,1600000.0
"157 Nguyễn Văn Linh, Q9",phòng trọ,cho thuê,14.0,0,cơ bản,cũ,1300000.0
"123 Võ Nguyên Giáp, Q2",phòng trọ,cho thuê,14.0,0,không có,tốt,1700000.0
"26 Lũy Bán Bích, Q7",chung cư,bán,124.0,9,đầy đủ,cũ,5879600000.0
"4 Công xã Paris, Q7",phòng trọ,cho thuê,20.0,0,cơ bản,mới,2700000.0
"195 Cách Mạng Tháng Tám, Q5",chung cư,bán,75.0,1,đầy đủ,mới,5858800000.0
"114 Võ Chí Công, Q7",chung cư,bán,70.0,13,không có,mới,5507500000.0
"110 Trần Hưng Đạo, Q2",nhà nguyên căn,bán,29.0,5,không có,cũ,4051600000.0
"169 Nguyễn Hữu Cảnh, Q7",phòng trọ,cho thuê,18.0,0,cơ bản,mới,3000000.0
"89 Rừng Sác, Q3",phòng trọ,cho thuê,15.0,0,đầy đủ,mới,1100000.0
"21 Lê Văn Duyệt, Q3",phòng trọ,cho thuê,20.0,0,đầy đủ,cũ,3300000.0
"115 Nguyễn Trãi, Q5",phòng trọ,cho thuê,16.0,0,không có,tốt,1100000.0
"160 Bùi Viện, Q7",nhà nguyên căn,cho thuê,43.0,2,cơ bản,cũ,6100000.0
"41 Trần Hưng Đạo, Q7",phòng trọ,cho thuê,13.0,0,cơ bản,tốt,2000000.0
"69 Lũy Bán Bích, Q4",văn phòng,cho thuê,230.0,19,cơ bản,cũ,187200000.0
"134 Nguyễn Hữu Cảnh, Q10",phòng trọ,cho thuê,9.0,0,không có,cũ,600000.0
"140 Nguyễn Văn Linh, Q9",nhà nguyên căn,cho thuê,44.0,1,không có,mới,5800000.0
"96 Trường Chinh, Q3",phòng trọ,cho thuê,17.0,0,không có,mới,3100000.0
"155 Đồng Khởi, Q9",phòng trọ,cho thuê,14.0,0,không có,cũ,700000.0
"200 Châu Văn Liêm, Q10",phòng trọ,cho thuê,12.0,0,cơ bản,tốt,1300000.0
"143 Quách Thị Trang, Q10",phòng trọ,cho thuê,18.0,0,không có,cũ,1700000.0
"181 Pasteur, Q8",chung cư,bán,90.0,3,cơ bản,mới,6992400000.0
"73 Trần Hưng Đạo, Q3",phòng trọ,cho thuê,14.0,0,cơ bản,tốt,2100000.0
"8 Rừng Sác, Q8",phòng trọ,cho thuê,10.0,0,không có,cũ,900000.0
"110 Quách Thị Trang, Q2",phòng trọ,cho thuê,20.0,0,cơ bản,cũ,1900000.0
"94 Mai Chí Thọ, Q10",phòng trọ,cho thuê,19.0,0,cơ bản,cũ,1800000.0
"11 Tôn Đức Thắng, Q9",phòng trọ,cho thuê,18.0,0,đầy đủ,tốt,2700000.0
"191 Nam Kỳ Khởi Nghĩa, Q5",phòng trọ,cho thuê,20.0,0,đầy đủ,tốt,3500000.0
"63 Võ Nguyên Giáp, Q9",phòng trọ,cho thuê,13.0,0,không có,cũ,1400000.0
"139 Tôn Đức Thắng, Q3",phòng trọ,cho thuê,9.0,0,không có,cũ,1300000.0
"162 Lam Sơn, Q3",phòng trọ,cho thuê,19.0,0,cơ bản,tốt,2400000.0
"71 Trường Chinh, Q8",văn phòng,bán,490.0,4,cơ bản,cũ,11754400000.0
"147 Lê Lợi, Q8",phòng trọ,cho thuê,16.0,0,không có,mới,1400000.0
"46 Hùng Vương, Q8",phòng trọ,cho thuê,15.0,0,đầy đủ,cũ,2100000.0
"66 Âu Cơ, Q4",phòng trọ,cho thuê,18.0,0,cơ bản,tốt,2800000.0
"78 Cách Mạng Tháng Tám, Q3",văn phòng,cho thuê,190.0,2,cơ bản,cũ,312000000.0
"126 Đồng Khởi, Q3",phòng trọ,cho thuê,20.0,0,đầy đủ,mới,4800000.0
"61 Lý Thường Kiệt, Q4",văn phòng,cho thuê,460.0,7,đầy đủ,cũ,832900000.0
"91 Nguyễn Thị Minh Khai, Q5",phòng trọ,cho thuê,17.0,0,đầy đủ,mới,3000000.0
"84 Mai Chí Thọ, Q9",văn phòng,cho thuê,365.0,11,cơ bản,cũ,178000000.0
"24 Trần Hưng Đạo, Q2",văn phòng,cho thuê,590.0,13,không có,cũ,380900000.0
"19 Lý Tự Trọng, Q4",phòng trọ,cho thuê,10.0,0,đầy đủ,tốt,1700000.0
"77 Lũy Bán Bích, Q8",phòng trọ,cho thuê,12.0,0,không có,tốt,1500000.0
"79 Trường Chinh, Q3",nhà nguyên căn,bán,31.0,2,cơ bản,mới,4888600000.0
"198 Quách Thị Trang, Q1",nhà nguyên căn,bán,38.0,2,không có,cũ,3537600000.0
"76 Trần Hưng Đạo, Q2",phòng trọ,cho thuê,11.0,0,đầy đủ,mới,800000.0
"145 Lê Văn Duyệt, Q4",phòng trọ,cho thuê,12.0,0,đầy đủ,cũ,1500000.0
"32 Phạm Văn Đồng, Q6",nhà nguyên căn,bán,32.0,2,đầy đủ,cũ,4121400000.0
"59 Đồng Khởi, Q10",phòng trọ,cho thuê,13.0,0,không có,tốt,1800000.0
"156 Đồng Khởi, Q7",chung cư,bán,124.0,14,cơ bản,tốt,4518200000.0
"109 Võ Nguyên Giáp, Q8",nhà nguyên căn,cho thuê,28.0,5,đầy đủ,cũ,13200000.0
"93 Quách Thị Trang, Q2",phòng trọ,cho thuê,13.0,0,đầy đủ,tốt,1100000.0
"140 Nguyễn Văn Linh, Q10",phòng trọ,cho thuê,9.0,0,không có,cũ,800000.0
"197 Trần Hưng Đạo, Q9",phòng trọ,cho thuê,20.0,0,cơ bản,cũ,2400000.0
"35 Công xã Paris, Q6",nhà nguyên căn,cho thuê,42.0,2,đầy đủ,mới,8400000.0
"160 Lê Lợi, Q5",nhà nguyên căn,bán,40.0,5,đầy đủ,tốt,16649200000.0
"169 Trần Hưng Đạo, Q2",chung cư,bán,70.0,9,không có,cũ,1712400000.0
"87 Nguyễn Văn Linh, Q3",phòng trọ,cho thuê,14.0,0,không có,tốt,1100000.0
"64 Trường Chinh, Q8",phòng trọ,cho thuê,12.0,0,không có,mới,1400000.0
"199 CMT8, Q7",nhà nguyên căn,cho thuê,36.0,5,cơ bản,tốt,15600000.0
"129 Mê Linh, Q7",nhà nguyên căn,bán,42.0,3,cơ bản,tốt,4594800000.0
"93 Mai Chí Thọ, Q5",phòng trọ,cho thuê,18.0,0,không có,cũ,2500000.0
"49 Lê Văn Duyệt, Q10",phòng trọ,cho thuê,10.0,0,đầy đủ,mới,1600000.0
"11 Tôn Đức Thắng, Q10",phòng trọ,cho thuê,13.0,0,cơ bản,tốt,900000.0
"122 Trần Hưng Đạo, Q1",phòng trọ,cho thuê,12.0,0,đầy đủ,tốt,1100000.0
"42 Phạm Ngũ Lão, Q2",phòng trọ,cho thuê,9.0,0,không có,tốt,1200000.0
"63 Võ Nguyên Giáp, Q10",phòng trọ,cho thuê,12.0,0,đầy đủ,cũ,2500000.0
"114 Âu Cơ, Q4",chung cư,bán,84.0,16,đầy đủ,mới,2135700000.0
"174 Lê Lợi, Q2",phòng trọ,cho thuê,18.0,0,cơ bản,cũ,1900000.0
"29 Hùng Vương, Q8",phòng trọ,cho thuê,11.0,0,cơ bản,tốt,1500000.0
"36 Nguyễn Hữu Cảnh, Q6",phòng trọ,cho thuê,9.0,0,không có,mới,1000000.0
"142 Hải Thượng Lãn Ông, Q2",nhà nguyên căn,bán,41.0,4,cơ bản,mới,6011000000.0
"13 Đồng Khởi, Q6",phòng trọ,cho thuê,9.0,0,không có,mới,1100000.0
"93 Nguyễn Trãi, Q10",phòng trọ,cho thuê,17.0,0,cơ bản,mới,2800000.0
"131 Lý Thường Kiệt, Q6",chung cư,cho thuê,65.0,18,đầy đủ,mới,6400000.0
"196 Phạm Văn Đồng, Q1",văn phòng,cho thuê,545.0,8,đầy đủ,tốt,335100000.0
"26 Pasteur, Q3",phòng trọ,cho thuê,12.0,0,không có,tốt,1100000.0
"51 Hàm Nghi, Q1",văn phòng,cho thuê,470.0,4,cơ bản,mới,447000000.0
"108 Cách Mạng Tháng Tám, Q1",nhà nguyên căn,bán,41.0,5,không có,mới,6767800000.0
"166 Châu Văn Liêm, Q10",phòng trọ,cho thuê,9.0,0,không có,tốt,700000.0
"157 Lạc Long Quân, Q5",phòng trọ,cho thuê,11.0,0,cơ bản,tốt,1800000.0
"90 Pasteur, Q2",phòng trọ,cho thuê,10.0,0,đầy đủ,cũ,1500000.0
"123 Lê Duẩn, Q3",phòng trọ,cho thuê,16.0,0,đầy đủ,tốt,1900000.0
"183 Hải Thượng Lãn Ông, Q3",phòng trọ,cho thuê,13.0,0,cơ bản,cũ,1200000.0
"116 Võ Chí Công, Q5",phòng trọ,cho thuê,14.0,0,đầy đủ,tốt,1200000.0
"197 Lũy Bán Bích, Q7",phòng trọ,cho thuê,20.0,0,cơ bản,tốt,1700000.0
"143 Hải Thượng Lãn Ông, Q1",phòng trọ,cho thuê,10.0,0,không có,tốt,1200000.0
"107 Nam Kỳ Khởi Nghĩa, Q3",nhà nguyên căn,bán,37.0,2,không có,cũ,1914100000.0
"45 Cách Mạng Tháng Tám, Q10",phòng trọ,cho thuê,17.0,0,cơ bản,cũ,1800000.0
"195 Phạm Văn Đồng, Q8",nhà nguyên căn,bán,44.0,4,cơ bản,tốt,8337000000.0
"197 Trần Hưng Đạo, Q10",phòng trọ,cho thuê,13.0,0,không có,mới,2700000.0
"76 Lê Văn Duyệt, Q9",phòng trọ,cho thuê,15.0,0,cơ bản,mới,1700000.0
"110 Cách Mạng Tháng Tám, Q1",chung cư,cho thuê,120.0,7,không có,mới,15100000.0
"98 Trường Chinh, Q10",phòng trọ,cho thuê,11.0,0,đầy đủ,cũ,1700000.0
"10 Tôn Đức Thắng, Q5",phòng trọ,cho thuê,13.0,0,cơ bản,mới,1700000.0
"48 Dân Chủ, Q5",chung cư,bán,65.0,5,cơ bản,tốt,5634400000.0
"150 Pasteur, Q3",nhà nguyên căn,cho thuê,33.0,4,không có,cũ,15200000.0
"67 Dân Chủ, Q9",phòng trọ,cho thuê,14.0,0,đầy đủ,mới,1500000.0
"62 Lý Thường Kiệt, Q6",phòng trọ,cho thuê,18.0,0,cơ bản,cũ,2600000.0
"143 Tôn Đức Thắng, Q7",phòng trọ,cho thuê,14.0,0,cơ bản,mới,2200000.0
"120 Trường Chinh, Q6",phòng trọ,cho thuê,10.0,0,không có,mới,600000.0
"183 Bùi Viện, Q8",phòng trọ,cho thuê,18.0,0,không có,cũ,1200000.0
"99 Tôn Đức Thắng, Q10",phòng trọ,cho thuê,17.0,0,đầy đủ,cũ,1300000.0
"198 Dân Chủ, Q1",phòng trọ,cho thuê,9.0,0,không có,tốt,600000.0
"79 Quách Thị Trang, Q8",phòng trọ,cho thuê,10.0,0,đầy đủ,tốt,1400000.0
"139 Quách Thị Trang, Q10",chung cư,bán,70.0,17,không có,cũ,3926100000.0
"139 Quốc tế, Q10",chung cư,cho thuê,90.0,12,cơ bản,tốt,16700000.0
"74 Quốc tế, Q5",phòng trọ,cho thuê,13.0,0,không có,tốt,1800000.0
"168 Công xã Paris, Q5",phòng trọ,cho thuê,17.0,0,đầy đủ,cũ,1300000.0
"165 Nam Kỳ Khởi Nghĩa, Q6",phòng trọ,cho thuê,10.0,0,không có,cũ,1200000.0
"193 Châu Văn Liêm, Q4",phòng trọ,cho thuê,19.0,0,đầy đủ,mới,2300000.0
"105 Nam Kỳ Khởi Nghĩa, Q10",văn phòng,cho thuê,550.0,7,cơ bản,mới,686700000.0
"2 Nguyễn Hữu Cảnh, Q6",phòng trọ,cho thuê,15.0,0,đầy đủ,cũ,1400000.0
"17 Phạm Ngũ Lão, Q7",phòng trọ,cho thuê,12.0,0,không có,mới,800000.0
"32 Võ Nguyên Giáp, Q8",văn phòng,cho thuê,315.0,9,không có,tốt,148300000.0
"56 Mai Chí Thọ, Q1",nhà nguyên căn,bán,35.0,1,không có,mới,2501600000.0
"101 Hai Bà Trưng, Q7",phòng trọ,cho thuê,13.0,0,không có,mới,1300000.0
"102 Dân Chủ, Q2",phòng trọ,cho thuê,12.0,0,không có,mới,1600000.0
"147 Nguyễn Trãi, Q9",phòng trọ,cho thuê,9.0,0,đầy đủ,mới,1100000.0
"149 Hải Thượng Lãn Ông, Q3",phòng trọ,cho thuê,17.0,0,cơ bản,cũ,1200000.0
"54 Phạm Ngũ Lão, Q1",phòng trọ,cho thuê,18.0,0,đầy đủ,mới,2000000.0
"184 Nguyễn Thị Minh Khai, Q8",nhà nguyên căn,bán,27.0,5,không có,cũ,8319600000.0
"146 Phạm Ngũ Lão, Q10",phòng trọ,cho thuê,9.0,0,cơ bản,tốt,1500000.0
"181 Bùi Viện, Q4",nhà nguyên căn,bán,45.0,2,không có,cũ,3251400000.0
"182 Lê Lợi, Q1",chung cư,bán,124.0,2,đầy đủ,tốt,11666900000.0
"156 Âu Cơ, Q2",phòng trọ,cho thuê,10.0,0,cơ bản,tốt,1100000.0
"132 Lạc Long Quân, Q5",phòng trọ,cho thuê,13.0,0,không có,cũ,900000.0
"167 Nguyễn Thị Minh Khai, Q10",văn phòng,cho thuê,595.0,4,không có,mới,937000000.0
"186 Lam Sơn, Q1",phòng trọ,cho thuê,12.0,0,không có,cũ,1000000.0
"88 Lam Sơn, Q4",phòng trọ,cho thuê,14.0,0,cơ bản,mới,1600000.0
"102 Pasteur, Q1",phòng trọ,cho thuê,12.0,0,không có,mới,1700000.0
"30 Lý Tự Trọng, Q1",chung cư,bán,75.0,9,đầy đủ,cũ,6096000000.0
"17 Quách Thị Trang, Q10",phòng trọ,cho thuê,16.0,0,không có,tốt,2000000.0
"191 Quốc tế, Q8",phòng trọ,cho thuê,13.0,0,không có,tốt,1600000.0
"149 Lê Văn Duyệt, Q8",phòng trọ,cho thuê,20.0,0,đầy đủ,tốt,2300000.0
"131 Lê Văn Duyệt, Q9",văn phòng,cho thuê,245.0,6,không có,mới,294100000.0
"104 Trần Hưng Đạo, Q4",phòng trọ,cho thuê,9.0,0,đầy đủ,tốt,1700000.0
"130 Xô Viết Nghệ Tĩnh, Q6",nhà nguyên căn,bán,41.0,3,không có,mới,7175000000.0
"41 Võ Chí Công, Q3",nhà nguyên căn,bán,45.0,2,cơ bản,cũ,3977600000.0
"190 Phạm Ngũ Lão, Q4",phòng trọ,cho thuê,11.0,0,không có,cũ,600000.0
"153 Lý Tự Trọng, Q2",phòng trọ,cho thuê,16.0,0,không có,tốt,1200000.0
"56 Hải Thượng Lãn Ông, Q2",phòng trọ,cho thuê,16.0,0,không có,cũ,2000000.0
"146 Quốc tế, Q10",phòng trọ,cho thuê,12.0,0,cơ bản,tốt,1900000.0
"126 Hàm Nghi, Q2",phòng trọ,cho thuê,15.0,0,không có,mới,900000.0
"188 Lê Duẩn, Q4",phòng trọ,cho thuê,15.0,0,cơ bản,cũ,800000.0
"172 Nguyễn Văn Linh, Q6",phòng trọ,cho thuê,10.0,0,đầy đủ,cũ,900000.0
"65 Phạm Ngũ Lão, Q6",phòng trọ,cho thuê,13.0,0,không có,cũ,800000.0
"55 Hàm Nghi, Q4",phòng trọ,cho thuê,14.0,0,cơ bản,tốt,1700000.0
"144 Lũy Bán Bích, Q5",phòng trọ,cho thuê,20.0,0,đầy đủ,cũ,3500000.0
"7 Hai Bà Trưng, Q1",chung cư,cho thuê,124.0,1,đầy đủ,cũ,16400000.0
"59 Mê Linh, Q5",nhà nguyên căn,bán,43.0,2,đầy đủ,cũ,7070100000.0
"18 Nguyễn Trãi, Q2",phòng trọ,cho thuê,16.0,0,đầy đủ,tốt,1800000.0
"12 Trần Hưng Đạo, Q1",phòng trọ,cho thuê,19.0,0,không có,mới,1900000.0
"26 Trần Hưng Đạo, Q7",phòng trọ,cho thuê,10.0,0,cơ bản,tốt,500000.0
"110 Lê Duẩn, Q7",phòng trọ,cho thuê,10.0,0,đầy đủ,cũ,900000.0
"87 Trần Hưng Đạo, Q4",phòng trọ,cho thuê,19.0,0,đầy đủ,mới,2100000.0
"19 Lam Sơn, Q7",phòng trọ,cho thuê,14.0,0,đầy đủ,mới,1700000.0
"88 Quách Thị Trang, Q9",phòng trọ,cho thuê,10.0,0,cơ bản,cũ,700000.0
"84 Âu Cơ, Q6",phòng trọ,cho thuê,19.0,0,đầy đủ,tốt,1500000.0
"200 Nguyễn Trãi, Q3",phòng trọ,cho thuê,10.0,0,không có,cũ,1500000.0
"72 Bùi Viện, Q1",phòng trọ,cho thuê,13.0,0,cơ bản,cũ,2000000.0
"4 Hải Thượng Lãn Ông, Q10",phòng trọ,cho thuê,16.0,0,đầy đủ,mới,4100000.0
"126 Võ Nguyên Giáp, Q4",phòng trọ,cho thuê,10.0,0,không có,tốt,1400000.0
"138 Dân Chủ, Q4",phòng trọ,cho thuê,18.0,0,không có,tốt,2200000.0
"63 Lam Sơn, Q9",phòng trọ,cho thuê,13.0,0,cơ bản,tốt,900000.0
"87 Mê Linh, Q10",phòng trọ,cho thuê,20.0,0,không có,tốt,2800000.0
"32 Trường Chinh, Q7",nhà nguyên căn,cho thuê,28.0,3,cơ bản,tốt,4600000.0
"191 Rừng Sác, Q4",phòng trọ,cho thuê,20.0,0,cơ bản,mới,2800000.0
"158 Nguyễn Huệ, Q7",phòng trọ,cho thuê,16.0,0,cơ bản,cũ,1200000.0
"15 Đồng Khởi, Q6",phòng trọ,cho thuê,11.0,0,cơ bản,cũ,800000.0
"200 Lê Duẩn, Q2",chung cư,bán,70.0,17,không có,cũ,2541900000.0
"109 Lê Lợi, Q8",phòng trọ,cho thuê,10.0,0,cơ bản,mới,800000.0
"31 Phạm Ngũ Lão, Q6",phòng trọ,cho thuê,16.0,0,không có,cũ,1100000.0
"5 Lê Văn Duyệt, Q6",nhà nguyên căn,bán,36.0,3,đầy đủ,mới,8441800000.0
"86 Lê Văn Duyệt, Q5",phòng trọ,cho thuê,15.0,0,không có,tốt,1200000.0
"117 Trần Hưng Đạo, Q9",chung cư,bán,70.0,18,cơ bản,tốt,3432000000.0
"100 Mê Linh, Q1",nhà nguyên căn,bán,31.0,5,cơ bản,tốt,5649500000.0
"4 Âu Cơ, Q1",phòng trọ,cho thuê,14.0,0,cơ bản,tốt,1900000.0
"91 Cách Mạng Tháng Tám, Q3",phòng trọ,cho thuê,14.0,0,đầy đủ,mới,3300000.0
"6 Mê Linh, Q6",nhà nguyên căn,cho thuê,44.0,5,đầy đủ,tốt,38300000.0
"159 Trần Hưng Đạo, Q9",nhà nguyên căn,cho thuê,45.0,5,cơ bản,tốt,25100000.0
"31 CMT8, Q8",phòng trọ,cho thuê,14.0,0,đầy đủ,cũ,2200000.0
"155 Cách Mạng Tháng Tám, Q2",phòng trọ,cho thuê,18.0,0,không có,cũ,1400000.0
"40 Pasteur, Q4",nhà nguyên căn,bán,33.0,1,đầy đủ,mới,920200000.0
"136 Hải Thượng Lãn Ông, Q7",phòng trọ,cho thuê,10.0,0,cơ bản,tốt,1500000.0
"141 Lý Thường Kiệt, Q8",phòng trọ,cho thuê,13.0,0,không có,mới,1600000.0
"179 Mai Chí Thọ, Q2",phòng trọ,cho thuê,17.0,0,cơ bản,cũ,900000.0
"71 Tôn Đức Thắng, Q1",văn phòng,cho thuê,350.0,4,không có,mới,343400000.0
"154 Võ Nguyên Giáp, Q10",phòng trọ,cho thuê,9.0,0,đầy đủ,tốt,1200000.0
"78 Bùi Viện, Q3",phòng trọ,cho thuê,15.0,0,đầy đủ,tốt,2200000.0
"3 Rừng Sác, Q2",phòng trọ,cho thuê,12.0,0,đầy đủ,cũ,800000.0
"47 Lê Văn Duyệt, Q1",phòng trọ,cho thuê,17.0,0,không có,tốt,1100000.0
"101 Tôn Đức Thắng, Q10",phòng trọ,cho thuê,16.0,0,cơ bản,cũ,1800000.0
"179 Lạc Long Quân, Q3",phòng trọ,cho thuê,11.0,0,không có,cũ,700000.0
"15 Âu Cơ, Q6",phòng trọ,cho thuê,16.0,0,đầy đủ,tốt,1100000.0
"43 Đồng Khởi, Q5",phòng trọ,cho thuê,19.0,0,đầy đủ,cũ,1400000.0
"21 Bùi Viện, Q8",phòng trọ,cho thuê,17.0,0,không có,tốt,1000000.0
"151 Nam Kỳ Khởi Nghĩa, Q4",văn phòng,cho thuê,395.0,12,không có,cũ,391400000.0
"49 Quách Thị Trang, Q6",nhà nguyên căn,bán,45.0,4,không có,tốt,7402400000.0
"147 Quách Thị Trang, Q3",phòng trọ,cho thuê,12.0,0,không có,tốt,1000000.0
"74 Hùng Vương, Q10",phòng trọ,cho thuê,20.0,0,cơ bản,cũ,2400000.0
"126 Võ Chí Công, Q6",phòng trọ,cho thuê,14.0,0,cơ bản,mới,2200000.0
"107 Hai Bà Trưng, Q8",phòng trọ,cho thuê,17.0,0,không có,cũ,1000000.0
"130 Lê Duẩn, Q7",chung cư,bán,124.0,6,không có,cũ,5443200000.0
"33 Mê Linh, Q6",phòng trọ,cho thuê,12.0,0,đầy đủ,mới,1400000.0
"132 Đồng Khởi, Q10",phòng trọ,cho thuê,10.0,0,đầy đủ,mới,1800000.0
"159 Trần Hưng Đạo, Q10",phòng trọ,cho thuê,11.0,0,cơ bản,cũ,800000.0
"179 Phạm Văn Đồng, Q10",phòng trọ,cho thuê,12.0,0,không có,tốt,900000.0
"149 CMT8, Q5",phòng trọ,cho thuê,10.0,0,cơ bản,tốt,1600000.0
"189 Tôn Đức Thắng, Q4",phòng trọ,cho thuê,10.0,0,cơ bản,tốt,500000.0
"30 Lê Văn Duyệt, Q1",phòng trọ,cho thuê,19.0,0,đầy đủ,tốt,2300000.0
"190 CMT8, Q1",chung cư,bán,75.0,20,không có,mới,6501800000.0
"40 Lê Lợi, Q8",phòng trọ,cho thuê,11.0,0,đầy đủ,cũ,900000.0
"68 Lê Duẩn, Q7",phòng trọ,cho thuê,20.0,0,đầy đủ,tốt,3100000.0
"200 Trường Chinh, Q2",phòng trọ,cho thuê,14.0,0,cơ bản,cũ,2000000.0
"94 Lạc Long Quân, Q7",phòng trọ,cho thuê,12.0,0,cơ bản,tốt,1400000.0
"90 Bùi Viện, Q2",phòng trọ,cho thuê,16.0,0,cơ bản,mới,1700000.0
"59 Lam Sơn, Q1",phòng trọ,cho thuê,13.0,0,đầy đủ,tốt,1600000.0
"41 CMT8, Q2",phòng trọ,cho thuê,17.0,0,cơ bản,mới,1400000.0
"177 Trần Hưng Đạo, Q2",nhà nguyên căn,bán,45.0,5,đầy đủ,tốt,14712200000.0
"57 Xô Viết Nghệ Tĩnh, Q3",nhà nguyên căn,cho thuê,37.0,1,không có,tốt,5100000.0
"159 Nam Kỳ Khởi Nghĩa, Q8",phòng trọ,cho thuê,9.0,0,cơ bản,tốt,1400000.0
"55 Lũy Bán Bích, Q2",phòng trọ,cho thuê,14.0,0,cơ bản,tốt,2200000.0
"26 Mê Linh, Q5",văn phòng,cho thuê,235.0,1,đầy đủ,cũ,216900000.0
"115 Âu Cơ, Q9",phòng trọ,cho thuê,16.0,0,không có,tốt,2100000.0
"132 CMT8, Q5",phòng trọ,cho thuê,17.0,0,đầy đủ,mới,1500000.0
"66 Cách Mạng Tháng Tám, Q3",phòng trọ,cho thuê,14.0,0,cơ bản,tốt,2500000.0
"52 Đồng Khởi, Q6",văn phòng,cho thuê,585.0,19,không có,tốt,832300000.0
"196 Nguyễn Trãi, Q7",chung cư,bán,90.0,20,không có,tốt,3794200000.0
"107 Quách Thị Trang, Q9",phòng trọ,cho thuê,15.0,0,đầy đủ,mới,2600000.0
"65 Nguyễn Trãi, Q7",phòng trọ,cho thuê,13.0,0,đầy đủ,cũ,2000000.0
"65 Lê Duẩn, Q6",phòng trọ,cho thuê,13.0,0,cơ bản,tốt,1300000.0
"164 Lý Tự Trọng, Q7",phòng trọ,cho thuê,16.0,0,cơ bản,tốt,1900000.0
"165 Xô Viết Nghệ Tĩnh, Q1",phòng trọ,cho thuê,11.0,0,đầy đủ,tốt,800000.0
"127 Pasteur, Q3",phòng trọ,cho thuê,9.0,0,đầy đủ,mới,1200000.0
"169 Võ Chí Công, Q8",phòng trọ,cho thuê,18.0,0,đầy đủ,cũ,1400000.0
"128 Tôn Đức Thắng, Q5",phòng trọ,cho thuê,17.0,0,đầy đủ,tốt,1300000.0
"12 Âu Cơ, Q5",chung cư,bán,120.0,2,không có,tốt,4459500000.0
"133 Võ Nguyên Giáp, Q1",phòng trọ,cho thuê,13.0,0,đầy đủ,cũ,2500000.0
"118 Quách Thị Trang, Q8",văn phòng,cho thuê,435.0,6,cơ bản,cũ,429900000.0
"139 Châu Văn Liêm, Q5",văn phòng,bán,350.0,8,không có,mới,19831400000.0
"170 Rừng Sác, Q4",văn phòng,cho thuê,590.0,4,đầy đủ,tốt,353400000.0
"195 Công xã Paris, Q2",phòng trọ,cho thuê,16.0,0,không có,mới,2600000.0
"69 Cách Mạng Tháng Tám, Q2",nhà nguyên căn,bán,34.0,4,không có,tốt,6959900000.0
"142 Nam Kỳ Khởi Nghĩa, Q8",phòng trọ,cho thuê,13.0,0,cơ bản,cũ,1300000.0
"34 Nguyễn Trãi, Q1",phòng trọ,cho thuê,20.0,0,cơ bản,mới,3100000.0
"75 CMT8, Q7",phòng trọ,cho thuê,12.0,0,cơ bản,cũ,1600000.0
"18 Dân Chủ, Q9",phòng trọ,cho thuê,17.0,0,cơ bản,mới,2800000.0
"194 Lê Lợi, Q3",phòng trọ,cho thuê,18.0,0,không có,tốt,2200000.0
"65 Lê Văn Duyệt, Q7",phòng trọ,cho thuê,18.0,0,cơ bản,mới,2300000.0
"13 Châu Văn Liêm, Q6",nhà nguyên căn,cho thuê,28.0,4,cơ bản,cũ,15400000.0
"15 Quách Thị Trang, Q1",phòng trọ,cho thuê,9.0,0,cơ bản,tốt,1100000.0
"111 Tôn Đức Thắng, Q5",nhà nguyên căn,bán,36.0,1,không có,cũ,1764400000.0
"111 Đồng Khởi, Q1",phòng trọ,cho thuê,19.0,0,đầy đủ,mới,1700000.0
"144 Nguyễn Trãi, Q2",phòng trọ,cho thuê,15.0,0,cơ bản,cũ,1400000.0
"194 Lê Văn Duyệt, Q10",phòng trọ,cho thuê,11.0,0,đầy đủ,cũ,1000000.0
"123 Nguyễn Thị Minh Khai, Q5",phòng trọ,cho thuê,17.0,0,cơ bản,tốt,3100000.0
"200 Pasteur, Q4",phòng trọ,cho thuê,20.0,0,đầy đủ,mới,1800000.0
"150 Mê Linh, Q5",phòng trọ,cho thuê,20.0,0,cơ bản,mới,2800000.0
"15 Pasteur, Q5",phòng trọ,cho thuê,9.0,0,cơ bản,tốt,1600000.0
"7 Nguyễn Huệ, Q8",phòng trọ,cho thuê,9.0,0,cơ bản,cũ,600000.0
"125 Võ Chí Công, Q7",phòng trọ,cho thuê,17.0,0,không có,mới,1900000.0
"38 Quách Thị Trang, Q3",phòng trọ,cho thuê,9.0,0,đầy đủ,tốt,1300000.0
"91 Lũy Bán Bích, Q4",phòng trọ,cho thuê,19.0,0,cơ bản,mới,2000000.0
"161 Bùi Viện, Q2",nhà nguyên căn,bán,33.0,5,không có,tốt,11092800000.0
"154 Đồng Khởi, Q2",phòng trọ,cho thuê,17.0,0,cơ bản,tốt,2200000.0
"195 Quách Thị Trang, Q4",nhà nguyên căn,cho thuê,35.0,3,không có,tốt,12700000.0
"85 Mai Chí Thọ, Q7",phòng trọ,cho thuê,20.0,0,đầy đủ,cũ,2100000.0
"189 Phạm Văn Đồng, Q10",nhà nguyên căn,bán,33.0,5,đầy đủ,tốt,15181400000.0
"18 Nam Kỳ Khởi Nghĩa, Q4",phòng trọ,cho thuê,16.0,0,cơ bản,mới,1400000.0
"114 Xô Viết Nghệ Tĩnh, Q8",nhà nguyên căn,bán,32.0,2,cơ bản,mới,1826200000.0
"40 Nguyễn Trãi, Q9",nhà nguyên căn,cho thuê,32.0,3,đầy đủ,tốt,7500000.0
"41 Châu Văn Liêm, Q5",nhà nguyên căn,cho thuê,28.0,4,cơ bản,mới,12300000.0
"47 Phạm Văn Đồng, Q6",phòng trọ,cho thuê,13.0,0,không có,tốt,1000000.0
"63 Tôn Đức Thắng, Q9",nhà nguyên căn,cho thuê,28.0,4,không có,cũ,8600000.0
"200 Hùng Vương, Q9",phòng trọ,cho thuê,9.0,0,không có,mới,700000.0
"162 Nguyễn Hữu Cảnh, Q2",phòng trọ,cho thuê,10.0,0,cơ bản,tốt,1100000.0
"68 Mai Chí Thọ, Q7",phòng trọ,cho thuê,11.0,0,đầy đủ,cũ,700000.0
"192 Nguyễn Văn Linh, Q4",phòng trọ,cho thuê,17.0,0,không có,mới,1200000.0
"143 Hai Bà Trưng, Q9",nhà nguyên căn,bán,38.0,5,không có,tốt,3828100000.0
"151 Cách Mạng Tháng Tám, Q6",phòng trọ,cho thuê,20.0,0,đầy đủ,tốt,2400000.0
"172 Lạc Long Quân, Q5",phòng trọ,cho thuê,9.0,0,đầy đủ,tốt,1400000.0
"99 Hai Bà Trưng, Q9",văn phòng,cho thuê,215.0,5,không có,mới,325900000.0
"183 Đồng Khởi, Q1",phòng trọ,cho thuê,13.0,0,không có,tốt,1800000.0
"86 Quách Thị Trang, Q1",phòng trọ,cho thuê,10.0,0,đầy đủ,cũ,1200000.0
"145 Nguyễn Trãi, Q4",phòng trọ,cho thuê,12.0,0,đầy đủ,mới,900000.0
"73 Lý Thường Kiệt, Q3",chung cư,cho thuê,120.0,20,không có,tốt,18200000.0
"140 Rừng Sác, Q6",phòng trọ,cho thuê,13.0,0,không có,tốt,1000000.0
"168 CMT8, Q4",chung cư,bán,120.0,5,không có,cũ,7327300000.0
"70 Pasteur, Q10",phòng trọ,cho thuê,10.0,0,không có,mới,1400000.0
"14 Quốc tế, Q2",phòng trọ,cho thuê,11.0,0,đầy đủ,cũ,700000.0
"182 Hai Bà Trưng, Q6",phòng trọ,cho thuê,18.0,0,đầy đủ,cũ,1300000.0
"67 Nam Kỳ Khởi Nghĩa, Q8",chung cư,bán,124.0,4,đầy đủ,tốt,11386600000.0
"22 Lũy Bán Bích, Q4",nhà nguyên căn,bán,28.0,2,không có,tốt,1384700000.0
"125 Âu Cơ, Q5",phòng trọ,cho thuê,9.0,0,cơ bản,cũ,900000.0
"49 Phạm Ngũ Lão, Q7",phòng trọ,cho thuê,9.0,0,cơ bản,cũ,800000.0
"37 Nguyễn Thị Minh Khai, Q10",văn phòng,cho thuê,575.0,16,đầy đủ,mới,687400000.0
"162 Công xã Paris, Q9",phòng trọ,cho thuê,17.0,0,cơ bản,mới,1400000.0
"64 Xô Viết Nghệ Tĩnh, Q1",phòng trọ,cho thuê,16.0,0,không có,cũ,1200000.0
"18 Mê Linh, Q6",nhà nguyên căn,cho thuê,37.0,5,cơ bản,cũ,18100000.0
"13 Lê Lợi, Q10",chung cư,bán,120.0,16,đầy đủ,mới,9776700000.0
"72 Võ Chí Công, Q5",văn phòng,cho thuê,560.0,19,đầy đủ,mới,621300000.0
"50 Lũy Bán Bích, Q9",phòng trọ,cho thuê,14.0,0,đầy đủ,cũ,1100000.0
"53 Nguyễn Trãi, Q1",phòng trọ,cho thuê,19.0,0,cơ bản,mới,3500000.0
"37 Dân Chủ, Q3",phòng trọ,cho thuê,13.0,0,cơ bản,mới,1500000.0
"167 Nam Kỳ Khởi Nghĩa, Q5",phòng trọ,cho thuê,16.0,0,không có,mới,2200000.0
"148 Lê Duẩn, Q5",nhà nguyên căn,bán,28.0,5,đầy đủ,tốt,5485700000.0
"97 Pasteur, Q7",nhà nguyên căn,bán,33.0,3,cơ bản,tốt,3467000000.0
"128 Nguyễn Trãi, Q4",phòng trọ,cho thuê,20.0,0,không có,tốt,1900000.0
"98 Nguyễn Huệ, Q5",chung cư,cho thuê,84.0,2,không có,tốt,8500000.0
"84 Hai Bà Trưng, Q4",phòng trọ,cho thuê,15.0,0,đầy đủ,tốt,2600000.0
"198 Mê Linh, Q8",phòng trọ,cho thuê,15.0,0,đầy đủ,tốt,2400000.0
"174 Hàm Nghi, Q9",chung cư,bán,84.0,18,không có,mới,3766000000.0
"72 Hùng Vương, Q1",phòng trọ,cho thuê,11.0,0,cơ bản,cũ,800000.0
"94 Quách Thị Trang, Q8",phòng trọ,cho thuê,9.0,0,cơ bản,tốt,900000.0
"38 Lạc Long Quân, Q10",phòng trọ,cho thuê,11.0,0,không có,mới,1400000.0
"57 Công xã Paris, Q10",phòng trọ,cho thuê,19.0,0,cơ bản,cũ,1300000.0
"189 Trần Hưng Đạo, Q4",văn phòng,cho thuê,510.0,13,đầy đủ,cũ,587100000.0
"70 Đồng Khởi, Q8",chung cư,cho thuê,124.0,13,cơ bản,mới,14100000.0
"138 Nguyễn Huệ, Q10",phòng trọ,cho thuê,13.0,0,đầy đủ,tốt,2500000.0
"157 Võ Chí Công, Q9",chung cư,bán,90.0,18,không có,tốt,3761400000.0
"163 Rừng Sác, Q7",phòng trọ,cho thuê,9.0,0,đầy đủ,cũ,1100000.0
"145 Công xã Paris, Q9",phòng trọ,cho thuê,11.0,0,không có,tốt,1500000.0
"33 Lũy Bán Bích, Q9",phòng trọ,cho thuê,15.0,0,đầy đủ,mới,2200000.0
"163 Nguyễn Thị Minh Khai, Q4",phòng trọ,cho thuê,14.0,0,cơ bản,mới,1200000.0
"58 Nguyễn Hữu Cảnh, Q10",phòng trọ,cho thuê,15.0,0,không có,cũ,2000000.0
"47 Trần Hưng Đạo, Q5",phòng trọ,cho thuê,11.0,0,đầy đủ,cũ,900000.0
"135 Phạm Văn Đồng, Q6",văn phòng,cho thuê,390.0,16,đầy đủ,mới,247100000.0
"35 Lũy Bán Bích, Q7",chung cư,bán,90.0,13,cơ bản,tốt,2040600000.0
"7 Trần Hưng Đạo, Q7",phòng trọ,cho thuê,17.0,0,đầy đủ,cũ,2500000.0
"107 Mê Linh, Q6",nhà nguyên căn,cho thuê,28.0,3,đầy đủ,cũ,13500000.0
"23 Bùi Viện, Q4",phòng trọ,cho thuê,20.0,0,cơ bản,mới,3400000.0
"196 Xô Viết Nghệ Tĩnh, Q4",chung cư,bán,90.0,1,đầy đủ,cũ,3883800000.0
"173 Đồng Khởi, Q2",phòng trọ,cho thuê,9.0,0,đầy đủ,mới,1300000.0
"131 CMT8, Q2",phòng trọ,cho thuê,20.0,0,không có,cũ,2300000.0
"82 Dân Chủ, Q10",nhà nguyên căn,cho thuê,27.0,1,cơ bản,cũ,2300000.0
"29 Hải Thượng Lãn Ông, Q7",phòng trọ,cho thuê,16.0,0,cơ bản,mới,1400000.0
"84 Lý Thường Kiệt, Q4",phòng trọ,cho thuê,17.0,0,cơ bản,cũ,1000000.0
"129 Hải Thượng Lãn Ông, Q6",phòng trọ,cho thuê,19.0,0,đầy đủ,tốt,2900000.0
"46 Hùng Vương, Q7",phòng trọ,cho thuê,17.0,0,không có,tốt,1300000.0
"9 Tôn Đức Thắng, Q6",phòng trọ,cho thuê,10.0,0,đầy đủ,cũ,900000.0
"146 Nguyễn Thị Minh Khai, Q4",phòng trọ,cho thuê,9.0,0,đầy đủ,cũ,1000000.0
"56 Âu Cơ, Q5",phòng trọ,cho thuê,14.0,0,cơ bản,tốt,2100000.0
"155 Lũy Bán Bích, Q10",phòng trọ,cho thuê,14.0,0,đầy đủ,tốt,1800000.0
"79 CMT8, Q4",phòng trọ,cho thuê,17.0,0,đầy đủ,cũ,2000000.0
"184 Mê Linh, Q1",phòng trọ,cho thuê,11.0,0,cơ bản,mới,1700000.0
"96 Âu Cơ, Q10",chung cư,cho thuê,124.0,6,không có,cũ,17800000.0
"136 Hàm Nghi, Q1",phòng trọ,cho thuê,12.0,0,đầy đủ,cũ,1400000.0
"49 Nam Kỳ Khởi Nghĩa, Q2",phòng trọ,cho thuê,16.0,0,cơ bản,cũ,1100000.0
"196 Nguyễn Văn Linh, Q8",phòng trọ,cho thuê,12.0,0,đầy đủ,tốt,1000000.0
"32 Lê Duẩn, Q2",phòng trọ,cho thuê,9.0,0,không có,cũ,1000000.0
"61 Nguyễn Văn Linh, Q5",phòng trọ,cho thuê,17.0,0,cơ bản,mới,2200000.0
"111 Lê Văn Duyệt, Q4",phòng trọ,cho thuê,14.0,0,đầy đủ,cũ,800000.0
"78 Công xã Paris, Q8",phòng trọ,cho thuê,10.0,0,cơ bản,cũ,1100000.0
"109 Lý Tự Trọng, Q7",phòng trọ,cho thuê,19.0,0,không có,tốt,1200000.0
"181 Võ Chí Công, Q2",nhà nguyên căn,cho thuê,27.0,1,cơ bản,tốt,3100000.0
"7 Nguyễn Huệ, Q3",phòng trọ,cho thuê,17.0,0,đầy đủ,cũ,2200000.0
"112 Hải Thượng Lãn Ông, Q6",phòng trọ,cho thuê,17.0,0,đầy đủ,mới,2600000.0
"2 Xô Viết Nghệ Tĩnh, Q4",nhà nguyên căn,bán,28.0,1,không có,mới,1664200000.0
"154 Pasteur, Q1",phòng trọ,cho thuê,18.0,0,cơ bản,tốt,1400000.0
"29 Hùng Vương, Q7",phòng trọ,cho thuê,10.0,0,không có,tốt,1200000.0
"129 Nguyễn Hữu Cảnh, Q4",phòng trọ,cho thuê,13.0,0,đầy đủ,cũ,2000000.0
"49 Tôn Đức Thắng, Q4",chung cư,cho thuê,65.0,18,không có,mới,10400000.0
"116 Lam Sơn, Q1",phòng trọ,cho thuê,15.0,0,đầy đủ,mới,2300000.0
"122 Nguyễn Thị Minh Khai, Q2",phòng trọ,cho thuê,14.0,0,cơ bản,cũ,1900000.0
"99 Mai Chí Thọ, Q10",chung cư,cho thuê,120.0,17,không có,tốt,16800000.0
"87 Đồng Khởi, Q7",phòng trọ,cho thuê,19.0,0,cơ bản,mới,3200000.0
"186 Trường Chinh, Q4",phòng trọ,cho thuê,17.0,0,không có,mới,1100000.0
"67 Bùi Viện, Q5",phòng trọ,cho thuê,9.0,0,đầy đủ,tốt,1400000.0
"22 Lam Sơn, Q6",nhà nguyên căn,cho thuê,27.0,4,đầy đủ,cũ,12000000.0
"27 CMT8, Q4",phòng trọ,cho thuê,9.0,0,đầy đủ,mới,700000.0
"107 Cách Mạng Tháng Tám, Q4",phòng trọ,cho thuê,11.0,0,cơ bản,cũ,800000.0
"174 Dân Chủ, Q1",phòng trọ,cho thuê,9.0,0,cơ bản,cũ,1000000.0
"17 Rừng Sác, Q10",phòng trọ,cho thuê,11.0,0,không có,tốt,1700000.0
"125 Trường Chinh, Q10",phòng trọ,cho thuê,11.0,0,đầy đủ,tốt,1900000.0
"88 Tôn Đức Thắng, Q7",chung cư,bán,65.0,13,cơ bản,tốt,1607400000.0
"33 Trường Chinh, Q1",phòng trọ,cho thuê,19.0,0,không có,mới,1700000.0
"63 Lê Văn Duyệt, Q1",phòng trọ,cho thuê,18.0,0,không có,cũ,2800000.0
"11 Nguyễn Trãi, Q1",phòng trọ,cho thuê,18.0,0,cơ bản,cũ,1400000.0
"97 Nguyễn Huệ, Q8",phòng trọ,cho thuê,18.0,0,cơ bản,tốt,2600000.0
"51 Nguyễn Hữu Cảnh, Q7",phòng trọ,cho thuê,16.0,0,cơ bản,tốt,1400000.0
"153 Dân Chủ, Q10",nhà nguyên căn,cho thuê,33.0,5,cơ bản,cũ,23300000.0
"62 Võ Chí Công, Q8",nhà nguyên căn,bán,39.0,3,đầy đủ,cũ,7057200000.0
"131 Rừng Sác, Q2",phòng trọ,cho thuê,18.0,0,đầy đủ,mới,2500000.0
"15 Bùi Viện, Q5",phòng trọ,cho thuê,20.0,0,đầy đủ,mới,1900000.0
"16 Trường Chinh, Q1",phòng trọ,cho thuê,12.0,0,không có,tốt,1200000.0
"102 Trần Hưng Đạo, Q5",phòng trọ,cho thuê,17.0,0,đầy đủ,mới,3800000.0
"75 Lý Tự Trọng, Q7",phòng trọ,cho thuê,19.0,0,cơ bản,tốt,1100000.0
"122 Dân Chủ, Q1",phòng trọ,cho thuê,11.0,0,đầy đủ,tốt,1500000.0
"182 Dân Chủ, Q8",phòng trọ,cho thuê,18.0,0,cơ bản,mới,2800000.0
"119 Quách Thị Trang, Q5",phòng trọ,cho thuê,20.0,0,không có,mới,3500000.0
"114 Nguyễn Huệ, Q9",phòng trọ,cho thuê,9.0,0,đầy đủ,tốt,500000.0
"83 Cách Mạng Tháng Tám, Q9",phòng trọ,cho thuê,9.0,0,đầy đủ,cũ,700000.0
"85 Pasteur, Q1",nhà nguyên căn,cho thuê,36.0,3,đầy đủ,tốt,9100000.0
"60 Hùng Vương, Q6",phòng trọ,cho thuê,16.0,0,đầy đủ,tốt,1400000.0
"4 Đồng Khởi, Q1",phòng trọ,cho thuê,18.0,0,đầy đủ,tốt,1800000.0
"27 Rừng Sác, Q7",phòng trọ,cho thuê,10.0,0,cơ bản,tốt,900000.0
"21 Hùng Vương, Q4",phòng trọ,cho thuê,16.0,0,không có,mới,1300000.0
"1 Nam Kỳ Khởi Nghĩa, Q9",chung cư,cho thuê,90.0,17,không có,tốt,5900000.0
"88 Rừng Sác, Q4",phòng trọ,cho thuê,13.0,0,không có,mới,1000000.0
"89 Hàm Nghi, Q3",phòng trọ,cho thuê,12.0,0,cơ bản,cũ,1700000.0
"103 Lý Thường Kiệt, Q4",phòng trọ,cho thuê,14.0,0,cơ bản,cũ,1500000.0
"43 Nguyễn Hữu Cảnh, Q9",nhà nguyên căn,cho thuê,28.0,1,cơ bản,tốt,3800000.0
"56 Trường Chinh, Q10",phòng trọ,cho thuê,11.0,0,không có,mới,800000.0
"152 Lê Lợi, Q1",nhà nguyên căn,cho thuê,32.0,2,đầy đủ,tốt,12600000.0
"3 Phạm Ngũ Lão, Q8",phòng trọ,cho thuê,14.0,0,đầy đủ,mới,1100000.0
"53 Quốc tế, Q9",phòng trọ,cho thuê,19.0,0,đầy đủ,mới,3700000.0
"71 Rừng Sác, Q9",phòng trọ,cho thuê,13.0,0,đầy đủ,tốt,1200000.0
"72 Nam Kỳ Khởi Nghĩa, Q6",phòng trọ,cho thuê,20.0,0,đầy đủ,tốt,3600000.0
"123 Lý Tự Trọng, Q6",phòng trọ,cho thuê,11.0,0,cơ bản,tốt,1300000.0
"194 Cách Mạng Tháng Tám, Q3",phòng trọ,cho thuê,15.0,0,cơ bản,tốt,2600000.0
"77 Lý Tự Trọng, Q2",phòng trọ,cho thuê,19.0,0,đầy đủ,mới,3700000.0
"165 Lạc Long Quân, Q4",chung cư,bán,70.0,7,cơ bản,tốt,5431800000.0
"141 Nguyễn Văn Linh, Q6",phòng trọ,cho thuê,17.0,0,cơ bản,cũ,2500000.0
"83 Cách Mạng Tháng Tám, Q10",phòng trọ,cho thuê,12.0,0,cơ bản,mới,2600000.0
"168 Võ Nguyên Giáp, Q5",phòng trọ,cho thuê,13.0,0,đầy đủ,tốt,2300000.0
"10 Rừng Sác, Q7",phòng trọ,cho thuê,10.0,0,không có,tốt,800000.0
"182 Trần Hưng Đạo, Q3",phòng trọ,cho thuê,19.0,0,cơ bản,mới,3400000.0
"99 Pasteur, Q5",phòng trọ,cho thuê,11.0,0,không có,mới,1700000.0
"37 Quốc tế, Q4",văn phòng,bán,325.0,5,không có,mới,15155800000.0
"26 Nguyễn Hữu Cảnh, Q9",nhà nguyên căn,bán,34.0,4,không có,tốt,8675700000.0
"1 Phạm Ngũ Lão, Q4",phòng trọ,cho thuê,15.0,0,cơ bản,mới,1700000.0
"134 Châu Văn Liêm, Q3",phòng trọ,cho thuê,15.0,0,đầy đủ,tốt,1400000.0
"118 Âu Cơ, Q6",phòng trọ,cho thuê,14.0,0,không có,cũ,1200000.0
"123 Đồng Khởi, Q4",nhà nguyên căn,cho thuê,31.0,2,cơ bản,mới,4900000.0
"106 Đồng Khởi, Q7",phòng trọ,cho thuê,16.0,0,cơ bản,cũ,1500000.0
"174 Nguyễn Trãi, Q5",phòng trọ,cho thuê,12.0,0,cơ bản,tốt,2200000.0
"173 Trần Hưng Đạo, Q5",phòng trọ,cho thuê,19.0,0,cơ bản,tốt,2200000.0
"111 Võ Nguyên Giáp, Q7",nhà nguyên căn,cho thuê,32.0,4,cơ bản,tốt,7900000.0
"34 Phạm Văn Đồng, Q2",phòng trọ,cho thuê,9.0,0,đầy đủ,tốt,1200000.0
"77 Nguyễn Huệ, Q6",phòng trọ,cho thuê,14.0,0,cơ bản,mới,2500000.0
"144 Hùng Vương, Q2",phòng trọ,cho thuê,12.0,0,đầy đủ,mới,1500000.0
"186 Lũy Bán Bích, Q8",phòng trọ,cho thuê,10.0,0,đầy đủ,tốt,1200000.0
"172 Nam Kỳ Khởi Nghĩa, Q9",phòng trọ,cho thuê,11.0,0,cơ bản,cũ,1100000.0
"193 Quốc tế, Q2",phòng trọ,cho thuê,13.0,0,đầy đủ,cũ,1500000.0
"106 Nguyễn Huệ, Q10",phòng trọ,cho thuê,11.0,0,cơ bản,tốt,1000000.0
"91 Hải Thượng Lãn Ông, Q8",chung cư,cho thuê,65.0,9,đầy đủ,cũ,9500000.0
"46 Công xã Paris, Q7",phòng trọ,cho thuê,11.0,0,cơ bản,mới,700000.0
"116 Nguyễn Hữu Cảnh, Q8",nhà nguyên căn,bán,45.0,3,không có,tốt,3015400000.0
"118 Lê Lợi, Q1",phòng trọ,cho thuê,17.0,0,đầy đủ,cũ,1700000.0
"161 Hàm Nghi, Q3",phòng trọ,cho thuê,14.0,0,đầy đủ,mới,1700000.0
"38 Nguyễn Hữu Cảnh, Q2",phòng trọ,cho thuê,11.0,0,đầy đủ,cũ,1400000.0
"3 Phạm Ngũ Lão, Q4",văn phòng,cho thuê,560.0,2,cơ bản,cũ,782800000.0
"69 Bùi Viện, Q5",phòng trọ,cho thuê,11.0,0,đầy đủ,tốt,1500000.0
"107 Nguyễn Văn Linh, Q6",phòng trọ,cho thuê,16.0,0,đầy đủ,tốt,1900000.0
"18 Lũy Bán Bích, Q10",nhà nguyên căn,cho thuê,43.0,5,không có,cũ,19300000.0
"89 Quách Thị Trang, Q2",phòng trọ,cho thuê,19.0,0,đầy đủ,cũ,2400000.0
"109 Lam Sơn, Q7",phòng trọ,cho thuê,15.0,0,đầy đủ,cũ,1800000.0
"109 CMT8, Q10",phòng trọ,cho thuê,16.0,0,cơ bản,tốt,1500000.0
"74 Mai Chí Thọ, Q3",phòng trọ,cho thuê,11.0,0,không có,mới,1900000.0
"153 Lý Thường Kiệt, Q4",văn phòng,bán,260.0,15,cơ bản,cũ,6575000000.0
"39 Nguyễn Hữu Cảnh, Q1",phòng trọ,cho thuê,17.0,0,không có,cũ,2200000.0
"185 CMT8, Q3",phòng trọ,cho thuê,9.0,0,đầy đủ,mới,700000.0
"21 Nguyễn Hữu Cảnh, Q2",phòng trọ,cho thuê,13.0,0,cơ bản,mới,2100000.0
"183 Lạc Long Quân, Q9",nhà nguyên căn,bán,45.0,3,không có,cũ,5520600000.0
"106 Lũy Bán Bích, Q4",nhà nguyên căn,bán,37.0,2,không có,mới,5526900000.0
"83 Tôn Đức Thắng, Q6",phòng trọ,cho thuê,16.0,0,không có,cũ,1500000.0
"107 Lý Thường Kiệt, Q8",nhà nguyên căn,cho thuê,31.0,3,đầy đủ,mới,14100000.0
"137 Hàm Nghi, Q4",phòng trọ,cho thuê,16.0,0,không có,cũ,1700000.0
"89 Bùi Viện, Q9",phòng trọ,cho thuê,10.0,0,cơ bản,mới,800000.0
"38 Công xã Paris, Q9",phòng trọ,cho thuê,10.0,0,đầy đủ,tốt,1200000.0
"31 Lê Văn Duyệt, Q8",phòng trọ,cho thuê,10.0,0,cơ bản,cũ,1400000.0
"40 CMT8, Q9",phòng trọ,cho thuê,20.0,0,đầy đủ,cũ,1300000.0
"79 Hàm Nghi, Q2",văn phòng,cho thuê,360.0,7,không có,tốt,453800000.0
"48 Cách Mạng Tháng Tám, Q5",phòng trọ,cho thuê,17.0,0,đầy đủ,mới,2200000.0
"62 Nguyễn Hữu Cảnh, Q3",nhà nguyên căn,bán,34.0,2,cơ bản,cũ,1913800000.0
"18 Võ Chí Công, Q10",phòng trọ,cho thuê,20.0,0,cơ bản,mới,3700000.0
"12 CMT8, Q5",phòng trọ,cho thuê,20.0,0,đầy đủ,tốt,3600000.0
"108 Trần Hưng Đạo, Q7",nhà nguyên căn,cho thuê,37.0,3,đầy đủ,cũ,14000000.0
"95 Nguyễn Văn Linh, Q7",phòng trọ,cho thuê,16.0,0,cơ bản,mới,2300000.0
"159 Võ Chí Công, Q10",phòng trọ,cho thuê,10.0,0,cơ bản,mới,900000.0
"43 Nguyễn Trãi, Q6",phòng trọ,cho thuê,17.0,0,cơ bản,cũ,1900000.0
"161 Lũy Bán Bích, Q8",phòng trọ,cho thuê,10.0,0,cơ bản,cũ,900000.0
"156 Hùng Vương, Q1",phòng trọ,cho thuê,17.0,0,đầy đủ,tốt,1900000.0
"160 Trần Hưng Đạo, Q2",phòng trọ,cho thuê,10.0,0,cơ bản,mới,800000.0
"182 Võ Nguyên Giáp, Q7",phòng trọ,cho thuê,14.0,0,không có,mới,2200000.0
"76 Xô Viết Nghệ Tĩnh, Q4",phòng trọ,cho thuê,11.0,0,đầy đủ,mới,2200000.0
"151 Công xã Paris, Q8",nhà nguyên căn,cho thuê,38.0,4,cơ bản,cũ,14800000.0
"145 CMT8, Q9",phòng trọ,cho thuê,18.0,0,không có,cũ,1500000.0
"167 Nguyễn Hữu Cảnh, Q3",phòng trọ,cho thuê,18.0,0,không có,cũ,1000000.0
"86 Nguyễn Thị Minh Khai, Q10",chung cư,bán,70.0,2,không có,mới,6613200000.0
"175 Lũy Bán Bích, Q6",văn phòng,cho thuê,405.0,16,không có,tốt,305900000.0
"3 Nguyễn Thị Minh Khai, Q3",phòng trọ,cho thuê,20.0,0,cơ bản,mới,2000000.0
"154 Bùi Viện, Q1",nhà nguyên căn,bán,32.0,5,cơ bản,mới,8134400000.0
"13 Võ Nguyên Giáp, Q1",phòng trọ,cho thuê,15.0,0,cơ bản,cũ,1800000.0
"40 Lê Lợi, Q7",nhà nguyên căn,bán,28.0,1,đầy đủ,cũ,1802700000.0
"148 Nguyễn Trãi, Q6",phòng trọ,cho thuê,17.0,0,cơ bản,tốt,1400000.0
"118 Pasteur, Q5",phòng trọ,cho thuê,11.0,0,đầy đủ,mới,1900000.0
"89 Bùi Viện, Q10",nhà nguyên căn,cho thuê,28.0,4,không có,cũ,15000000.0
"175 Lê Duẩn, Q7",nhà nguyên căn,cho thuê,44.0,1,không có,mới,4200000.0
"158 Nguyễn Thị Minh Khai, Q5",phòng trọ,cho thuê,12.0,0,cơ bản,tốt,1500000.0
"5 Mai Chí Thọ, Q3",phòng trọ,cho thuê,9.0,0,không có,mới,800000.0
"30 Nguyễn Hữu Cảnh, Q8",phòng trọ,cho thuê,19.0,0,đầy đủ,mới,1500000.0
"159 Nam Kỳ Khởi Nghĩa, Q7",phòng trọ,cho thuê,17.0,0,đầy đủ,cũ,1800000.0
"183 Nguyễn Thị Minh Khai, Q6",phòng trọ,cho thuê,13.0,0,cơ bản,mới,1000000.0
"152 Trần Hưng Đạo, Q7",phòng trọ,cho thuê,19.0,0,cơ bản,mới,1600000.0
"36 Tôn Đức Thắng, Q10",phòng trọ,cho thuê,14.0,0,cơ bản,mới,2400000.0
"191 Võ Nguyên Giáp, Q4",phòng trọ,cho thuê,13.0,0,cơ bản,mới,2000000.0
"165 Trường Chinh, Q9",phòng trọ,cho thuê,12.0,0,cơ bản,cũ,1600000.0
"1 Nguyễn Hữu Cảnh, Q5",phòng trọ,cho thuê,17.0,0,cơ bản,cũ,1400000.0
"67 Phạm Ngũ Lão, Q2",phòng trọ,cho thuê,13.0,0,cơ bản,tốt,2000000.0
"173 Cách Mạng Tháng Tám, Q9",nhà nguyên căn,cho thuê,31.0,4,cơ bản,mới,16400000.0
"3 Tôn Đức Thắng, Q2",phòng trọ,cho thuê,9.0,0,đầy đủ,cũ,1200000.0
"80 Lý Tự Trọng, Q4",văn phòng,cho thuê,480.0,8,cơ bản,tốt,210800000.0
"24 Âu Cơ, Q8",phòng trọ,cho thuê,12.0,0,đầy đủ,tốt,900000.0
"184 Lê Duẩn, Q9",phòng trọ,cho thuê,14.0,0,cơ bản,cũ,2000000.0
"77 Lê Lợi, Q5",chung cư,bán,75.0,19,đầy đủ,mới,4205300000.0
"11 Nam Kỳ Khởi Nghĩa, Q7",chung cư,bán,120.0,10,cơ bản,cũ,5767400000.0
"133 Cách Mạng Tháng Tám, Q1",phòng trọ,cho thuê,13.0,0,không có,mới,2500000.0
"185 Rừng Sác, Q3",nhà nguyên căn,cho thuê,36.0,3,cơ bản,mới,21000000.0
"182 Trường Chinh, Q10",nhà nguyên căn,cho thuê,33.0,4,cơ bản,tốt,13400000.0
"127 Lũy Bán Bích, Q8",phòng trọ,cho thuê,12.0,0,không có,tốt,1400000.0
"111 Hùng Vương, Q4",phòng trọ,cho thuê,19.0,0,cơ bản,cũ,2400000.0
"4 Công xã Paris, Q4",phòng trọ,cho thuê,20.0,0,cơ bản,cũ,1900000.0
"11 Xô Viết Nghệ Tĩnh, Q1",phòng trọ,cho thuê,11.0,0,đầy đủ,mới,2100000.0
"129 Âu Cơ, Q8",phòng trọ,cho thuê,9.0,0,không có,mới,1200000.0
"83 Phạm Ngũ Lão, Q10",phòng trọ,cho thuê,18.0,0,không có,tốt,1300000.0
"105 Âu Cơ, Q9",chung cư,cho thuê,84.0,2,đầy đủ,cũ,15600000.0
"125 Dân Chủ, Q7",phòng trọ,cho thuê,14.0,0,đầy đủ,mới,2600000.0
"7 Quốc tế, Q1",phòng trọ,cho thuê,20.0,0,cơ bản,tốt,3300000.0
"98 Lũy Bán Bích, Q5",phòng trọ,cho thuê,20.0,0,đầy đủ,cũ,2200000.0
"87 Châu Văn Liêm, Q7",phòng trọ,cho thuê,10.0,0,không có,tốt,1100000.0
"106 Lam Sơn, Q6",phòng trọ,cho thuê,17.0,0,cơ bản,tốt,1900000.0
"147 Xô Viết Nghệ Tĩnh, Q4",phòng trọ,cho thuê,11.0,0,không có,cũ,1400000.0
"75 Lê Văn Duyệt, Q7",phòng trọ,cho thuê,14.0,0,không có,cũ,800000.0
"4 Rừng Sác, Q3",phòng trọ,cho thuê,19.0,0,không có,cũ,2700000.0
"17 Đồng Khởi, Q2",phòng trọ,cho thuê,14.0,0,đầy đủ,cũ,1300000.0
"143 Quốc tế, Q4",phòng trọ,cho thuê,9.0,0,không có,tốt,1300000.0
"44 Phạm Ngũ Lão, Q6",phòng trọ,cho thuê,16.0,0,cơ bản,tốt,2400000.0
"111 Lam Sơn, Q7",phòng trọ,cho thuê,13.0,0,không có,mới,1600000.0
"18 Lê Văn Duyệt, Q6",phòng trọ,cho thuê,13.0,0,cơ bản,cũ,1400000.0
"43 Lê Duẩn, Q9",chung cư,bán,70.0,1,không có,cũ,2852900000.0
"58 Đồng Khởi, Q3",phòng trọ,cho thuê,16.0,0,không có,tốt,2500000.0
"31 Công xã Paris, Q7",phòng trọ,cho thuê,11.0,0,cơ bản,mới,1700000.0
"46 Hải Thượng Lãn Ông, Q9",phòng trọ,cho thuê,13.0,0,không có,tốt,1500000.0
"97 Lạc Long Quân, Q10",phòng trọ,cho thuê,20.0,0,cơ bản,cũ,2000000.0
"5 Âu Cơ, Q4",phòng trọ,cho thuê,15.0,0,không có,tốt,1100000.0
"170 Lũy Bán Bích, Q10",phòng trọ,cho thuê,12.0,0,không có,mới,2000000.0
"155 Hùng Vương, Q5",phòng trọ,cho thuê,10.0,0,không có,mới,1800000.0
"193 Lê Duẩn, Q1",chung cư,bán,124.0,16,không có,cũ,6078000000.0
"64 Cách Mạng Tháng Tám, Q1",phòng trọ,cho thuê,19.0,0,không có,mới,1700000.0
"43 Lam Sơn, Q2",phòng trọ,cho thuê,14.0,0,đầy đủ,mới,2100000.0
"105 Dân Chủ, Q6",phòng trọ,cho thuê,20.0,0,không có,tốt,2800000.0
"48 Võ Nguyên Giáp, Q8",phòng trọ,cho thuê,16.0,0,không có,mới,900000.0
"8 Nguyễn Trãi, Q9",phòng trọ,cho thuê,10.0,0,đầy đủ,tốt,1000000.0
"107 Đồng Khởi, Q6",phòng trọ,cho thuê,12.0,0,đầy đủ,cũ,900000.0
"27 Nguyễn Thị Minh Khai, Q1",nhà nguyên căn,cho thuê,40.0,3,không có,tốt,19700000.0
"144 Võ Chí Công, Q9",phòng trọ,cho thuê,10.0,0,không có,tốt,800000.0
"64 Lũy Bán Bích, Q5",phòng trọ,cho thuê,14.0,0,không có,mới,1800000.0
"24 Lũy Bán Bích, Q7",phòng trọ,cho thuê,19.0,0,đầy đủ,tốt,3000000.0
"24 Trần Hưng Đạo, Q10",phòng trọ,cho thuê,15.0,0,không có,mới,2100000.0
"161 Võ Chí Công, Q10",phòng trọ,cho thuê,16.0,0,không có,cũ,2500000.0
"198 Hùng Vương, Q3",phòng trọ,cho thuê,12.0,0,đầy đủ,tốt,1500000.0
"18 Châu Văn Liêm, Q7",phòng trọ,cho thuê,12.0,0,cơ bản,mới,1300000.0
"143 Lý Thường Kiệt, Q4",phòng trọ,cho thuê,11.0,0,không có,mới,1700000.0
"100 Lê Duẩn, Q2",văn phòng,cho thuê,260.0,16,không có,mới,351700000.0
"197 Lũy Bán Bích, Q9",phòng trọ,cho thuê,20.0,0,không có,tốt,2000000.0
"100 Quách Thị Trang, Q5",phòng trọ,cho thuê,19.0,0,không có,cũ,1900000.0
"59 Hải Thượng Lãn Ông, Q6",phòng trọ,cho thuê,11.0,0,đầy đủ,mới,1500000.0
"30 Lý Thường Kiệt, Q9",nhà nguyên căn,cho thuê,43.0,1,đầy đủ,tốt,6000000.0
"129 Lũy Bán Bích, Q7",phòng trọ,cho thuê,16.0,0,cơ bản,mới,2700000.0
"15 Nguyễn Hữu Cảnh, Q7",nhà nguyên căn,cho thuê,42.0,4,cơ bản,mới,22400000.0
"31 Võ Nguyên Giáp, Q8",phòng trọ,cho thuê,13.0,0,không có,mới,1800000.0
"174 Nguyễn Hữu Cảnh, Q1",phòng trọ,cho thuê,15.0,0,không có,cũ,2400000.0
"132 Cách Mạng Tháng Tám, Q6",chung cư,cho thuê,75.0,3,không có,cũ,11000000.0
"78 Hàm Nghi, Q5",nhà nguyên căn,bán,42.0,1,không có,mới,2583300000.0
"98 Lý Thường Kiệt, Q5",nhà nguyên căn,cho thuê,42.0,1,đầy đủ,mới,5200000.0
"144 Lũy Bán Bích, Q9",văn phòng,bán,525.0,7,đầy đủ,mới,52476400000.0
"110 Nam Kỳ Khởi Nghĩa, Q2",phòng trọ,cho thuê,16.0,0,cơ bản,cũ,2300000.0
"173 Tôn Đức Thắng, Q6",nhà nguyên căn,cho thuê,43.0,1,đầy đủ,cũ,4900000.0
"10 Cách Mạng Tháng Tám, Q1",chung cư,bán,124.0,2,cơ bản,cũ,5025700000.0
"8 Lê Văn Duyệt, Q4",phòng trọ,cho thuê,16.0,0,không có,cũ,2200000.0
"183 Cách Mạng Tháng Tám, Q5",phòng trọ,cho thuê,11.0,0,cơ bản,mới,1900000.0
"6 Dân Chủ, Q9",phòng trọ,cho thuê,16.0,0,không có,tốt,1700000.0
"134 Xô Viết Nghệ Tĩnh, Q2",phòng trọ,cho thuê,17.0,0,đầy đủ,tốt,1600000.0
"182 Lam Sơn, Q7",phòng trọ,cho thuê,16.0,0,cơ bản,mới,2800000.0
"157 Nguyễn Hữu Cảnh, Q1",phòng trọ,cho thuê,12.0,0,cơ bản,tốt,1600000.0
"30 Lý Thường Kiệt, Q10",phòng trọ,cho thuê,11.0,0,cơ bản,mới,2000000.0
"198 Mê Linh, Q7",phòng trọ,cho thuê,18.0,0,cơ bản,tốt,2700000.0
"99 Trường Chinh, Q7",phòng trọ,cho thuê,15.0,0,cơ bản,tốt,1100000.0
"18 Võ Nguyên Giáp, Q1",chung cư,bán,75.0,16,cơ bản,tốt,2925300000.0
"115 Lạc Long Quân, Q3",phòng trọ,cho thuê,9.0,0,không có,mới,1600000.0
"72 Mê Linh, Q6",văn phòng,cho thuê,160.0,14,không có,tốt,192500000.0
"7 Võ Chí Công, Q7",phòng trọ,cho thuê,18.0,0,không có,cũ,1200000.0
"97 Mai Chí Thọ, Q8",chung cư,bán,84.0,7,đầy đủ,mới,5558200000.0
"57 Lý Tự Trọng, Q9",phòng trọ,cho thuê,18.0,0,đầy đủ,mới,1800000.0
"17 Phạm Ngũ Lão, Q4",phòng trọ,cho thuê,11.0,0,cơ bản,mới,1000000.0
"200 Nguyễn Hữu Cảnh, Q2",phòng trọ,cho thuê,17.0,0,đầy đủ,cũ,1100000.0
"121 Âu Cơ, Q10",phòng trọ,cho thuê,20.0,0,cơ bản,tốt,1300000.0
"83 Lê Duẩn, Q10",phòng trọ,cho thuê,9.0,0,đầy đủ,cũ,700000.0
"74 Lý Tự Trọng, Q10",phòng trọ,cho thuê,10.0,0,cơ bản,mới,1700000.0
"200 Mê Linh, Q4",phòng trọ,cho thuê,9.0,0,đầy đủ,mới,1100000.0
"52 Phạm Ngũ Lão, Q2",phòng trọ,cho thuê,14.0,0,cơ bản,cũ,1000000.0
"4 Xô Viết Nghệ Tĩnh, Q7",phòng trọ,cho thuê,14.0,0,đầy đủ,cũ,800000.0
"91 Hàm Nghi, Q10",phòng trọ,cho thuê,11.0,0,không có,mới,800000.0
"28 Trần Hưng Đạo, Q8",phòng trọ,cho thuê,11.0,0,cơ bản,mới,1100000.0
"86 Hàm Nghi, Q10",chung cư,bán,65.0,5,cơ bản,mới,3915100000.0
"50 Phạm Ngũ Lão, Q4",chung cư,bán,75.0,3,không có,tốt,5086500000.0
"30 Võ Chí Công, Q5",phòng trọ,cho thuê,12.0,0,cơ bản,mới,2500000.0
"177 Xô Viết Nghệ Tĩnh, Q9",phòng trọ,cho thuê,11.0,0,đầy đủ,cũ,1400000.0
"86 Châu Văn Liêm, Q1",văn phòng,cho thuê,495.0,16,không có,mới,940700000.0
"118 Lý Thường Kiệt, Q10",phòng trọ,cho thuê,17.0,0,không có,mới,1700000.0
"162 Lý Thường Kiệt, Q3",nhà nguyên căn,cho thuê,28.0,3,không có,tốt,12400000.0
"1 Trường Chinh, Q4",chung cư,bán,90.0,12,cơ bản,mới,6581100000.0
"12 Âu Cơ, Q1",nhà nguyên căn,bán,30.0,1,đầy đủ,tốt,964000000.0
"70 Lý Tự Trọng, Q6",phòng trọ,cho thuê,11.0,0,cơ bản,mới,1300000.0
"163 Võ Chí Công, Q3",phòng trọ,cho thuê,15.0,0,đầy đủ,tốt,3100000.0
"35 Phạm Ngũ Lão, Q2",phòng trọ,cho thuê,18.0,0,cơ bản,cũ,1900000.0
"143 Mai Chí Thọ, Q2",phòng trọ,cho thuê,14.0,0,cơ bản,mới,2100000.0
"12 Nguyễn Trãi, Q8",phòng trọ,cho thuê,11.0,0,cơ bản,mới,1600000.0
"41 Nguyễn Huệ, Q6",phòng trọ,cho thuê,18.0,0,cơ bản,tốt,2200000.0
"145 Lý Tự Trọng, Q9",phòng trọ,cho thuê,18.0,0,đầy đủ,tốt,1200000.0
"117 Âu Cơ, Q1",phòng trọ,cho thuê,13.0,0,không có,mới,1700000.0
"139 Lũy Bán Bích, Q2",phòng trọ,cho thuê,13.0,0,cơ bản,tốt,900000.0
"79 Lê Duẩn, Q1",phòng trọ,cho thuê,20.0,0,đầy đủ,mới,3200000.0
"65 Lê Lợi, Q8",phòng trọ,cho thuê,20.0,0,cơ bản,cũ,1000000.0
"62 Rừng Sác, Q7",phòng trọ,cho thuê,14.0,0,không có,mới,2400000.0
"154 Hùng Vương, Q1",phòng trọ,cho thuê,16.0,0,cơ bản,cũ,2200000.0
"55 Rừng Sác, Q1",phòng trọ,cho thuê,18.0,0,cơ bản,cũ,2100000.0
"177 Xô Viết Nghệ Tĩnh, Q10",nhà nguyên căn,bán,31.0,1,cơ bản,cũ,2635700000.0
"88 Quốc tế, Q7",phòng trọ,cho thuê,11.0,0,không có,mới,1600000.0
"162 Tôn Đức Thắng, Q3",phòng trọ,cho thuê,14.0,0,đầy đủ,cũ,1400000.0
"118 Châu Văn Liêm, Q1",chung cư,bán,124.0,19,đầy đủ,mới,5507800000.0
"69 Đồng Khởi, Q10",chung cư,bán,75.0,3,đầy đủ,cũ,3834900000.0
"55 Mai Chí Thọ, Q4",phòng trọ,cho thuê,20.0,0,không có,mới,2900000.0
"31 Hải Thượng Lãn Ông, Q9",phòng trọ,cho thuê,18.0,0,đầy đủ,tốt,2000000.0
"149 Lam Sơn, Q10",chung cư,bán,90.0,4,không có,mới,2908900000.0
"5 Lạc Long Quân, Q6",văn phòng,cho thuê,425.0,6,đầy đủ,tốt,667600000.0
"48 Võ Nguyên Giáp, Q3",nhà nguyên căn,bán,42.0,4,cơ bản,cũ,8786400000.0
"38 Phạm Ngũ Lão, Q8",phòng trọ,cho thuê,16.0,0,đầy đủ,mới,2900000.0
"32 Trường Chinh, Q4",phòng trọ,cho thuê,15.0,0,cơ bản,mới,1000000.0
"176 Hàm Nghi, Q6",phòng trọ,cho thuê,17.0,0,đầy đủ,tốt,3200000.0
"113 Phạm Văn Đồng, Q5",chung cư,bán,65.0,14,đầy đủ,mới,6235100000.0
"112 Võ Nguyên Giáp, Q2",phòng trọ,cho thuê,15.0,0,đầy đủ,mới,2700000.0
"18 Âu Cơ, Q9",phòng trọ,cho thuê,15.0,0,cơ bản,tốt,1200000.0
"185 Hai Bà Trưng, Q3",chung cư,bán,75.0,15,đầy đủ,tốt,6718700000.0
"190 Xô Viết Nghệ Tĩnh, Q1",phòng trọ,cho thuê,20.0,0,không có,cũ,3300000.0
"168 Hùng Vương, Q4",phòng trọ,cho thuê,12.0,0,cơ bản,tốt,1800000.0
"195 Châu Văn Liêm, Q3",phòng trọ,cho thuê,15.0,0,đầy đủ,tốt,2200000.0
"58 Công xã Paris, Q6",nhà nguyên căn,bán,39.0,1,đầy đủ,mới,2015300000.0
"41 Pasteur, Q10",nhà nguyên căn,cho thuê,28.0,4,đầy đủ,cũ,9400000.0
"77 Công xã Paris, Q2",chung cư,bán,120.0,12,cơ bản,mới,5337700000.0
"48 Lam Sơn, Q8",phòng trọ,cho thuê,16.0,0,không có,mới,2600000.0
"27 Quách Thị Trang, Q10",phòng trọ,cho thuê,10.0,0,cơ bản,mới,1700000.0
"142 Rừng Sác, Q2",phòng trọ,cho thuê,20.0,0,đầy đủ,cũ,1500000.0
"51 Nguyễn Huệ, Q2",chung cư,cho thuê,124.0,1,cơ bản,mới,22800000.0
"199 Lạc Long Quân, Q2",phòng trọ,cho thuê,13.0,0,đầy đủ,tốt,900000.0
"168 Lũy Bán Bích, Q1",phòng trọ,cho thuê,17.0,0,cơ bản,tốt,2300000.0
"80 Xô Viết Nghệ Tĩnh, Q5",phòng trọ,cho thuê,9.0,0,không có,cũ,1100000.0
"20 Đồng Khởi, Q4",phòng trọ,cho thuê,13.0,0,đầy đủ,tốt,1800000.0
"32 Trần Hưng Đạo, Q8",văn phòng,cho thuê,390.0,7,đầy đủ,cũ,287500000.0
"190 Nguyễn Hữu Cảnh, Q3",phòng trọ,cho thuê,18.0,0,không có,cũ,2100000.0
"186 Âu Cơ, Q8",phòng trọ,cho thuê,10.0,0,đầy đủ,tốt,1100000.0
"82 Rừng Sác, Q1",phòng trọ,cho thuê,10.0,0,không có,cũ,1300000.0
"123 Âu Cơ, Q9",phòng trọ,cho thuê,20.0,0,đầy đủ,mới,2500000.0
"157 Nguyễn Thị Minh Khai, Q3",nhà nguyên căn,cho thuê,32.0,5,cơ bản,mới,30400000.0
"96 Trường Chinh, Q7",chung cư,bán,70.0,14,không có,cũ,4151600000.0
"123 Quốc tế, Q2",nhà nguyên căn,cho thuê,40.0,3,không có,mới,12300000.0
"85 Lê Duẩn, Q9",phòng trọ,cho thuê,15.0,0,đầy đủ,tốt,1300000.0
"46 Lam Sơn, Q3",phòng trọ,cho thuê,10.0,0,cơ bản,tốt,1000000.0
"50 Châu Văn Liêm, Q9",phòng trọ,cho thuê,20.0,0,đầy đủ,tốt,2600000.0
"185 Cách Mạng Tháng Tám, Q5",phòng trọ,cho thuê,10.0,0,cơ bản,cũ,800000.0
"36 Lý Tự Trọng, Q1",phòng trọ,cho thuê,11.0,0,không có,cũ,1600000.0
"8 Dân Chủ, Q3",phòng trọ,cho thuê,10.0,0,không có,cũ,1700000.0
"71 Hai Bà Trưng, Q7",phòng trọ,cho thuê,18.0,0,đầy đủ,tốt,2300000.0
"132 Lê Văn Duyệt, Q7",nhà nguyên căn,cho thuê,28.0,5,đầy đủ,cũ,20700000.0
"96 Tôn Đức Thắng, Q7",phòng trọ,cho thuê,10.0,0,không có,cũ,1200000.0
"61 Nguyễn Hữu Cảnh, Q4",phòng trọ,cho thuê,10.0,0,cơ bản,mới,1700000.0
"191 Dân Chủ, Q9",nhà nguyên căn,bán,28.0,1,cơ bản,mới,1233200000.0
"67 Châu Văn Liêm, Q10",phòng trọ,cho thuê,10.0,0,không có,cũ,1100000.0
"103 Âu Cơ, Q8",chung cư,bán,70.0,10,không có,tốt,2177200000.0
"134 Hải Thượng Lãn Ông, Q5",nhà nguyên căn,cho thuê,35.0,2,không có,mới,5300000.0
"26 Hùng Vương, Q6",nhà nguyên căn,cho thuê,39.0,4,cơ bản,tốt,17800000.0
"173 Lý Thường Kiệt, Q10",nhà nguyên căn,bán,27.0,4,đầy đủ,tốt,4275700000.0
"172 Bùi Viện, Q5",phòng trọ,cho thuê,17.0,0,đầy đủ,cũ,1200000.0
"48 Bùi Viện, Q1",chung cư,cho thuê,65.0,7,cơ bản,tốt,7700000.0
"180 Nguyễn Trãi, Q3",chung cư,bán,84.0,4,không có,cũ,6562600000.0
"106 Âu Cơ, Q9",phòng trọ,cho thuê,20.0,0,cơ bản,cũ,2600000.0
"9 Lũy Bán Bích, Q5",phòng trọ,cho thuê,20.0,0,không có,tốt,2700000.0
"140 Nguyễn Thị Minh Khai, Q3",phòng trọ,cho thuê,9.0,0,không có,tốt,1200000.0
"112 Nguyễn Trãi, Q6",phòng trọ,cho thuê,13.0,0,đầy đủ,cũ,1600000.0
"6 Cách Mạng Tháng Tám, Q4",phòng trọ,cho thuê,20.0,0,đầy đủ,cũ,3100000.0
"59 Lý Tự Trọng, Q3",phòng trọ,cho thuê,20.0,0,cơ bản,tốt,3000000.0
"129 Pasteur, Q10",phòng trọ,cho thuê,18.0,0,không có,tốt,3300000.0
"196 Xô Viết Nghệ Tĩnh, Q3",phòng trọ,cho thuê,9.0,0,cơ bản,cũ,1300000.0
"187 Quách Thị Trang, Q1",nhà nguyên căn,bán,39.0,4,không có,tốt,11363700000.0
"182 Nguyễn Hữu Cảnh, Q3",phòng trọ,cho thuê,16.0,0,đầy đủ,cũ,1300000.0
"45 Mê Linh, Q3",phòng trọ,cho thuê,9.0,0,cơ bản,mới,1100000.0
"186 Trần Hưng Đạo, Q9",phòng trọ,cho thuê,12.0,0,đầy đủ,mới,1700000.0
"164 Võ Nguyên Giáp, Q9",phòng trọ,cho thuê,18.0,0,không có,tốt,1900000.0
"92 CMT8, Q9",nhà nguyên căn,cho thuê,36.0,2,cơ bản,tốt,8700000.0
"17 Châu Văn Liêm, Q2",nhà nguyên căn,cho thuê,31.0,5,không có,mới,21400000.0
"111 Tôn Đức Thắng, Q3",phòng trọ,cho thuê,10.0,0,cơ bản,cũ,600000.0
"117 Rừng Sác, Q7",phòng trọ,cho thuê,17.0,0,không có,cũ,1800000.0
"42 Lý Tự Trọng, Q3",phòng trọ,cho thuê,17.0,0,đầy đủ,mới,2100000.0
"190 Trường Chinh, Q7",phòng trọ,cho thuê,11.0,0,đầy đủ,mới,1800000.0
"136 Rừng Sác, Q1",chung cư,bán,124.0,20,không có,tốt,9468400000.0
"69 Công xã Paris, Q5",phòng trọ,cho thuê,14.0,0,cơ bản,cũ,1900000.0
"148 Nam Kỳ Khởi Nghĩa, Q4",nhà nguyên căn,bán,41.0,4,cơ bản,cũ,7893800000.0
"87 Lam Sơn, Q6",phòng trọ,cho thuê,9.0,0,cơ bản,mới,1600000.0
"100 Nguyễn Thị Minh Khai, Q9",phòng trọ,cho thuê,17.0,0,đầy đủ,tốt,2100000.0
"76 Quách Thị Trang, Q6",phòng trọ,cho thuê,18.0,0,không có,tốt,1200000.0
"13 Nguyễn Huệ, Q3",phòng trọ,cho thuê,13.0,0,cơ bản,tốt,1500000.0
"41 Lam Sơn, Q2",nhà nguyên căn,bán,37.0,1,đầy đủ,tốt,929700000.0
"92 Mê Linh, Q2",nhà nguyên căn,cho thuê,31.0,4,cơ bản,tốt,15900000.0
"189 Phạm Ngũ Lão, Q6",nhà nguyên căn,bán,45.0,1,cơ bản,tốt,1794300000.0
"124 Nguyễn Huệ, Q5",phòng trọ,cho thuê,15.0,0,không có,mới,1900000.0
"67 Bùi Viện, Q8",nhà nguyên căn,bán,37.0,5,không có,mới,6822900000.0
"100 Rừng Sác, Q7",phòng trọ,cho thuê,11.0,0,đầy đủ,cũ,1500000.0
"121 Lê Duẩn, Q3",phòng trọ,cho thuê,12.0,0,đầy đủ,tốt,1300000.0
"72 Võ Nguyên Giáp, Q1",nhà nguyên căn,cho thuê,30.0,5,cơ bản,cũ,23200000.0
"142 Hai Bà Trưng, Q7",phòng trọ,cho thuê,9.0,0,không có,mới,1400000.0
"107 Hàm Nghi, Q4",văn phòng,cho thuê,385.0,16,không có,tốt,430200000.0
"119 Âu Cơ, Q1",phòng trọ,cho thuê,9.0,0,không có,cũ,1100000.0
"133 Mê Linh, Q3",phòng trọ,cho thuê,17.0,0,đầy đủ,mới,2300000.0
"81 Nam Kỳ Khởi Nghĩa, Q8",phòng trọ,cho thuê,14.0,0,cơ bản,cũ,900000.0
"65 Nguyễn Trãi, Q10",nhà nguyên căn,bán,44.0,3,cơ bản,mới,6447000000.0
"52 Công xã Paris, Q5",nhà nguyên căn,bán,44.0,1,đầy đủ,mới,4035500000.0
"62 Mai Chí Thọ, Q1",phòng trọ,cho thuê,11.0,0,cơ bản,tốt,1700000.0
"33 Công xã Paris, Q5",chung cư,cho thuê,65.0,11,không có,tốt,10800000.0
"95 Pasteur, Q10",phòng trọ,cho thuê,10.0,0,đầy đủ,mới,1400000.0
"159 Lý Thường Kiệt, Q7",phòng trọ,cho thuê,12.0,0,không có,tốt,1300000.0
"138 Châu Văn Liêm, Q10",phòng trọ,cho thuê,14.0,0,không có,cũ,2000000.0
"135 Nguyễn Thị Minh Khai, Q2",phòng trọ,cho thuê,20.0,0,không có,tốt,2200000.0
"94 Xô Viết Nghệ Tĩnh, Q7",phòng trọ,cho thuê,11.0,0,không có,mới,1400000.0
"191 Lý Thường Kiệt, Q3",phòng trọ,cho thuê,9.0,0,cơ bản,cũ,600000.0
"151 Nguyễn Huệ, Q4",phòng trọ,cho thuê,10.0,0,cơ bản,cũ,1400000.0
"17 Cách Mạng Tháng Tám, Q10",phòng trọ,cho thuê,10.0,0,không có,cũ,700000.0
"145 Lam Sơn, Q9",phòng trọ,cho thuê,17.0,0,đầy đủ,cũ,2400000.0
"85 Mai Chí Thọ, Q9",phòng trọ,cho thuê,19.0,0,không có,mới,2500000.0
"48 Nguyễn Trãi, Q10",phòng trọ,cho thuê,14.0,0,cơ bản,tốt,1400000.0
"25 Hùng Vương, Q7",phòng trọ,cho thuê,15.0,0,cơ bản,tốt,1800000.0
"127 Âu Cơ, Q8",phòng trọ,cho thuê,18.0,0,không có,cũ,1500000.0
"112 Hàm Nghi, Q3",phòng trọ,cho thuê,20.0,0,đầy đủ,mới,2900000.0
"122 Hùng Vương, Q8",phòng trọ,cho thuê,12.0,0,đầy đủ,cũ,700000.0
"1 Võ Nguyên Giáp, Q7",phòng trọ,cho thuê,14.0,0,cơ bản,mới,1600000.0
"132 Phạm Văn Đồng, Q6",văn phòng,cho thuê,530.0,17,đầy đủ,cũ,363900000.0
"90 Quốc tế, Q4",phòng trọ,cho thuê,14.0,0,đầy đủ,cũ,1200000.0
"144 Rừng Sác, Q2",phòng trọ,cho thuê,10.0,0,cơ bản,tốt,700000.0
"13 Bùi Viện, Q3",phòng trọ,cho thuê,16.0,0,cơ bản,cũ,2000000.0
"87 Lê Duẩn, Q3",nhà nguyên căn,cho thuê,45.0,2,cơ bản,tốt,11100000.0
"88 Lũy Bán Bích, Q6",phòng trọ,cho thuê,18.0,0,không có,tốt,2700000.0
"87 Nguyễn Văn Linh, Q10",phòng trọ,cho thuê,20.0,0,không có,cũ,3000000.0
"91 Nam Kỳ Khởi Nghĩa, Q2",phòng trọ,cho thuê,12.0,0,cơ bản,mới,2000000.0
"73 Hai Bà Trưng, Q7",phòng trọ,cho thuê,15.0,0,không có,tốt,1700000.0
"73 Quốc tế, Q4",phòng trọ,cho thuê,12.0,0,không có,cũ,800000.0
"5 Đồng Khởi, Q4",phòng trọ,cho thuê,19.0,0,đầy đủ,tốt,2000000.0
"76 Lê Lợi, Q9",nhà nguyên căn,cho thuê,34.0,2,cơ bản,tốt,7800000.0
"41 Âu Cơ, Q7",phòng trọ,cho thuê,18.0,0,đầy đủ,cũ,3100000.0
"157 Châu Văn Liêm, Q9",phòng trọ,cho thuê,17.0,0,không có,cũ,800000.0
"152 Nguyễn Hữu Cảnh, Q7",phòng trọ,cho thuê,11.0,0,cơ bản,mới,1700000.0
"10 Võ Nguyên Giáp, Q4",nhà nguyên căn,cho thuê,39.0,5,cơ bản,tốt,18400000.0
"171 Phạm Ngũ Lão, Q9",phòng trọ,cho thuê,18.0,0,cơ bản,cũ,1300000.0
"54 Võ Nguyên Giáp, Q4",phòng trọ,cho thuê,13.0,0,không có,tốt,1100000.0
"158 Mai Chí Thọ, Q8",phòng trọ,cho thuê,14.0,0,không có,cũ,900000.0
"21 CMT8, Q6",phòng trọ,cho thuê,9.0,0,cơ bản,cũ,1000000.0
"5 Mê Linh, Q3",chung cư,bán,124.0,5,cơ bản,mới,9993100000.0
"167 Hùng Vương, Q2",phòng trọ,cho thuê,18.0,0,không có,mới,1700000.0
"120 Công xã Paris, Q1",phòng trọ,cho thuê,13.0,0,cơ bản,tốt,1200000.0
"129 Quách Thị Trang, Q2",phòng trọ,cho thuê,10.0,0,không có,tốt,1300000.0
"191 Cách Mạng Tháng Tám, Q4",phòng trọ,cho thuê,17.0,0,cơ bản,tốt,2200000.0
"50 Trường Chinh, Q1",chung cư,bán,120.0,14,không có,cũ,4312900000.0
"52 Châu Văn Liêm, Q10",phòng trọ,cho thuê,20.0,0,đầy đủ,cũ,2700000.0
"86 Lê Văn Duyệt, Q10",chung cư,bán,120.0,2,cơ bản,tốt,10340000000.0
"23 Nguyễn Trãi, Q10",phòng trọ,cho thuê,20.0,0,cơ bản,tốt,1200000.0
"179 Nguyễn Huệ, Q4",chung cư,bán,124.0,12,đầy đủ,cũ,6328000000.0
"189 Hàm Nghi, Q5",phòng trọ,cho thuê,15.0,0,đầy đủ,mới,2700000.0
"108 Dân Chủ, Q7",phòng trọ,cho thuê,13.0,0,không có,tốt,1000000.0
"133 Hải Thượng Lãn Ông, Q2",phòng trọ,cho thuê,20.0,0,đầy đủ,cũ,1200000.0
"196 Nguyễn Hữu Cảnh, Q4",phòng trọ,cho thuê,12.0,0,cơ bản,mới,1000000.0
"143 Võ Nguyên Giáp, Q7",chung cư,bán,84.0,10,đầy đủ,mới,7733200000.0
"76 Lê Lợi, Q10",phòng trọ,cho thuê,10.0,0,đầy đủ,mới,1800000.0
"57 Nam Kỳ Khởi Nghĩa, Q2",phòng trọ,cho thuê,18.0,0,không có,mới,2300000.0
"150 Nguyễn Huệ, Q10",chung cư,cho thuê,90.0,12,đầy đủ,cũ,14200000.0
"151 Rừng Sác, Q3",phòng trọ,cho thuê,15.0,0,đầy đủ,tốt,1100000.0
"8 Hai Bà Trưng, Q8",phòng trọ,cho thuê,20.0,0,đầy đủ,mới,2400000.0
"15 Nguyễn Huệ, Q3",phòng trọ,cho thuê,12.0,0,cơ bản,tốt,1100000.0
"173 Lê Duẩn, Q6",văn phòng,cho thuê,255.0,20,đầy đủ,tốt,226000000.0
"129 Âu Cơ, Q7",phòng trọ,cho thuê,20.0,0,đầy đủ,mới,2300000.0
"52 Lê Lợi, Q2",chung cư,cho thuê,84.0,14,cơ bản,tốt,5500000.0
"63 Mai Chí Thọ, Q2",phòng trọ,cho thuê,15.0,0,không có,tốt,1400000.0
"62 Nguyễn Thị Minh Khai, Q1",phòng trọ,cho thuê,15.0,0,cơ bản,cũ,1100000.0
"130 Cách Mạng Tháng Tám, Q5",phòng trọ,cho thuê,12.0,0,đầy đủ,tốt,1400000.0
"195 Nam Kỳ Khởi Nghĩa, Q10",nhà nguyên căn,cho thuê,33.0,1,cơ bản,mới,3000000.0
"186 Châu Văn Liêm, Q8",phòng trọ,cho thuê,10.0,0,không có,mới,700000.0
"49 Phạm Ngũ Lão, Q10",phòng trọ,cho thuê,20.0,0,cơ bản,cũ,2000000.0
"124 Lam Sơn, Q1",phòng trọ,cho thuê,9.0,0,đầy đủ,tốt,1200000.0
"200 Trần Hưng Đạo, Q2",phòng trọ,cho thuê,12.0,0,cơ bản,tốt,1400000.0
"131 Âu Cơ, Q1",chung cư,cho thuê,120.0,16,đầy đủ,mới,15100000.0
"124 Lũy Bán Bích, Q6",phòng trọ,cho thuê,18.0,0,cơ bản,tốt,2700000.0
"104 Võ Chí Công, Q1",phòng trọ,cho thuê,14.0,0,cơ bản,cũ,1500000.0
"130 Nguyễn Huệ, Q7",nhà nguyên căn,cho thuê,30.0,1,cơ bản,tốt,3600000.0
"176 Lạc Long Quân, Q5",phòng trọ,cho thuê,11.0,0,đầy đủ,tốt,2200000.0
"158 Xô Viết Nghệ Tĩnh, Q4",phòng trọ,cho thuê,19.0,0,cơ bản,tốt,3000000.0
"140 Châu Văn Liêm, Q10",phòng trọ,cho thuê,16.0,0,cơ bản,tốt,1800000.0
"180 Tôn Đức Thắng, Q8",phòng trọ,cho thuê,17.0,0,không có,tốt,900000.0
"198 Rừng Sác, Q2",phòng trọ,cho thuê,16.0,0,không có,cũ,2200000.0
"150 Lê Duẩn, Q10",chung cư,bán,84.0,11,đầy đủ,mới,3064300000.0
"16 Đồng Khởi, Q10",phòng trọ,cho thuê,18.0,0,cơ bản,mới,2000000.0
"98 Hùng Vương, Q2",phòng trọ,cho thuê,16.0,0,đầy đủ,cũ,1000000.0
"74 Lê Duẩn, Q7",phòng trọ,cho thuê,18.0,0,cơ bản,cũ,2200000.0
"37 Quách Thị Trang, Q4",chung cư,bán,70.0,8,đầy đủ,tốt,2416500000.0
"126 Pasteur, Q8",phòng trọ,cho thuê,16.0,0,đầy đủ,cũ,1100000.0
"129 Bùi Viện, Q10",phòng trọ,cho thuê,16.0,0,không có,mới,1600000.0
"164 Hùng Vương, Q9",văn phòng,cho thuê,445.0,13,cơ bản,cũ,344900000.0
"73 Nguyễn Huệ, Q6",phòng trọ,cho thuê,13.0,0,cơ bản,mới,1700000.0
"184 Hùng Vương, Q7",phòng trọ,cho thuê,13.0,0,đầy đủ,mới,1100000.0
"97 Võ Nguyên Giáp, Q3",nhà nguyên căn,bán,45.0,2,đầy đủ,mới,8167400000.0
"29 Hải Thượng Lãn Ông, Q4",phòng trọ,cho thuê,19.0,0,đầy đủ,mới,3300000.0
"183 Phạm Ngũ Lão, Q8",phòng trọ,cho thuê,10.0,0,không có,cũ,900000.0
"153 Lạc Long Quân, Q8",phòng trọ,cho thuê,19.0,0,đầy đủ,cũ,1000000.0
"85 Nguyễn Thị Minh Khai, Q4",phòng trọ,cho thuê,20.0,0,đầy đủ,cũ,2700000.0
"72 Lam Sơn, Q1",nhà nguyên căn,cho thuê,34.0,1,đầy đủ,tốt,3900000.0
"112 Trường Chinh, Q4",văn phòng,cho thuê,185.0,18,không có,tốt,127100000.0
"80 Pasteur, Q10",phòng trọ,cho thuê,13.0,0,cơ bản,mới,2700000.0
"111 Rừng Sác, Q4",phòng trọ,cho thuê,20.0,0,đầy đủ,mới,3300000.0
"65 Lạc Long Quân, Q10",phòng trọ,cho thuê,11.0,0,cơ bản,mới,1000000.0
"3 Xô Viết Nghệ Tĩnh, Q10",phòng trọ,cho thuê,19.0,0,không có,cũ,2300000.0
"150 Đồng Khởi, Q8",phòng trọ,cho thuê,14.0,0,không có,tốt,800000.0
"186 Phạm Văn Đồng, Q7",phòng trọ,cho thuê,18.0,0,đầy đủ,cũ,2900000.0
"48 Lý Tự Trọng, Q7",phòng trọ,cho thuê,9.0,0,cơ bản,mới,600000.0
"120 Phạm Ngũ Lão, Q4",nhà nguyên căn,cho thuê,34.0,4,không có,cũ,8000000.0
"148 Lý Tự Trọng, Q6",phòng trọ,cho thuê,12.0,0,cơ bản,mới,1800000.0
"8 Võ Chí Công, Q4",văn phòng,cho thuê,505.0,3,cơ bản,mới,825300000.0
"25 Tôn Đức Thắng, Q1",phòng trọ,cho thuê,12.0,0,đầy đủ,cũ,2100000.0
"93 Pasteur, Q1",phòng trọ,cho thuê,19.0,0,cơ bản,tốt,3200000.0
"10 Nguyễn Huệ, Q2",phòng trọ,cho thuê,16.0,0,cơ bản,tốt,2400000.0
"122 Hùng Vương, Q3",phòng trọ,cho thuê,11.0,0,đầy đủ,cũ,1500000.0
"200 Bùi Viện, Q9",phòng trọ,cho thuê,10.0,0,cơ bản,tốt,1500000.0
"89 Trường Chinh, Q4",chung cư,bán,120.0,11,cơ bản,tốt,6446800000.0
"11 Pasteur, Q3",phòng trọ,cho thuê,12.0,0,không có,mới,2500000.0
"177 Lý Tự Trọng, Q10",phòng trọ,cho thuê,11.0,0,không có,mới,1800000.0
"12 Đồng Khởi, Q1",nhà nguyên căn,cho thuê,43.0,3,cơ bản,tốt,23900000.0
"45 Nguyễn Trãi, Q2",phòng trọ,cho thuê,14.0,0,không có,mới,1100000.0
"161 Châu Văn Liêm, Q8",phòng trọ,cho thuê,19.0,0,đầy đủ,tốt,1500000.0
"6 Bùi Viện, Q5",phòng trọ,cho thuê,18.0,0,đầy đủ,tốt,2000000.0
"193 Âu Cơ, Q1",phòng trọ,cho thuê,20.0,0,đầy đủ,mới,4500000.0
"158 Trường Chinh, Q5",nhà nguyên căn,cho thuê,30.0,5,cơ bản,mới,27200000.0
"64 Hùng Vương, Q2",phòng trọ,cho thuê,19.0,0,cơ bản,tốt,2300000.0
"188 Phạm Văn Đồng, Q8",văn phòng,bán,505.0,1,cơ bản,mới,35790200000.0
"51 Võ Chí Công, Q9",phòng trọ,cho thuê,19.0,0,cơ bản,tốt,2200000.0
"43 Lũy Bán Bích, Q9",phòng trọ,cho thuê,15.0,0,cơ bản,mới,2600000.0
"168 Xô Viết Nghệ Tĩnh, Q7",phòng trọ,cho thuê,16.0,0,không có,mới,2300000.0
"27 Lê Lợi, Q4",phòng trọ,cho thuê,13.0,0,không có,tốt,1500000.0
"42 Bùi Viện, Q3",nhà nguyên căn,bán,36.0,2,cơ bản,tốt,6101600000.0
"29 Hải Thượng Lãn Ông, Q10",chung cư,bán,124.0,9,đầy đủ,cũ,3543700000.0
"75 Quốc tế, Q5",phòng trọ,cho thuê,9.0,0,không có,mới,1400000.0
"77 Hai Bà Trưng, Q4",phòng trọ,cho thuê,16.0,0,đầy đủ,mới,2300000.0
"136 Võ Nguyên Giáp, Q7",nhà nguyên căn,bán,43.0,1,đầy đủ,tốt,3159800000.0
"58 Cách Mạng Tháng Tám, Q2",nhà nguyên căn,bán,41.0,1,không có,cũ,1646300000.0
"101 Pasteur, Q8",phòng trọ,cho thuê,20.0,0,cơ bản,tốt,2100000.0
"120 Quốc tế, Q10",phòng trọ,cho thuê,14.0,0,cơ bản,cũ,2500000.0
"59 Hàm Nghi, Q8",phòng trọ,cho thuê,14.0,0,đầy đủ,cũ,900000.0
"145 Lý Thường Kiệt, Q6",chung cư,bán,120.0,7,đầy đủ,tốt,3747100000.0
"34 Mê Linh, Q5",phòng trọ,cho thuê,20.0,0,không có,mới,1400000.0
"30 Quốc tế, Q2",chung cư,bán,120.0,8,cơ bản,mới,4133100000.0
"136 Lý Tự Trọng, Q7",phòng trọ,cho thuê,14.0,0,không có,cũ,1700000.0
"58 Châu Văn Liêm, Q7",chung cư,bán,75.0,14,không có,tốt,5218500000.0
"74 Hàm Nghi, Q4",phòng trọ,cho thuê,19.0,0,không có,tốt,1600000.0
"145 Nguyễn Văn Linh, Q2",phòng trọ,cho thuê,11.0,0,không có,cũ,600000.0
"158 Phạm Ngũ Lão, Q8",phòng trọ,cho thuê,15.0,0,đầy đủ,cũ,1200000.0
"168 Võ Nguyên Giáp, Q3",phòng trọ,cho thuê,11.0,0,đầy đủ,cũ,1400000.0
"166 Lê Văn Duyệt, Q9",phòng trọ,cho thuê,17.0,0,cơ bản,tốt,1700000.0
"14 Lý Tự Trọng, Q7",nhà nguyên căn,cho thuê,35.0,4,cơ bản,cũ,10900000.0
"113 Công xã Paris, Q7",phòng trọ,cho thuê,12.0,0,không có,cũ,1500000.0
"133 Nguyễn Trãi, Q2",phòng trọ,cho thuê,11.0,0,không có,tốt,1400000.0
"87 Âu Cơ, Q4",phòng trọ,cho thuê,11.0,0,cơ bản,cũ,1200000.0
"102 Xô Viết Nghệ Tĩnh, Q3",văn phòng,cho thuê,150.0,11,cơ bản,mới,233900000.0
"183 Lê Văn Duyệt, Q10",phòng trọ,cho thuê,11.0,0,cơ bản,cũ,1700000.0
"10 Hai Bà Trưng, Q8",phòng trọ,cho thuê,17.0,0,cơ bản,mới,2000000.0
"161 Lê Duẩn, Q3",phòng trọ,cho thuê,10.0,0,không có,tốt,800000.0
"191 Quốc tế, Q9",phòng trọ,cho thuê,13.0,0,cơ bản,mới,1400000.0
"133 Phạm Văn Đồng, Q5",nhà nguyên căn,cho thuê,37.0,4,cơ bản,tốt,13700000.0
"58 Châu Văn Liêm, Q7",phòng trọ,cho thuê,11.0,0,không có,mới,1200000.0
"1 Quách Thị Trang, Q7",phòng trọ,cho thuê,14.0,0,không có,mới,1900000.0
"148 Lũy Bán Bích, Q10",phòng trọ,cho thuê,12.0,0,không có,mới,2100000.0
"22 CMT8, Q8",phòng trọ,cho thuê,15.0,0,cơ bản,mới,2100000.0
"108 Lũy Bán Bích, Q6",chung cư,bán,75.0,2,không có,tốt,1844400000.0
"42 Nguyễn Trãi, Q8",chung cư,bán,90.0,1,cơ bản,mới,5936700000.0
"18 Phạm Văn Đồng, Q4",văn phòng,bán,515.0,16,cơ bản,cũ,32511400000.0
"78 Mai Chí Thọ, Q1",văn phòng,cho thuê,540.0,8,không có,tốt,537100000.0
"70 Âu Cơ, Q4",nhà nguyên căn,bán,32.0,4,đầy đủ,cũ,8308000000.0
"21 Lê Lợi, Q9",phòng trọ,cho thuê,19.0,0,đầy đủ,tốt,2400000.0
"138 Lạc Long Quân, Q7",phòng trọ,cho thuê,20.0,0,đầy đủ,mới,3700000.0
"89 Nguyễn Hữu Cảnh, Q1",phòng trọ,cho thuê,13.0,0,không có,tốt,1700000.0
"178 Lê Lợi, Q2",phòng trọ,cho thuê,11.0,0,không có,mới,700000.0
"38 Nguyễn Văn Linh, Q9",chung cư,bán,124.0,10,cơ bản,tốt,3806900000.0
"161 Lạc Long Quân, Q5",phòng trọ,cho thuê,10.0,0,cơ bản,mới,700000.0
"36 Võ Nguyên Giáp, Q1",phòng trọ,cho thuê,16.0,0,không có,cũ,2200000.0
"186 Lạc Long Quân, Q6",phòng trọ,cho thuê,15.0,0,cơ bản,cũ,800000.0
"80 Mai Chí Thọ, Q5",phòng trọ,cho thuê,15.0,0,không có,tốt,1400000.0
"132 Lam Sơn, Q3",phòng trọ,cho thuê,17.0,0,không có,tốt,2100000.0
"39 Rừng Sác, Q8",phòng trọ,cho thuê,14.0,0,cơ bản,cũ,1600000.0
"82 Mê Linh, Q8",phòng trọ,cho thuê,16.0,0,đầy đủ,mới,2700000.0
"78 Phạm Ngũ Lão, Q5",phòng trọ,cho thuê,9.0,0,đầy đủ,cũ,800000.0
"14 Tôn Đức Thắng, Q5",phòng trọ,cho thuê,13.0,0,đầy đủ,mới,2000000.0
"56 Châu Văn Liêm, Q3",phòng trọ,cho thuê,16.0,0,đầy đủ,tốt,2200000.0
"199 Nguyễn Văn Linh, Q2",phòng trọ,cho thuê,20.0,0,cơ bản,mới,3400000.0
"155 Đồng Khởi, Q1",phòng trọ,cho thuê,13.0,0,không có,cũ,1600000.0
"153 Phạm Văn Đồng, Q10",phòng trọ,cho thuê,18.0,0,đầy đủ,tốt,3300000.0
"70 Phạm Ngũ Lão, Q3",phòng trọ,cho thuê,18.0,0,không có,mới,2900000.0
"86 Nguyễn Thị Minh Khai, Q6",phòng trọ,cho thuê,20.0,0,không có,mới,3000000.0
"53 Nguyễn Hữu Cảnh, Q3",nhà nguyên căn,bán,28.0,1,đầy đủ,cũ,1626900000.0
"108 Lê Văn Duyệt, Q2",nhà nguyên căn,bán,30.0,4,đầy đủ,tốt,9843200000.0
"179 Mê Linh, Q10",chung cư,cho thuê,124.0,4,cơ bản,mới,32500000.0
"43 Nam Kỳ Khởi Nghĩa, Q4",phòng trọ,cho thuê,9.0,0,không có,tốt,1100000.0
"132 Công xã Paris, Q7",phòng trọ,cho thuê,19.0,0,đầy đủ,cũ,2100000.0
"152 Nguyễn Trãi, Q2",phòng trọ,cho thuê,10.0,0,đầy đủ,cũ,600000.0
"26 Dân Chủ, Q4",phòng trọ,cho thuê,11.0,0,đầy đủ,cũ,1800000.0
"61 Phạm Ngũ Lão, Q5",nhà nguyên căn,bán,27.0,4,không có,mới,5979600000.0
"93 Cách Mạng Tháng Tám, Q10",phòng trọ,cho thuê,17.0,0,không có,cũ,2900000.0
"167 Dân Chủ, Q4",phòng trọ,cho thuê,11.0,0,cơ bản,cũ,700000.0
"30 Nguyễn Trãi, Q2",phòng trọ,cho thuê,13.0,0,đầy đủ,mới,1500000.0
"144 Lam Sơn, Q2",phòng trọ,cho thuê,13.0,0,đầy đủ,mới,1800000.0
"166 Châu Văn Liêm, Q8",chung cư,bán,65.0,3,cơ bản,cũ,1635600000.0
"116 Tôn Đức Thắng, Q1",nhà nguyên căn,bán,35.0,4,cơ bản,mới,11313300000.0
"106 CMT8, Q5",nhà nguyên căn,cho thuê,41.0,4,cơ bản,tốt,20100000.0
"191 Trần Hưng Đạo, Q2",chung cư,bán,65.0,16,không có,cũ,2095100000.0
"199 Nam Kỳ Khởi Nghĩa, Q3",phòng trọ,cho thuê,12.0,0,không có,mới,1800000.0
"44 Phạm Văn Đồng, Q1",phòng trọ,cho thuê,13.0,0,đầy đủ,cũ,2400000.0
"31 Rừng Sác, Q8",nhà nguyên căn,cho thuê,44.0,5,đầy đủ,cũ,27400000.0
"166 CMT8, Q6",phòng trọ,cho thuê,16.0,0,không có,cũ,1700000.0
"95 Rừng Sác, Q6",phòng trọ,cho thuê,12.0,0,đầy đủ,cũ,800000.0
"92 Lam Sơn, Q4",nhà nguyên căn,bán,39.0,2,cơ bản,mới,1951900000.0
"13 Nguyễn Hữu Cảnh, Q9",phòng trọ,cho thuê,14.0,0,đầy đủ,tốt,2300000.0
"94 Lý Thường Kiệt, Q5",phòng trọ,cho thuê,14.0,0,đầy đủ,cũ,1800000.0
"127 Lam Sơn, Q2",phòng trọ,cho thuê,20.0,0,không có,mới,3300000.0
"170 Xô Viết Nghệ Tĩnh, Q5",phòng trọ,cho thuê,20.0,0,cơ bản,mới,4200000.0
"193 Quách Thị Trang, Q3",phòng trọ,cho thuê,16.0,0,cơ bản,tốt,2500000.0
"19 Trần Hưng Đạo, Q5",nhà nguyên căn,cho thuê,29.0,4,đầy đủ,cũ,14700000.0
"175 Lê Duẩn, Q9",nhà nguyên căn,cho thuê,34.0,5,cơ bản,cũ,17000000.0
"44 Trường Chinh, Q2",phòng trọ,cho thuê,10.0,0,đầy đủ,tốt,1300000.0
"159 Nam Kỳ Khởi Nghĩa, Q9",phòng trọ,cho thuê,19.0,0,cơ bản,tốt,2100000.0
"112 Lý Thường Kiệt, Q3",chung cư,bán,124.0,2,không có,tốt,10260500000.0
"67 Công xã Paris, Q8",phòng trọ,cho thuê,11.0,0,cơ bản,mới,1800000.0
"83 Lê Văn Duyệt, Q7",phòng trọ,cho thuê,13.0,0,không có,mới,1500000.0
"12 Rừng Sác, Q3",phòng trọ,cho thuê,10.0,0,đầy đủ,tốt,2100000.0
"162 Lũy Bán Bích, Q2",phòng trọ,cho thuê,17.0,0,cơ bản,mới,1100000.0
"69 Lạc Long Quân, Q3",phòng trọ,cho thuê,9.0,0,không có,tốt,1200000.0
"168 Lê Văn Duyệt, Q10",phòng trọ,cho thuê,11.0,0,đầy đủ,tốt,1500000.0
"118 Nguyễn Trãi, Q2",phòng trọ,cho thuê,13.0,0,không có,cũ,800000.0
"90 Võ Nguyên Giáp, Q1",nhà nguyên căn,bán,41.0,3,không có,mới,8001600000.0
"188 Nguyễn Trãi, Q4",phòng trọ,cho thuê,20.0,0,không có,mới,2600000.0
"148 Nguyễn Hữu Cảnh, Q5",văn phòng,cho thuê,340.0,9,đầy đủ,tốt,428300000.0
"189 Hùng Vương, Q7",phòng trọ,cho thuê,19.0,0,cơ bản,mới,1900000.0
"62 Mê Linh, Q6",phòng trọ,cho thuê,13.0,0,cơ bản,mới,1800000.0
"124 Pasteur, Q8",chung cư,bán,84.0,8,đầy đủ,tốt,2920200000.0
"110 Lê Lợi, Q7",văn phòng,cho thuê,585.0,17,cơ bản,cũ,304600000.0
"12 Quách Thị Trang, Q3",phòng trọ,cho thuê,15.0,0,không có,cũ,2100000.0
"199 Võ Chí Công, Q6",phòng trọ,cho thuê,11.0,0,đầy đủ,cũ,1300000.0
"112 Cách Mạng Tháng Tám, Q3",phòng trọ,cho thuê,17.0,0,không có,tốt,2200000.0
"177 Lạc Long Quân, Q1",phòng trọ,cho thuê,19.0,0,đầy đủ,cũ,3300000.0
"35 Cách Mạng Tháng Tám, Q2",phòng trọ,cho thuê,16.0,0,không có,mới,1600000.0
"43 Châu Văn Liêm, Q7",nhà nguyên căn,cho thuê,41.0,5,không có,tốt,28100000.0
"120 Mai Chí Thọ, Q4",phòng trọ,cho thuê,13.0,0,không có,tốt,1700000.0
"72 Lạc Long Quân, Q2",phòng trọ,cho thuê,18.0,0,đầy đủ,mới,1800000.0
"198 Phạm Văn Đồng, Q2",chung cư,bán,65.0,17,đầy đủ,mới,1669800000.0
"113 Võ Nguyên Giáp, Q3",phòng trọ,cho thuê,9.0,0,không có,cũ,1000000.0
"52 Lạc Long Quân, Q3",nhà nguyên căn,cho thuê,29.0,4,không có,mới,18600000.0
"115 Phạm Văn Đồng, Q1",phòng trọ,cho thuê,18.0,0,cơ bản,tốt,1800000.0
"85 Lý Thường Kiệt, Q6",phòng trọ,cho thuê,19.0,0,không có,mới,2600000.0
"107 Nguyễn Trãi, Q7",văn phòng,cho thuê,175.0,12,đầy đủ,cũ,245700000.0
"82 Nguyễn Hữu Cảnh, Q7",nhà nguyên căn,cho thuê,34.0,4,cơ bản,tốt,10600000.0
"58 Âu Cơ, Q10",phòng trọ,cho thuê,18.0,0,cơ bản,tốt,3700000.0
"148 Châu Văn Liêm, Q7",phòng trọ,cho thuê,13.0,0,đầy đủ,cũ,1100000.0
"147 Nguyễn Trãi, Q1",phòng trọ,cho thuê,13.0,0,không có,cũ,1200000.0
"136 Nguyễn Hữu Cảnh, Q2",nhà nguyên căn,bán,28.0,2,không có,cũ,1268600000.0
"14 Nguyễn Trãi, Q4",phòng trọ,cho thuê,12.0,0,không có,cũ,1500000.0
"95 Hùng Vương, Q10",phòng trọ,cho thuê,19.0,0,đầy đủ,tốt,3900000.0
"87 Châu Văn Liêm, Q4",nhà nguyên căn,cho thuê,36.0,3,không có,cũ,8700000.0
"78 Lê Duẩn, Q5",phòng trọ,cho thuê,20.0,0,cơ bản,cũ,2600000.0
"41 Nguyễn Văn Linh, Q6",phòng trọ,cho thuê,9.0,0,không có,cũ,600000.0
"156 Pasteur, Q3",phòng trọ,cho thuê,14.0,0,đầy đủ,cũ,1600000.0
"73 Võ Nguyên Giáp, Q9",văn phòng,cho thuê,265.0,10,không có,tốt,221800000.0
"104 Nguyễn Trãi, Q8",phòng trọ,cho thuê,12.0,0,đầy đủ,cũ,1900000.0
"125 Võ Nguyên Giáp, Q2",phòng trọ,cho thuê,9.0,0,đầy đủ,mới,800000.0
"7 Rừng Sác, Q2",phòng trọ,cho thuê,13.0,0,đầy đủ,tốt,1600000.0
"39 Lý Tự Trọng, Q8",phòng trọ,cho thuê,14.0,0,cơ bản,tốt,1500000.0
"141 Trường Chinh, Q4",phòng trọ,cho thuê,13.0,0,cơ bản,tốt,1400000.0
"111 Cách Mạng Tháng Tám, Q9",văn phòng,cho thuê,330.0,6,cơ bản,mới,621400000.0
"187 Lê Văn Duyệt, Q3",phòng trọ,cho thuê,20.0,0,không có,mới,2000000.0
"112 Nguyễn Huệ, Q9",phòng trọ,cho thuê,17.0,0,không có,cũ,1500000.0
"114 Rừng Sác, Q6",phòng trọ,cho thuê,18.0,0,không có,cũ,2000000.0
"109 Nam Kỳ Khởi Nghĩa, Q6",chung cư,bán,75.0,4,cơ bản,cũ,3121700000.0
"78 Cách Mạng Tháng Tám, Q3",phòng trọ,cho thuê,12.0,0,đầy đủ,cũ,1900000.0
"77 Lê Duẩn, Q6",phòng trọ,cho thuê,20.0,0,đầy đủ,mới,3300000.0
"99 Âu Cơ, Q5",phòng trọ,cho thuê,10.0,0,cơ bản,cũ,1600000.0
"59 Âu Cơ, Q7",phòng trọ,cho thuê,13.0,0,đầy đủ,tốt,1900000.0
"45 Hùng Vương, Q2",nhà nguyên căn,bán,45.0,3,không có,mới,6588200000.0
"61 Lê Duẩn, Q5",phòng trọ,cho thuê,19.0,0,không có,mới,1400000.0
"112 Lý Tự Trọng, Q6",phòng trọ,cho thuê,12.0,0,cơ bản,tốt,1800000.0
"7 Nguyễn Huệ, Q10",phòng trọ,cho thuê,11.0,0,cơ bản,tốt,900000.0
"28 Trường Chinh, Q4",phòng trọ,cho thuê,9.0,0,cơ bản,cũ,900000.0
"15 Nguyễn Trãi, Q9",chung cư,bán,65.0,5,đầy đủ,cũ,3200900000.0
"152 Lũy Bán Bích, Q3",phòng trọ,cho thuê,16.0,0,đầy đủ,mới,3500000.0
"196 Hùng Vương, Q6",phòng trọ,cho thuê,19.0,0,cơ bản,mới,1300000.0
"109 Hai Bà Trưng, Q3",phòng trọ,cho thuê,10.0,0,cơ bản,mới,1700000.0
"97 Rừng Sác, Q6",phòng trọ,cho thuê,16.0,0,không có,cũ,2000000.0
"144 Hải Thượng Lãn Ông, Q5",văn phòng,cho thuê,175.0,4,cơ bản,tốt,414100000.0
"35 Võ Nguyên Giáp, Q5",phòng trọ,cho thuê,9.0,0,cơ bản,mới,1900000.0
"152 Nam Kỳ Khởi Nghĩa, Q7",nhà nguyên căn,cho thuê,31.0,4,đầy đủ,mới,17000000.0
"54 Cách Mạng Tháng Tám, Q4",phòng trọ,cho thuê,10.0,0,cơ bản,tốt,700000.0
"97 Nguyễn Văn Linh, Q4",phòng trọ,cho thuê,17.0,0,đầy đủ,cũ,2100000.0
"163 Nam Kỳ Khởi Nghĩa, Q8",phòng trọ,cho thuê,13.0,0,đầy đủ,tốt,1000000.0
"149 Hùng Vương, Q9",phòng trọ,cho thuê,9.0,0,đầy đủ,mới,1200000.0
"101 Tôn Đức Thắng, Q1",nhà nguyên căn,bán,42.0,3,đầy đủ,mới,11139900000.0
"141 Nguyễn Huệ, Q8",phòng trọ,cho thuê,20.0,0,không có,mới,2700000.0
"81 Mê Linh, Q6",phòng trọ,cho thuê,20.0,0,đầy đủ,tốt,2900000.0
"153 Lê Văn Duyệt, Q3",nhà nguyên căn,bán,32.0,5,đầy đủ,cũ,6845500000.0
"100 Võ Nguyên Giáp, Q7",phòng trọ,cho thuê,14.0,0,đầy đủ,tốt,1600000.0
"41 Hai Bà Trưng, Q4",phòng trọ,cho thuê,15.0,0,không có,cũ,1500000.0
"150 Rừng Sác, Q3",văn phòng,cho thuê,550.0,9,đầy đủ,tốt,1062300000.0
"140 Võ Nguyên Giáp, Q5",phòng trọ,cho thuê,17.0,0,không có,mới,2500000.0
"151 Hải Thượng Lãn Ông, Q9",chung cư,bán,84.0,12,không có,mới,2281900000.0
"41 Nguyễn Trãi, Q5",phòng trọ,cho thuê,13.0,0,không có,cũ,1500000.0
"27 Nam Kỳ Khởi Nghĩa, Q6",phòng trọ,cho thuê,15.0,0,đầy đủ,tốt,2700000.0
"198 Mê Linh, Q9",nhà nguyên căn,bán,43.0,5,cơ bản,cũ,4363500000.0
"40 Hải Thượng Lãn Ông, Q1",phòng trọ,cho thuê,18.0,0,cơ bản,mới,3200000.0
"171 Âu Cơ, Q5",phòng trọ,cho thuê,10.0,0,không có,tốt,1400000.0
"67 Công xã Paris, Q3",phòng trọ,cho thuê,12.0,0,không có,mới,1100000.0
"65 Lý Tự Trọng, Q10",phòng trọ,cho thuê,20.0,0,đầy đủ,tốt,3800000.0
"52 Lê Duẩn, Q6",nhà nguyên căn,bán,42.0,3,đầy đủ,tốt,8364200000.0
"69 CMT8, Q3",phòng trọ,cho thuê,11.0,0,không có,cũ,1500000.0
"151 Quốc tế, Q5",nhà nguyên căn,bán,29.0,5,không có,cũ,3988800000.0
"111 Quốc tế, Q7",phòng trọ,cho thuê,10.0,0,cơ bản,mới,700000.0
"20 Mai Chí Thọ, Q10",phòng trọ,cho thuê,10.0,0,không có,tốt,800000.0
"111 Quách Thị Trang, Q10",phòng trọ,cho thuê,16.0,0,cơ bản,tốt,1600000.0
"114 Cách Mạng Tháng Tám, Q3",phòng trọ,cho thuê,13.0,0,đầy đủ,cũ,2200000.0
"138 Lam Sơn, Q5",phòng trọ,cho thuê,17.0,0,không có,tốt,3000000.0
"60 Hàm Nghi, Q6",phòng trọ,cho thuê,12.0,0,không có,tốt,700000.0
"130 Lê Lợi, Q3",phòng trọ,cho thuê,20.0,0,đầy đủ,tốt,4300000.0
"154 Quốc tế, Q2",chung cư,bán,90.0,17,đầy đủ,cũ,3876400000.0
"190 Dân Chủ, Q8",phòng trọ,cho thuê,19.0,0,cơ bản,cũ,2500000.0
"184 CMT8, Q7",phòng trọ,cho thuê,11.0,0,cơ bản,tốt,900000.0
"103 Rừng Sác, Q3",phòng trọ,cho thuê,17.0,0,không có,cũ,2500000.0
"60 Âu Cơ, Q10",phòng trọ,cho thuê,9.0,0,đầy đủ,mới,900000.0
"165 Bùi Viện, Q2",phòng trọ,cho thuê,9.0,0,đầy đủ,mới,1300000.0
"65 Xô Viết Nghệ Tĩnh, Q7",phòng trọ,cho thuê,20.0,0,không có,tốt,2500000.0
"137 Hùng Vương, Q2",chung cư,bán,70.0,11,không có,cũ,4182700000.0
"91 Nguyễn Huệ, Q1",phòng trọ,cho thuê,12.0,0,không có,mới,1000000.0
"14 Lê Duẩn, Q10",văn phòng,cho thuê,395.0,3,cơ bản,tốt,722200000.0
"188 Trường Chinh, Q9",phòng trọ,cho thuê,19.0,0,đầy đủ,tốt,3400000.0
"86 Lê Lợi, Q5",nhà nguyên căn,bán,44.0,4,cơ bản,tốt,5004100000.0
"167 Đồng Khởi, Q7",phòng trọ,cho thuê,13.0,0,không có,mới,1200000.0
"182 Quách Thị Trang, Q9",phòng trọ,cho thuê,20.0,0,đầy đủ,cũ,1200000.0
"80 Lê Duẩn, Q5",nhà nguyên căn,bán,32.0,5,đầy đủ,mới,15699900000.0
"44 Nguyễn Trãi, Q9",phòng trọ,cho thuê,19.0,0,cơ bản,tốt,1400000.0
"175 Nguyễn Thị Minh Khai, Q3",chung cư,cho thuê,75.0,6,đầy đủ,cũ,13500000.0
"198 Võ Chí Công, Q9",chung cư,bán,84.0,15,đầy đủ,mới,3038100000.0
"124 Nguyễn Văn Linh, Q5",phòng trọ,cho thuê,9.0,0,đầy đủ,mới,1900000.0
"183 Phạm Ngũ Lão, Q7",phòng trọ,cho thuê,18.0,0,không có,mới,1900000.0
"187 Nguyễn Văn Linh, Q3",văn phòng,cho thuê,600.0,6,không có,cũ,1082100000.0
"180 Nguyễn Huệ, Q6",phòng trọ,cho thuê,20.0,0,không có,cũ,2500000.0
"145 Hùng Vương, Q1",phòng trọ,cho thuê,19.0,0,đầy đủ,cũ,3300000.0
"13 Đồng Khởi, Q8",phòng trọ,cho thuê,14.0,0,cơ bản,mới,2400000.0
"148 Hai Bà Trưng, Q2",phòng trọ,cho thuê,16.0,0,cơ bản,cũ,2000000.0
"34 Xô Viết Nghệ Tĩnh, Q1",phòng trọ,cho thuê,13.0,0,không có,tốt,1000000.0
"121 Nguyễn Văn Linh, Q1",phòng trọ,cho thuê,11.0,0,cơ bản,mới,1900000.0
"95 Công xã Paris, Q10",nhà nguyên căn,bán,41.0,5,cơ bản,mới,18626600000.0
"171 Trường Chinh, Q9",phòng trọ,cho thuê,14.0,0,không có,cũ,1300000.0
"130 Hai Bà Trưng, Q4",chung cư,bán,65.0,6,đầy đủ,cũ,4082400000.0
"109 Xô Viết Nghệ Tĩnh, Q4",phòng trọ,cho thuê,12.0,0,không có,cũ,1500000.0
"69 Lê Lợi, Q5",nhà nguyên căn,cho thuê,40.0,2,cơ bản,mới,9700000.0
"107 Pasteur, Q5",phòng trọ,cho thuê,13.0,0,không có,mới,1600000.0
"80 Hùng Vương, Q10",phòng trọ,cho thuê,19.0,0,không có,tốt,2800000.0
"75 Nam Kỳ Khởi Nghĩa, Q3",phòng trọ,cho thuê,20.0,0,đầy đủ,cũ,2600000.0
"14 Lạc Long Quân, Q4",phòng trọ,cho thuê,14.0,0,cơ bản,tốt,800000.0
"110 Phạm Văn Đồng, Q2",phòng trọ,cho thuê,10.0,0,cơ bản,tốt,1100000.0
"19 Nguyễn Hữu Cảnh, Q8",nhà nguyên căn,bán,28.0,1,đầy đủ,cũ,726300000.0
"69 Rừng Sác, Q3",phòng trọ,cho thuê,10.0,0,không có,cũ,1000000.0
"29 Cách Mạng Tháng Tám, Q5",phòng trọ,cho thuê,11.0,0,không có,tốt,600000.0
"188 Nam Kỳ Khởi Nghĩa, Q5",phòng trọ,cho thuê,20.0,0,cơ bản,mới,3500000.0
"194 Lê Văn Duyệt, Q4",chung cư,bán,124.0,2,cơ bản,mới,4902500000.0
"17 Xô Viết Nghệ Tĩnh, Q1",phòng trọ,cho thuê,12.0,0,đầy đủ,tốt,2400000.0
"117 CMT8, Q9",nhà nguyên căn,bán,42.0,5,đầy đủ,mới,9900700000.0
"158 Nguyễn Thị Minh Khai, Q7",phòng trọ,cho thuê,19.0,0,không có,tốt,1200000.0
"44 Bùi Viện, Q9",nhà nguyên căn,cho thuê,43.0,3,cơ bản,mới,12100000.0
"17 Lý Thường Kiệt, Q10",phòng trọ,cho thuê,20.0,0,cơ bản,cũ,2800000.0
"166 Bùi Viện, Q4",phòng trọ,cho thuê,12.0,0,cơ bản,cũ,1800000.0
"13 Cách Mạng Tháng Tám, Q2",chung cư,bán,90.0,12,đầy đủ,tốt,4963100000.0
"165 Đồng Khởi, Q3",phòng trọ,cho thuê,16.0,0,đầy đủ,tốt,2600000.0
"18 Nam Kỳ Khởi Nghĩa, Q1",phòng trọ,cho thuê,12.0,0,cơ bản,mới,1000000.0
"104 Lạc Long Quân, Q3",chung cư,cho thuê,65.0,19,cơ bản,cũ,5300000.0
"94 Hai Bà Trưng, Q3",phòng trọ,cho thuê,12.0,0,không có,cũ,1000000.0
"162 Cách Mạng Tháng Tám, Q4",phòng trọ,cho thuê,18.0,0,cơ bản,mới,3300000.0
"179 Lê Duẩn, Q3",phòng trọ,cho thuê,16.0,0,cơ bản,cũ,2400000.0
"131 Lý Thường Kiệt, Q2",phòng trọ,cho thuê,19.0,0,đầy đủ,tốt,2400000.0
"163 Võ Nguyên Giáp, Q4",phòng trọ,cho thuê,9.0,0,đầy đủ,tốt,700000.0
"25 Xô Viết Nghệ Tĩnh, Q8",phòng trọ,cho thuê,10.0,0,đầy đủ,cũ,700000.0
"199 Dân Chủ, Q10",phòng trọ,cho thuê,18.0,0,đầy đủ,cũ,3800000.0
"9 Lạc Long Quân, Q2",phòng trọ,cho thuê,19.0,0,cơ bản,mới,3200000.0
"11 Võ Chí Công, Q8",nhà nguyên căn,cho thuê,41.0,3,cơ bản,mới,13200000.0
"132 Nguyễn Trãi, Q10",nhà nguyên căn,bán,43.0,1,đầy đủ,mới,3778000000.0
"74 Trường Chinh, Q5",phòng trọ,cho thuê,15.0,0,cơ bản,tốt,2300000.0
"17 Võ Chí Công, Q5",phòng trọ,cho thuê,19.0,0,đầy đủ,cũ,2900000.0
"65 Âu Cơ, Q7",chung cư,bán,124.0,13,cơ bản,mới,3603800000.0
"106 Hai Bà Trưng, Q7",chung cư,cho thuê,124.0,9,cơ bản,tốt,16500000.0
"179 Công xã Paris, Q6",nhà nguyên căn,bán,28.0,2,đầy đủ,tốt,4629000000.0
"11 Trần Hưng Đạo, Q7",nhà nguyên căn,bán,39.0,5,cơ bản,tốt,4913700000.0
"1 Trần Hưng Đạo, Q3",nhà nguyên căn,bán,31.0,3,cơ bản,mới,6326500000.0
"199 Tôn Đức Thắng, Q7",phòng trọ,cho thuê,15.0,0,cơ bản,mới,1800000.0
"54 Lũy Bán Bích, Q10",nhà nguyên căn,bán,41.0,2,đầy đủ,cũ,6970000000.0
"151 Hùng Vương, Q10",phòng trọ,cho thuê,15.0,0,đầy đủ,mới,1700000.0
"65 Trần Hưng Đạo, Q2",phòng trọ,cho thuê,10.0,0,cơ bản,mới,1800000.0
"32 Nguyễn Văn Linh, Q3",phòng trọ,cho thuê,20.0,0,cơ bản,cũ,2500000.0
"140 Lam Sơn, Q5",phòng trọ,cho thuê,9.0,0,cơ bản,tốt,600000.0
"127 Nguyễn Văn Linh, Q10",phòng trọ,cho thuê,11.0,0,cơ bản,tốt,1400000.0
"26 Nguyễn Trãi, Q5",phòng trọ,cho thuê,19.0,0,không có,mới,3000000.0
"80 Nguyễn Huệ, Q10",phòng trọ,cho thuê,12.0,0,cơ bản,cũ,1100000.0
"167 Võ Chí Công, Q10",phòng trọ,cho thuê,9.0,0,cơ bản,tốt,1700000.0
"159 Lũy Bán Bích, Q10",phòng trọ,cho thuê,10.0,0,cơ bản,mới,1900000.0
"115 Nguyễn Trãi, Q10",phòng trọ,cho thuê,19.0,0,cơ bản,tốt,1300000.0
"113 Cách Mạng Tháng Tám, Q8",phòng trọ,cho thuê,17.0,0,đầy đủ,mới,3600000.0
"182 Lý Thường Kiệt, Q7",chung cư,cho thuê,75.0,10,không có,tốt,8100000.0
"156 Âu Cơ, Q5",nhà nguyên căn,cho thuê,42.0,4,cơ bản,mới,22200000.0
"160 Lê Lợi, Q6",văn phòng,cho thuê,425.0,12,không có,cũ,574900000.0
"12 Nguyễn Hữu Cảnh, Q2",phòng trọ,cho thuê,18.0,0,không có,tốt,2600000.0
"57 Công xã Paris, Q1",phòng trọ,cho thuê,15.0,0,đầy đủ,tốt,2700000.0
"28 Mê Linh, Q6",chung cư,cho thuê,75.0,1,đầy đủ,mới,12000000.0
"128 Cách Mạng Tháng Tám, Q4",phòng trọ,cho thuê,20.0,0,cơ bản,cũ,2600000.0
"5 Lạc Long Quân, Q10",chung cư,bán,75.0,4,đầy đủ,tốt,5123900000.0
"1 Cách Mạng Tháng Tám, Q3",chung cư,bán,124.0,9,đầy đủ,cũ,8042800000.0
"83 Lê Lợi, Q7",phòng trọ,cho thuê,9.0,0,đầy đủ,tốt,700000.0
"123 Lam Sơn, Q5",phòng trọ,cho thuê,20.0,0,đầy đủ,cũ,3300000.0
"163 Nguyễn Hữu Cảnh, Q6",phòng trọ,cho thuê,17.0,0,không có,tốt,2500000.0
"160 Lê Lợi, Q9",phòng trọ,cho thuê,15.0,0,cơ bản,cũ,1300000.0
"57 Lê Lợi, Q3",chung cư,cho thuê,90.0,17,không có,cũ,9800000.0
"11 Nguyễn Huệ, Q3",nhà nguyên căn,bán,37.0,4,đầy đủ,mới,15514800000.0
"6 Hải Thượng Lãn Ông, Q3",nhà nguyên căn,bán,34.0,3,không có,tốt,5473900000.0
"128 Nguyễn Trãi, Q1",phòng trọ,cho thuê,13.0,0,cơ bản,mới,2000000.0
"84 Hai Bà Trưng, Q1",phòng trọ,cho thuê,11.0,0,không có,tốt,800000.0
"158 Pasteur, Q1",phòng trọ,cho thuê,20.0,0,không có,cũ,3100000.0
"99 Trần Hưng Đạo, Q7",phòng trọ,cho thuê,16.0,0,đầy đủ,tốt,1800000.0
"98 Dân Chủ, Q8",văn phòng,cho thuê,265.0,16,đầy đủ,tốt,414500000.0
"198 Nguyễn Văn Linh, Q9",phòng trọ,cho thuê,18.0,0,cơ bản,mới,2800000.0
"193 Công xã Paris, Q4",phòng trọ,cho thuê,10.0,0,không có,mới,1100000.0
"91 Phạm Ngũ Lão, Q9",phòng trọ,cho thuê,11.0,0,đầy đủ,mới,900000.0
"107 Châu Văn Liêm, Q6",phòng trọ,cho thuê,13.0,0,đầy đủ,mới,1900000.0
"104 Mê Linh, Q2",chung cư,bán,65.0,11,đầy đủ,tốt,4045600000.0
"121 Hải Thượng Lãn Ông, Q7",nhà nguyên căn,bán,41.0,4,không có,cũ,7331800000.0
"44 Châu Văn Liêm, Q1",phòng trọ,cho thuê,10.0,0,cơ bản,mới,1800000.0
"31 Mê Linh, Q2",nhà nguyên căn,bán,43.0,2,đầy đủ,tốt,4912800000.0
"152 Đồng Khởi, Q7",nhà nguyên căn,cho thuê,45.0,3,cơ bản,mới,8300000.0
"110 CMT8, Q7",nhà nguyên căn,bán,38.0,1,cơ bản,mới,2297400000.0
"76 Công xã Paris, Q4",chung cư,bán,65.0,1,đầy đủ,tốt,4764000000.0
"42 Hùng Vương, Q9",phòng trọ,cho thuê,14.0,0,không có,mới,2100000.0
"133 Nguyễn Hữu Cảnh, Q10",phòng trọ,cho thuê,14.0,0,không có,mới,2300000.0
"47 Lê Văn Duyệt, Q6",chung cư,bán,124.0,18,cơ bản,mới,5133300000.0
"76 Mai Chí Thọ, Q9",phòng trọ,cho thuê,16.0,0,cơ bản,mới,1500000.0
"60 Lê Duẩn, Q3",phòng trọ,cho thuê,10.0,0,cơ bản,mới,1000000.0
"60 Phạm Văn Đồng, Q9",phòng trọ,cho thuê,12.0,0,không có,tốt,1200000.0
"5 Quách Thị Trang, Q5",văn phòng,bán,500.0,12,không có,cũ,33300500000.0
"133 Võ Chí Công, Q10",phòng trọ,cho thuê,20.0,0,đầy đủ,cũ,3600000.0
"170 Hùng Vương, Q3",phòng trọ,cho thuê,18.0,0,đầy đủ,cũ,2800000.0
"125 Lũy Bán Bích, Q10",phòng trọ,cho thuê,12.0,0,không có,cũ,900000.0
"90 Châu Văn Liêm, Q6",phòng trọ,cho thuê,11.0,0,không có,cũ,1400000.0
"101 Xô Viết Nghệ Tĩnh, Q3",phòng trọ,cho thuê,16.0,0,đầy đủ,mới,2100000.0
"150 Nam Kỳ Khởi Nghĩa, Q7",nhà nguyên căn,bán,37.0,4,cơ bản,mới,9763900000.0
"44 Phạm Ngũ Lão, Q5",phòng trọ,cho thuê,19.0,0,cơ bản,tốt,2500000.0
"12 Châu Văn Liêm, Q1",chung cư,bán,70.0,16,không có,cũ,1924000000.0
"106 Lạc Long Quân, Q8",nhà nguyên căn,cho thuê,41.0,3,cơ bản,tốt,15900000.0
"99 Nguyễn Huệ, Q3",nhà nguyên căn,cho thuê,31.0,5,đầy đủ,cũ,18500000.0
"159 Lê Văn Duyệt, Q5",phòng trọ,cho thuê,14.0,0,không có,cũ,1200000.0
"79 CMT8, Q1",phòng trọ,cho thuê,16.0,0,cơ bản,tốt,2500000.0
"163 Nguyễn Huệ, Q2",nhà nguyên căn,cho thuê,30.0,3,đầy đủ,tốt,10900000.0
"13 Hùng Vương, Q6",phòng trọ,cho thuê,15.0,0,cơ bản,mới,1800000.0
"116 Nguyễn Hữu Cảnh, Q10",phòng trọ,cho thuê,19.0,0,không có,mới,3300000.0
"185 Hải Thượng Lãn Ông, Q3",chung cư,bán,90.0,9,cơ bản,cũ,6378000000.0
"196 Đồng Khởi, Q4",phòng trọ,cho thuê,19.0,0,cơ bản,tốt,2800000.0
"11 Đồng Khởi, Q5",phòng trọ,cho thuê,11.0,0,cơ bản,tốt,900000.0
"187 Âu Cơ, Q7",phòng trọ,cho thuê,12.0,0,cơ bản,tốt,1200000.0
"43 Lê Duẩn, Q3",phòng trọ,cho thuê,13.0,0,cơ bản,cũ,1600000.0
"136 Quốc tế, Q8",phòng trọ,cho thuê,9.0,0,đầy đủ,mới,1600000.0
"50 Nguyễn Huệ, Q7",phòng trọ,cho thuê,15.0,0,cơ bản,cũ,2000000.0
"89 Pasteur, Q1",phòng trọ,cho thuê,15.0,0,không có,cũ,1900000.0
"132 Châu Văn Liêm, Q1",nhà nguyên căn,bán,40.0,3,đầy đủ,mới,9582100000.0
"15 Lạc Long Quân, Q6",nhà nguyên căn,cho thuê,30.0,4,đầy đủ,mới,12700000.0
"173 Nam Kỳ Khởi Nghĩa, Q5",phòng trọ,cho thuê,12.0,0,không có,tốt,2200000.0
"93 Công xã Paris, Q1",phòng trọ,cho thuê,16.0,0,không có,cũ,900000.0
"183 Xô Viết Nghệ Tĩnh, Q9",phòng trọ,cho thuê,10.0,0,không có,tốt,1200000.0
"188 Quách Thị Trang, Q7",phòng trọ,cho thuê,20.0,0,không có,mới,1800000.0
"116 Dân Chủ, Q7",phòng trọ,cho thuê,9.0,0,không có,cũ,600000.0
"139 Trường Chinh, Q9",phòng trọ,cho thuê,19.0,0,đầy đủ,tốt,3200000.0
"11 Cách Mạng Tháng Tám, Q1",phòng trọ,cho thuê,12.0,0,cơ bản,mới,2700000.0
"11 Lạc Long Quân, Q2",phòng trọ,cho thuê,15.0,0,không có,tốt,1900000.0
"149 Nguyễn Trãi, Q10",văn phòng,cho thuê,385.0,9,đầy đủ,cũ,625400000.0
"129 Võ Chí Công, Q1",nhà nguyên căn,cho thuê,30.0,5,không có,cũ,14300000.0
"65 Trần Hưng Đạo, Q9",văn phòng,cho thuê,455.0,18,không có,cũ,219400000.0
"73 Hai Bà Trưng, Q9",phòng trọ,cho thuê,14.0,0,đầy đủ,mới,2100000.0
"27 CMT8, Q1",phòng trọ,cho thuê,13.0,0,không có,cũ,2000000.0
"60 Lạc Long Quân, Q5",phòng trọ,cho thuê,20.0,0,không có,tốt,2100000.0
"185 Lam Sơn, Q9",chung cư,bán,90.0,9,cơ bản,cũ,3235200000.0
"54 Đồng Khởi, Q6",phòng trọ,cho thuê,16.0,0,cơ bản,tốt,1800000.0
"19 Võ Chí Công, Q5",phòng trọ,cho thuê,17.0,0,đầy đủ,tốt,3400000.0
"110 Nguyễn Thị Minh Khai, Q9",nhà nguyên căn,cho thuê,42.0,2,cơ bản,cũ,11200000.0
"81 Lý Tự Trọng, Q2",phòng trọ,cho thuê,18.0,0,đầy đủ,tốt,2100000.0
"156 Nam Kỳ Khởi Nghĩa, Q5",phòng trọ,cho thuê,10.0,0,cơ bản,mới,1900000.0
"97 Lê Duẩn, Q7",phòng trọ,cho thuê,11.0,0,đầy đủ,cũ,1300000.0
"154 Trần Hưng Đạo, Q7",phòng trọ,cho thuê,18.0,0,đầy đủ,cũ,2600000.0
"3 Lê Duẩn, Q9",phòng trọ,cho thuê,15.0,0,không có,cũ,2100000.0
"116 Lạc Long Quân, Q2",nhà nguyên căn,cho thuê,40.0,5,không có,tốt,28500000.0
"113 Hùng Vương, Q9",phòng trọ,cho thuê,11.0,0,cơ bản,mới,800000.0
"179 Âu Cơ, Q7",phòng trọ,cho thuê,15.0,0,đầy đủ,mới,2100000.0
"171 Quách Thị Trang, Q7",phòng trọ,cho thuê,11.0,0,cơ bản,cũ,1300000.0
"102 Lê Lợi, Q4",chung cư,cho thuê,65.0,13,cơ bản,mới,7600000.0
"172 Lý Tự Trọng, Q5",phòng trọ,cho thuê,18.0,0,cơ bản,mới,3400000.0
"153 Mê Linh, Q7",phòng trọ,cho thuê,10.0,0,đầy đủ,mới,1700000.0
"91 Xô Viết Nghệ Tĩnh, Q1",phòng trọ,cho thuê,14.0,0,đầy đủ,cũ,2400000.0
"139 Lê Lợi, Q1",phòng trọ,cho thuê,18.0,0,không có,tốt,1500000.0
"166 Hàm Nghi, Q4",phòng trọ,cho thuê,11.0,0,đầy đủ,mới,1800000.0
"195 Dân Chủ, Q8",chung cư,cho thuê,75.0,8,không có,cũ,8000000.0
"96 Châu Văn Liêm, Q3",nhà nguyên căn,cho thuê,31.0,4,đầy đủ,tốt,24400000.0
"42 Nguyễn Huệ, Q9",phòng trọ,cho thuê,13.0,0,không có,mới,1300000.0
"149 Hàm Nghi, Q7",phòng trọ,cho thuê,17.0,0,đầy đủ,mới,2600000.0
"193 Lạc Long Quân, Q4",phòng trọ,cho thuê,16.0,0,đầy đủ,tốt,2600000.0
"60 Lê Văn Duyệt, Q8",phòng trọ,cho thuê,14.0,0,cơ bản,cũ,1600000.0
"175 Hải Thượng Lãn Ông, Q7",nhà nguyên căn,cho thuê,40.0,5,không có,mới,24300000.0
"180 Lý Thường Kiệt, Q8",phòng trọ,cho thuê,17.0,0,đầy đủ,mới,1400000.0
"126 Châu Văn Liêm, Q6",phòng trọ,cho thuê,16.0,0,đầy đủ,tốt,1300000.0
"6 Tôn Đức Thắng, Q1",phòng trọ,cho thuê,18.0,0,đầy đủ,cũ,3600000.0
"146 Lê Lợi, Q4",phòng trọ,cho thuê,20.0,0,cơ bản,mới,3600000.0
"60 Nguyễn Huệ, Q1",chung cư,bán,65.0,7,đầy đủ,tốt,5318500000.0
"174 Hùng Vương, Q4",phòng trọ,cho thuê,19.0,0,cơ bản,tốt,2000000.0
"86 Cách Mạng Tháng Tám, Q5",phòng trọ,cho thuê,9.0,0,cơ bản,mới,1500000.0
"175 CMT8, Q8",phòng trọ,cho thuê,13.0,0,không có,tốt,1400000.0
"15 Lũy Bán Bích, Q7",phòng trọ,cho thuê,17.0,0,đầy đủ,tốt,1900000.0
"41 Âu Cơ, Q10",phòng trọ,cho thuê,15.0,0,đầy đủ,cũ,1600000.0
"60 Nguyễn Hữu Cảnh, Q1",phòng trọ,cho thuê,13.0,0,không có,cũ,2100000.0
"133 Lê Văn Duyệt, Q6",phòng trọ,cho thuê,20.0,0,cơ bản,cũ,2700000.0
"132 Hàm Nghi, Q7",phòng trọ,cho thuê,17.0,0,đầy đủ,mới,1500000.0
"72 Xô Viết Nghệ Tĩnh, Q2",chung cư,cho thuê,70.0,12,đầy đủ,tốt,7200000.0
"90 Nguyễn Huệ, Q10",văn phòng,cho thuê,535.0,9,không có,tốt,563100000.0
"119 Rừng Sác, Q4",phòng trọ,cho thuê,14.0,0,không có,tốt,1800000.0
"52 Lũy Bán Bích, Q1",phòng trọ,cho thuê,15.0,0,cơ bản,cũ,1000000.0
"93 Phạm Ngũ Lão, Q9",phòng trọ,cho thuê,13.0,0,cơ bản,tốt,1800000.0
"63 Trường Chinh, Q4",phòng trọ,cho thuê,10.0,0,đầy đủ,cũ,1000000.0
"115 Lạc Long Quân, Q10",nhà nguyên căn,cho thuê,43.0,3,không có,mới,14000000.0
"193 Xô Viết Nghệ Tĩnh, Q7",phòng trọ,cho thuê,12.0,0,không có,tốt,1400000.0
"12 Lý Tự Trọng, Q10",nhà nguyên căn,bán,45.0,5,cơ bản,cũ,18179900000.0
"96 Rừng Sác, Q8",chung cư,bán,75.0,3,cơ bản,mới,6929700000.0
"131 Mai Chí Thọ, Q10",phòng trọ,cho thuê,18.0,0,cơ bản,mới,2700000.0
"188 Lạc Long Quân, Q2",phòng trọ,cho thuê,19.0,0,không có,tốt,1900000.0
"123 CMT8, Q8",phòng trọ,cho thuê,19.0,0,cơ bản,tốt,1000000.0
"135 Nguyễn Hữu Cảnh, Q10",phòng trọ,cho thuê,18.0,0,không có,cũ,1100000.0
"116 Nguyễn Văn Linh, Q7",phòng trọ,cho thuê,13.0,0,đầy đủ,mới,2000000.0
"138 Bùi Viện, Q7",phòng trọ,cho thuê,11.0,0,không có,tốt,1100000.0
"90 Đồng Khởi, Q6",phòng trọ,cho thuê,9.0,0,không có,mới,600000.0
"129 CMT8, Q5",phòng trọ,cho thuê,10.0,0,không có,tốt,1200000.0
"172 Hùng Vương, Q3",nhà nguyên căn,bán,33.0,4,đầy đủ,cũ,7657200000.0
"74 Lê Duẩn, Q9",phòng trọ,cho thuê,20.0,0,cơ bản,tốt,2200000.0
"86 Lý Thường Kiệt, Q1",nhà nguyên căn,bán,45.0,2,cơ bản,tốt,8324300000.0
"12 Tôn Đức Thắng, Q3",phòng trọ,cho thuê,11.0,0,đầy đủ,cũ,2100000.0
"121 CMT8, Q3",phòng trọ,cho thuê,18.0,0,cơ bản,mới,4000000.0
"72 Hùng Vương, Q4",chung cư,bán,70.0,15,cơ bản,tốt,2233900000.0
"101 Nguyễn Huệ, Q3",phòng trọ,cho thuê,12.0,0,không có,cũ,1700000.0
"5 Võ Nguyên Giáp, Q8",phòng trọ,cho thuê,11.0,0,cơ bản,tốt,1300000.0
"193 Lý Tự Trọng, Q3",nhà nguyên căn,cho thuê,40.0,2,cơ bản,cũ,15100000.0
"124 Pasteur, Q3",phòng trọ,cho thuê,14.0,0,không có,mới,1100000.0
"107 Lạc Long Quân, Q3",phòng trọ,cho thuê,10.0,0,đầy đủ,cũ,800000.0
"92 Hai Bà Trưng, Q3",phòng trọ,cho thuê,13.0,0,không có,tốt,1300000.0
"149 Hùng Vương, Q7",văn phòng,cho thuê,290.0,15,cơ bản,cũ,223000000.0
"180 Nam Kỳ Khởi Nghĩa, Q9",chung cư,bán,90.0,15,cơ bản,cũ,3347400000.0
"7 Âu Cơ, Q10",nhà nguyên căn,cho thuê,29.0,2,đầy đủ,cũ,11000000.0
"165 Võ Chí Công, Q4",chung cư,cho thuê,70.0,16,không có,cũ,8100000.0
"171 Lạc Long Quân, Q2",nhà nguyên căn,bán,30.0,1,đầy đủ,cũ,1086200000.0
"118 Nguyễn Hữu Cảnh, Q10",phòng trọ,cho thuê,9.0,0,đầy đủ,tốt,1600000.0
"12 Xô Viết Nghệ Tĩnh, Q7",phòng trọ,cho thuê,18.0,0,cơ bản,tốt,2000000.0
"184 Hùng Vương, Q4",phòng trọ,cho thuê,18.0,0,không có,mới,2600000.0
"86 Mê Linh, Q4",phòng trọ,cho thuê,12.0,0,không có,cũ,1500000.0
"36 Mê Linh, Q8",phòng trọ,cho thuê,18.0,0,đầy đủ,mới,3400000.0
"122 Trần Hưng Đạo, Q2",phòng trọ,cho thuê,14.0,0,không có,tốt,1600000.0
"4 Trần Hưng Đạo, Q6",phòng trọ,cho thuê,16.0,0,cơ bản,cũ,2200000.0
"171 Nguyễn Hữu Cảnh, Q3",phòng trọ,cho thuê,13.0,0,không có,tốt,1800000.0
"176 Hàm Nghi, Q5",phòng trọ,cho thuê,17.0,0,không có,mới,2300000.0
"182 Hai Bà Trưng, Q8",phòng trọ,cho thuê,16.0,0,đầy đủ,cũ,1600000.0
"178 Pasteur, Q7",nhà nguyên căn,cho thuê,30.0,2,đầy đủ,mới,11100000.0
"113 Nguyễn Hữu Cảnh, Q2",nhà nguyên căn,cho thuê,27.0,4,cơ bản,tốt,13300000.0
"104 Bùi Viện, Q7",phòng trọ,cho thuê,15.0,0,cơ bản,tốt,2000000.0
"4 Cách Mạng Tháng Tám, Q7",phòng trọ,cho thuê,18.0,0,không có,tốt,2400000.0
"73 Mai Chí Thọ, Q2",phòng trọ,cho thuê,19.0,0,đầy đủ,cũ,3100000.0
"130 Công xã Paris, Q9",phòng trọ,cho thuê,19.0,0,cơ bản,mới,2000000.0
"138 Lý Tự Trọng, Q8",nhà nguyên căn,bán,34.0,4,đầy đủ,tốt,5298300000.0
"41 Hải Thượng Lãn Ông, Q8",phòng trọ,cho thuê,19.0,0,không có,tốt,1600000.0
"148 Phạm Ngũ Lão, Q9",phòng trọ,cho thuê,9.0,0,đầy đủ,tốt,1400000.0
"38 Dân Chủ, Q6",nhà nguyên căn,cho thuê,40.0,4,cơ bản,tốt,16500000.0
"45 Lê Văn Duyệt, Q2",phòng trọ,cho thuê,18.0,0,không có,cũ,1000000.0
"137 Cách Mạng Tháng Tám, Q1",phòng trọ,cho thuê,15.0,0,đầy đủ,cũ,3000000.0
"79 Trần Hưng Đạo, Q10",phòng trọ,cho thuê,12.0,0,không có,cũ,1700000.0
"31 Lý Tự Trọng, Q4",nhà nguyên căn,cho thuê,35.0,2,cơ bản,tốt,11200000.0
"190 Nguyễn Hữu Cảnh, Q10",nhà nguyên căn,bán,44.0,1,cơ bản,mới,3458500000.0
"43 Xô Viết Nghệ Tĩnh, Q6",phòng trọ,cho thuê,12.0,0,đầy đủ,mới,1000000.0
"25 Võ Chí Công, Q4",phòng trọ,cho thuê,11.0,0,cơ bản,mới,1000000.0
"87 Quốc tế, Q7",chung cư,cho thuê,65.0,10,cơ bản,mới,9500000.0
"113 Công xã Paris, Q9",phòng trọ,cho thuê,13.0,0,không có,cũ,700000.0
"149 Trường Chinh, Q5",chung cư,cho thuê,65.0,9,không có,tốt,6300000.0
"145 Đồng Khởi, Q6",phòng trọ,cho thuê,20.0,0,đầy đủ,mới,2800000.0
"38 CMT8, Q3",chung cư,bán,124.0,13,đầy đủ,mới,13135800000.0
"167 Âu Cơ, Q9",phòng trọ,cho thuê,13.0,0,đầy đủ,tốt,1700000.0
"129 Lê Duẩn, Q9",phòng trọ,cho thuê,11.0,0,không có,mới,1500000.0
"53 Dân Chủ, Q8",phòng trọ,cho thuê,17.0,0,đầy đủ,mới,2300000.0
"137 Võ Chí Công, Q3",phòng trọ,cho thuê,15.0,0,không có,tốt,1900000.0
"117 Nguyễn Hữu Cảnh, Q7",chung cư,cho thuê,70.0,2,đầy đủ,tốt,12900000.0
"38 Công xã Paris, Q1",nhà nguyên căn,cho thuê,35.0,3,cơ bản,cũ,16200000.0
"97 Mai Chí Thọ, Q3",phòng trọ,cho thuê,18.0,0,không có,tốt,3200000.0
"39 Tôn Đức Thắng, Q5",phòng trọ,cho thuê,17.0,0,không có,mới,3300000.0
"20 Nguyễn Trãi, Q9",phòng trọ,cho thuê,12.0,0,cơ bản,cũ,900000.0
"92 Cách Mạng Tháng Tám, Q7",phòng trọ,cho thuê,17.0,0,cơ bản,cũ,1700000.0
"29 Trần Hưng Đạo, Q2",phòng trọ,cho thuê,13.0,0,cơ bản,mới,1000000.0
"197 Bùi Viện, Q5",phòng trọ,cho thuê,9.0,0,không có,tốt,1300000.0
"177 Cách Mạng Tháng Tám, Q10",phòng trọ,cho thuê,11.0,0,đầy đủ,mới,2300000.0
"167 Hàm Nghi, Q6",nhà nguyên căn,cho thuê,29.0,3,không có,cũ,10500000.0
"58 Châu Văn Liêm, Q9",phòng trọ,cho thuê,13.0,0,đầy đủ,cũ,1600000.0
"135 Bùi Viện, Q6",phòng trọ,cho thuê,11.0,0,đầy đủ,tốt,1800000.0
"184 Nguyễn Trãi, Q4",phòng trọ,cho thuê,15.0,0,cơ bản,cũ,800000.0
"157 Công xã Paris, Q7",phòng trọ,cho thuê,16.0,0,đầy đủ,cũ,1200000.0
"11 Lê Văn Duyệt, Q2",nhà nguyên căn,cho thuê,28.0,5,đầy đủ,cũ,12800000.0
"79 Quốc tế, Q4",phòng trọ,cho thuê,13.0,0,không có,tốt,1400000.0
"51 Dân Chủ, Q4",phòng trọ,cho thuê,13.0,0,đầy đủ,tốt,1100000.0
"163 Xô Viết Nghệ Tĩnh, Q2",nhà nguyên căn,bán,29.0,5,cơ bản,cũ,4330600000.0
"45 Trần Hưng Đạo, Q10",phòng trọ,cho thuê,13.0,0,đầy đủ,tốt,1500000.0
"136 Tôn Đức Thắng, Q3",phòng trọ,cho thuê,15.0,0,cơ bản,cũ,2500000.0
"82 CMT8, Q2",phòng trọ,cho thuê,12.0,0,cơ bản,tốt,1700000.0
"73 Rừng Sác, Q1",phòng trọ,cho thuê,15.0,0,đầy đủ,tốt,3200000.0
"58 Âu Cơ, Q9",văn phòng,bán,390.0,11,không có,mới,11951900000.0
"149 Võ Chí Công, Q2",phòng trọ,cho thuê,9.0,0,đầy đủ,tốt,900000.0
"200 Tôn Đức Thắng, Q2",phòng trọ,cho thuê,14.0,0,cơ bản,mới,2100000.0
"32 Lạc Long Quân, Q1",chung cư,cho thuê,120.0,3,không có,tốt,9900000.0
"14 Tôn Đức Thắng, Q3",phòng trọ,cho thuê,14.0,0,cơ bản,mới,2800000.0
"105 Pasteur, Q8",phòng trọ,cho thuê,12.0,0,không có,mới,1200000.0
"195 Mê Linh, Q8",phòng trọ,cho thuê,18.0,0,cơ bản,cũ,2000000.0
"78 Tôn Đức Thắng, Q2",phòng trọ,cho thuê,9.0,0,đầy đủ,cũ,1000000.0
"51 Nam Kỳ Khởi Nghĩa, Q4",phòng trọ,cho thuê,15.0,0,không có,cũ,2000000.0
"150 Mê Linh, Q10",phòng trọ,cho thuê,15.0,0,đầy đủ,cũ,2300000.0
"68 Nguyễn Hữu Cảnh, Q3",phòng trọ,cho thuê,14.0,0,không có,mới,1400000.0
"177 Lý Thường Kiệt, Q6",phòng trọ,cho thuê,10.0,0,cơ bản,mới,1100000.0
"76 Lê Duẩn, Q4",phòng trọ,cho thuê,18.0,0,không có,tốt,1200000.0
"181 CMT8, Q10",chung cư,cho thuê,124.0,12,đầy đủ,tốt,17300000.0
"137 Trường Chinh, Q7",phòng trọ,cho thuê,9.0,0,đầy đủ,cũ,1100000.0
"190 Nguyễn Huệ, Q9",văn phòng,cho thuê,190.0,8,không có,tốt,113000000.0
"42 Xô Viết Nghệ Tĩnh, Q5",chung cư,bán,120.0,10,cơ bản,cũ,6118300000.0
"132 Nguyễn Hữu Cảnh, Q2",phòng trọ,cho thuê,13.0,0,đầy đủ,mới,2100000.0
"101 Nguyễn Văn Linh, Q7",phòng trọ,cho thuê,10.0,0,không có,cũ,1400000.0
"49 Nam Kỳ Khởi Nghĩa, Q5",nhà nguyên căn,bán,42.0,5,không có,mới,12900200000.0
"111 Lý Thường Kiệt, Q3",phòng trọ,cho thuê,13.0,0,cơ bản,tốt,1900000.0
"155 Xô Viết Nghệ Tĩnh, Q7",phòng trọ,cho thuê,20.0,0,không có,tốt,2300000.0
"195 Hai Bà Trưng, Q1",phòng trọ,cho thuê,17.0,0,cơ bản,mới,1600000.0
"157 Võ Nguyên Giáp, Q8",phòng trọ,cho thuê,14.0,0,đầy đủ,tốt,2200000.0
"195 Lý Thường Kiệt, Q6",chung cư,bán,124.0,14,đầy đủ,mới,9969800000.0
"184 Bùi Viện, Q4",phòng trọ,cho thuê,13.0,0,đầy đủ,tốt,800000.0
"141 Võ Chí Công, Q7",phòng trọ,cho thuê,14.0,0,đầy đủ,cũ,1400000.0
"43 Rừng Sác, Q5",nhà nguyên căn,bán,34.0,4,cơ bản,mới,6688800000.0
"110 Dân Chủ, Q2",chung cư,cho thuê,84.0,7,cơ bản,tốt,7600000.0
"9 Lũy Bán Bích, Q3",chung cư,bán,84.0,5,cơ bản,mới,4147600000.0
"115 Rừng Sác, Q9",phòng trọ,cho thuê,18.0,0,đầy đủ,mới,2200000.0
"167 Dân Chủ, Q3",chung cư,bán,120.0,14,cơ bản,tốt,8874000000.0
"45 Hai Bà Trưng, Q7",phòng trọ,cho thuê,16.0,0,không có,tốt,1100000.0
"134 Hùng Vương, Q3",phòng trọ,cho thuê,17.0,0,không có,tốt,1900000.0
"133 Mê Linh, Q10",phòng trọ,cho thuê,18.0,0,không có,mới,3000000.0
"41 Châu Văn Liêm, Q10",phòng trọ,cho thuê,14.0,0,cơ bản,tốt,1100000.0
"115 Lê Lợi, Q1",văn phòng,cho thuê,575.0,16,cơ bản,tốt,587600000.0
"102 Tôn Đức Thắng, Q3",nhà nguyên căn,bán,44.0,4,đầy đủ,mới,6740600000.0
"191 Lý Thường Kiệt, Q10",phòng trọ,cho thuê,20.0,0,cơ bản,mới,2400000.0
"140 Võ Nguyên Giáp, Q8",phòng trọ,cho thuê,17.0,0,không có,mới,2400000.0
"87 Quách Thị Trang, Q5",phòng trọ,cho thuê,20.0,0,không có,cũ,2000000.0
"48 Lam Sơn, Q9",phòng trọ,cho thuê,16.0,0,không có,tốt,800000.0
"33 Lý Tự Trọng, Q3",phòng trọ,cho thuê,15.0,0,cơ bản,mới,2300000.0
"57 Đồng Khởi, Q2",phòng trọ,cho thuê,9.0,0,cơ bản,tốt,1300000.0
"164 Võ Chí Công, Q5",phòng trọ,cho thuê,20.0,0,không có,cũ,2000000.0
"23 Mai Chí Thọ, Q9",nhà nguyên căn,bán,34.0,3,đầy đủ,cũ,5192000000.0
"130 Lý Tự Trọng, Q10",phòng trọ,cho thuê,11.0,0,đầy đủ,cũ,1000000.0
"140 Lý Tự Trọng, Q8",nhà nguyên căn,bán,35.0,5,đầy đủ,mới,13217700000.0
"72 Dân Chủ, Q8",phòng trọ,cho thuê,10.0,0,đầy đủ,tốt,1600000.0
"73 Phạm Ngũ Lão, Q2",phòng trọ,cho thuê,11.0,0,cơ bản,cũ,1300000.0
"138 Quách Thị Trang, Q5",chung cư,bán,120.0,13,không có,tốt,8166600000.0
"18 Lý Tự Trọng, Q8",phòng trọ,cho thuê,20.0,0,cơ bản,tốt,2100000.0
"126 Xô Viết Nghệ Tĩnh, Q8",chung cư,bán,65.0,13,cơ bản,tốt,4347700000.0
"60 Hùng Vương, Q8",phòng trọ,cho thuê,12.0,0,không có,mới,2000000.0
"58 Bùi Viện, Q8",nhà nguyên căn,cho thuê,38.0,4,không có,mới,22100000.0
"43 Quách Thị Trang, Q2",chung cư,bán,124.0,10,không có,mới,5897500000.0
"148 Lạc Long Quân, Q7",phòng trọ,cho thuê,19.0,0,đầy đủ,tốt,1400000.0
"198 Hàm Nghi, Q9",phòng trọ,cho thuê,15.0,0,không có,mới,1300000.0
"134 Nam Kỳ Khởi Nghĩa, Q1",phòng trọ,cho thuê,17.0,0,đầy đủ,cũ,1500000.0
"160 Tôn Đức Thắng, Q6",nhà nguyên căn,cho thuê,27.0,2,đầy đủ,tốt,5000000.0
"62 Nam Kỳ Khởi Nghĩa, Q10",phòng trọ,cho thuê,13.0,0,đầy đủ,tốt,900000.0
"5 CMT8, Q7",phòng trọ,cho thuê,14.0,0,không có,mới,1400000.0
"186 Xô Viết Nghệ Tĩnh, Q6",nhà nguyên căn,bán,45.0,5,đầy đủ,cũ,11727600000.0
"99 Lũy Bán Bích, Q7",phòng trọ,cho thuê,19.0,0,đầy đủ,cũ,3200000.0
"101 Công xã Paris, Q10",chung cư,bán,90.0,14,không có,mới,6645600000.0
"115 Bùi Viện, Q4",phòng trọ,cho thuê,19.0,0,cơ bản,tốt,2000000.0
"186 Âu Cơ, Q10",phòng trọ,cho thuê,13.0,0,cơ bản,tốt,2400000.0
"136 Lam Sơn, Q9",phòng trọ,cho thuê,19.0,0,đầy đủ,tốt,2300000.0
"129 Nguyễn Trãi, Q8",phòng trọ,cho thuê,16.0,0,đầy đủ,cũ,1500000.0
"93 Lý Thường Kiệt, Q6",phòng trọ,cho thuê,14.0,0,đầy đủ,cũ,1200000.0
"97 Phạm Ngũ Lão, Q3",nhà nguyên căn,bán,38.0,2,cơ bản,tốt,2199900000.0
"71 Công xã Paris, Q5",phòng trọ,cho thuê,12.0,0,đầy đủ,cũ,1700000.0
"128 Dân Chủ, Q6",nhà nguyên căn,bán,29.0,2,đầy đủ,cũ,2521300000.0
"11 Âu Cơ, Q3",phòng trọ,cho thuê,11.0,0,không có,tốt,700000.0
"23 Nam Kỳ Khởi Nghĩa, Q6",phòng trọ,cho thuê,19.0,0,không có,mới,1600000.0
"97 Tôn Đức Thắng, Q2",nhà nguyên căn,cho thuê,34.0,1,đầy đủ,cũ,2900000.0
"30 Trần Hưng Đạo, Q9",nhà nguyên căn,bán,33.0,3,không có,cũ,2039100000.0
"116 Hùng Vương, Q6",phòng trọ,cho thuê,11.0,0,đầy đủ,tốt,1400000.0
"6 Hùng Vương, Q3",phòng trọ,cho thuê,17.0,0,đầy đủ,tốt,1400000.0
"61 Mai Chí Thọ, Q8",nhà nguyên căn,cho thuê,43.0,1,đầy đủ,tốt,3700000.0
"108 Hai Bà Trưng, Q6",chung cư,bán,65.0,20,đầy đủ,mới,2582500000.0
"198 Xô Viết Nghệ Tĩnh, Q10",nhà nguyên căn,cho thuê,34.0,4,cơ bản,cũ,12600000.0
"95 Phạm Văn Đồng, Q4",phòng trọ,cho thuê,19.0,0,cơ bản,cũ,1800000.0
"174 Âu Cơ, Q5",văn phòng,cho thuê,255.0,4,đầy đủ,cũ,254700000.0
"165 Xô Viết Nghệ Tĩnh, Q2",phòng trọ,cho thuê,13.0,0,không có,mới,1000000.0
"22 Lê Văn Duyệt, Q7",phòng trọ,cho thuê,13.0,0,cơ bản,mới,1700000.0
"169 Âu Cơ, Q10",nhà nguyên căn,bán,32.0,1,không có,cũ,1945400000.0
"59 Phạm Ngũ Lão, Q8",nhà nguyên căn,bán,41.0,4,cơ bản,mới,12810300000.0
"130 Lý Tự Trọng, Q8",chung cư,bán,75.0,16,đầy đủ,tốt,2239100000.0
"113 Công xã Paris, Q7",chung cư,bán,70.0,2,đầy đủ,tốt,5965800000.0
"188 Trần Hưng Đạo, Q10",phòng trọ,cho thuê,18.0,0,cơ bản,cũ,2300000.0
"45 Tôn Đức Thắng, Q4",phòng trọ,cho thuê,17.0,0,không có,tốt,1900000.0
"76 Lý Thường Kiệt, Q6",phòng trọ,cho thuê,9.0,0,cơ bản,cũ,700000.0
"138 Lý Tự Trọng, Q3",chung cư,cho thuê,84.0,3,cơ bản,mới,16300000.0
"121 Hùng Vương, Q7",phòng trọ,cho thuê,10.0,0,đầy đủ,tốt,800000.0
"155 Trần Hưng Đạo, Q2",phòng trọ,cho thuê,11.0,0,cơ bản,mới,1000000.0
"62 Mai Chí Thọ, Q10",chung cư,bán,70.0,6,không có,mới,4601700000.0
"80 Phạm Ngũ Lão, Q3",phòng trọ,cho thuê,19.0,0,cơ bản,mới,3300000.0
"143 Xô Viết Nghệ Tĩnh, Q2",chung cư,bán,124.0,13,cơ bản,cũ,3951100000.0
"179 Lý Tự Trọng, Q6",nhà nguyên căn,bán,40.0,2,cơ bản,tốt,5672200000.0
"177 Hàm Nghi, Q3",chung cư,bán,65.0,4,đầy đủ,mới,5717700000.0
"183 Quách Thị Trang, Q6",phòng trọ,cho thuê,20.0,0,đầy đủ,cũ,3300000.0
"195 Lê Văn Duyệt, Q3",phòng trọ,cho thuê,9.0,0,không có,cũ,1400000.0
"142 Lê Duẩn, Q2",phòng trọ,cho thuê,9.0,0,cơ bản,cũ,500000.0
"36 Trường Chinh, Q9",phòng trọ,cho thuê,12.0,0,đầy đủ,mới,2000000.0
"84 Lê Văn Duyệt, Q10",phòng trọ,cho thuê,12.0,0,không có,cũ,1900000.0
"13 Nguyễn Thị Minh Khai, Q5",phòng trọ,cho thuê,11.0,0,đầy đủ,mới,2900000.0
"1 Mê Linh, Q6",phòng trọ,cho thuê,18.0,0,cơ bản,tốt,2800000.0
"158 Hùng Vương, Q1",phòng trọ,cho thuê,15.0,0,không có,cũ,1200000.0
"151 Rừng Sác, Q10",phòng trọ,cho thuê,16.0,0,không có,tốt,1000000.0
"61 Cách Mạng Tháng Tám, Q9",chung cư,cho thuê,65.0,10,không có,tốt,5700000.0
"82 Võ Chí Công, Q7",phòng trọ,cho thuê,11.0,0,đầy đủ,mới,1100000.0
"164 Đồng Khởi, Q7",văn phòng,bán,230.0,5,đầy đủ,mới,7901300000.0
"32 Lũy Bán Bích, Q9",phòng trọ,cho thuê,10.0,0,đầy đủ,mới,1000000.0
"16 Lê Văn Duyệt, Q8",phòng trọ,cho thuê,16.0,0,không có,cũ,2200000.0
"61 Lê Duẩn, Q3",phòng trọ,cho thuê,20.0,0,không có,cũ,3300000.0
"135 Lũy Bán Bích, Q7",nhà nguyên căn,cho thuê,28.0,4,đầy đủ,mới,9700000.0
"16 Trường Chinh, Q9",chung cư,bán,124.0,17,đầy đủ,tốt,7202800000.0
"77 Rừng Sác, Q1",chung cư,bán,84.0,3,đầy đủ,tốt,9162500000.0
"19 Trường Chinh, Q9",phòng trọ,cho thuê,13.0,0,cơ bản,tốt,2100000.0
"81 Dân Chủ, Q10",phòng trọ,cho thuê,12.0,0,cơ bản,cũ,2000000.0
"106 Lạc Long Quân, Q7",phòng trọ,cho thuê,15.0,0,đầy đủ,cũ,2100000.0
"102 Lam Sơn, Q4",phòng trọ,cho thuê,11.0,0,đầy đủ,cũ,1500000.0
"64 Lý Thường Kiệt, Q7",phòng trọ,cho thuê,10.0,0,đầy đủ,tốt,900000.0
"125 Lý Thường Kiệt, Q4",phòng trọ,cho thuê,12.0,0,cơ bản,mới,1500000.0
"50 Lê Lợi, Q3",phòng trọ,cho thuê,14.0,0,đầy đủ,tốt,2200000.0
"145 Nguyễn Thị Minh Khai, Q4",phòng trọ,cho thuê,17.0,0,không có,cũ,1300000.0
"142 Công xã Paris, Q5",phòng trọ,cho thuê,9.0,0,không có,tốt,900000.0
"140 Xô Viết Nghệ Tĩnh, Q7",nhà nguyên căn,cho thuê,39.0,3,không có,tốt,9500000.0
"157 Lê Lợi, Q8",nhà nguyên căn,bán,37.0,2,đầy đủ,tốt,3506600000.0
"136 Đồng Khởi, Q3",phòng trọ,cho thuê,13.0,0,đầy đủ,cũ,1300000.0
"50 Lam Sơn, Q3",phòng trọ,cho thuê,17.0,0,không có,mới,2800000.0
"49 Quách Thị Trang, Q7",nhà nguyên căn,bán,31.0,4,đầy đủ,cũ,3803000000.0
"177 Hàm Nghi, Q1",phòng trọ,cho thuê,10.0,0,không có,cũ,1200000.0
"39 Quách Thị Trang, Q3",phòng trọ,cho thuê,16.0,0,cơ bản,tốt,1100000.0
"50 Mê Linh, Q4",phòng trọ,cho thuê,17.0,0,cơ bản,tốt,1000000.0
"10 Lam Sơn, Q1",phòng trọ,cho thuê,17.0,0,không có,tốt,2300000.0
"55 Pasteur, Q9",văn phòng,cho thuê,550.0,18,không có,mới,269600000.0
"144 Âu Cơ, Q10",phòng trọ,cho thuê,11.0,0,cơ bản,tốt,900000.0
"188 Quốc tế, Q10",chung cư,bán,120.0,15,cơ bản,cũ,10106800000.0
"136 Quách Thị Trang, Q10",phòng trọ,cho thuê,20.0,0,cơ bản,tốt,3300000.0
"150 Lê Duẩn, Q3",phòng trọ,cho thuê,20.0,0,đầy đủ,cũ,1500000.0
"77 Nam Kỳ Khởi Nghĩa, Q1",chung cư,bán,70.0,11,đầy đủ,mới,6365300000.0
"51 Hải Thượng Lãn Ông, Q5",phòng trọ,cho thuê,15.0,0,không có,mới,2600000.0
"155 Lê Lợi, Q3",phòng trọ,cho thuê,18.0,0,không có,tốt,3000000.0
"190 Lê Văn Duyệt, Q2",nhà nguyên căn,bán,44.0,1,đầy đủ,mới,1978500000.0
"175 Mai Chí Thọ, Q9",phòng trọ,cho thuê,20.0,0,không có,mới,1400000.0
"121 Nguyễn Văn Linh, Q4",chung cư,bán,70.0,16,cơ bản,tốt,4824900000.0
"140 Hải Thượng Lãn Ông, Q10",nhà nguyên căn,cho thuê,38.0,4,cơ bản,cũ,15500000.0
"28 Bùi Viện, Q6",phòng trọ,cho thuê,10.0,0,không có,cũ,800000.0
"167 Lạc Long Quân, Q5",phòng trọ,cho thuê,9.0,0,không có,tốt,1200000.0
"60 Công xã Paris, Q8",phòng trọ,cho thuê,14.0,0,đầy đủ,cũ,900000.0
"6 Đồng Khởi, Q9",chung cư,cho thuê,120.0,15,cơ bản,tốt,6800000.0
"71 Lê Duẩn, Q4",chung cư,bán,70.0,20,không có,mới,1695700000.0
"158 Nguyễn Huệ, Q1",phòng trọ,cho thuê,14.0,0,không có,cũ,1600000.0
"23 CMT8, Q4",chung cư,cho thuê,75.0,17,cơ bản,tốt,6800000.0
"114 Châu Văn Liêm, Q4",phòng trọ,cho thuê,11.0,0,đầy đủ,tốt,700000.0
"65 Lê Duẩn, Q7",phòng trọ,cho thuê,17.0,0,đầy đủ,mới,1200000.0
"70 Xô Viết Nghệ Tĩnh, Q2",văn phòng,cho thuê,480.0,17,đầy đủ,cũ,301700000.0
"173 Lê Văn Duyệt, Q2",phòng trọ,cho thuê,11.0,0,đầy đủ,tốt,1900000.0
"64 Nguyễn Huệ, Q6",phòng trọ,cho thuê,12.0,0,đầy đủ,tốt,800000.0
"72 Quốc tế, Q4",chung cư,cho thuê,120.0,14,đầy đủ,tốt,16500000.0
"24 Nguyễn Trãi, Q3",nhà nguyên căn,cho thuê,28.0,1,đầy đủ,cũ,2300000.0
"138 Lam Sơn, Q3",phòng trọ,cho thuê,17.0,0,cơ bản,tốt,2300000.0
"194 Lạc Long Quân, Q4",phòng trọ,cho thuê,18.0,0,đầy đủ,tốt,1900000.0
"62 Châu Văn Liêm, Q3",phòng trọ,cho thuê,15.0,0,đầy đủ,tốt,2500000.0
"114 Mê Linh, Q1",phòng trọ,cho thuê,15.0,0,cơ bản,tốt,1000000.0
"8 Phạm Văn Đồng, Q6",phòng trọ,cho thuê,20.0,0,không có,cũ,1000000.0
"174 Võ Nguyên Giáp, Q4",văn phòng,cho thuê,225.0,6,đầy đủ,tốt,277900000.0
"86 Bùi Viện, Q9",phòng trọ,cho thuê,12.0,0,không có,cũ,600000.0
"9 Lam Sơn, Q4",phòng trọ,cho thuê,14.0,0,không có,tốt,1700000.0
"103 Bùi Viện, Q10",phòng trọ,cho thuê,13.0,0,không có,cũ,1200000.0
"60 Nam Kỳ Khởi Nghĩa, Q1",phòng trọ,cho thuê,19.0,0,cơ bản,tốt,2400000.0
"69 Lê Văn Duyệt, Q9",nhà nguyên căn,cho thuê,33.0,5,đầy đủ,cũ,16900000.0
"83 Dân Chủ, Q3",phòng trọ,cho thuê,14.0,0,không có,tốt,2400000.0
"174 Phạm Ngũ Lão, Q9",chung cư,cho thuê,90.0,14,đầy đủ,tốt,16400000.0
"150 Lê Lợi, Q2",phòng trọ,cho thuê,14.0,0,đầy đủ,cũ,2000000.0
"188 Công xã Paris, Q2",chung cư,bán,75.0,20,không có,mới,3192000000.0
"115 Hàm Nghi, Q8",chung cư,bán,90.0,13,cơ bản,cũ,5613800000.0
"69 Nguyễn Trãi, Q10",phòng trọ,cho thuê,15.0,0,đầy đủ,tốt,2200000.0
"185 Quách Thị Trang, Q6",phòng trọ,cho thuê,10.0,0,không có,mới,1100000.0
"158 Mai Chí Thọ, Q10",phòng trọ,cho thuê,20.0,0,không có,mới,2800000.0
"36 Nguyễn Trãi, Q2",nhà nguyên căn,bán,31.0,5,cơ bản,cũ,11072700000.0
"198 Hai Bà Trưng, Q2",phòng trọ,cho thuê,16.0,0,không có,mới,1000000.0
"105 Lạc Long Quân, Q5",chung cư,bán,120.0,1,đầy đủ,cũ,6614100000.0
"16 Nguyễn Trãi, Q3",phòng trọ,cho thuê,18.0,0,cơ bản,mới,2900000.0
"184 CMT8, Q9",phòng trọ,cho thuê,10.0,0,đầy đủ,cũ,900000.0
"113 Trường Chinh, Q6",phòng trọ,cho thuê,9.0,0,không có,tốt,500000.0
"51 Lũy Bán Bích, Q4",phòng trọ,cho thuê,10.0,0,không có,tốt,900000.0
"111 Quốc tế, Q4",phòng trọ,cho thuê,14.0,0,đầy đủ,cũ,1200000.0
"70 Võ Chí Công, Q1",phòng trọ,cho thuê,11.0,0,cơ bản,tốt,2100000.0
"31 Cách Mạng Tháng Tám, Q8",nhà nguyên căn,bán,37.0,3,cơ bản,mới,9023800000.0
"30 Nguyễn Huệ, Q6",phòng trọ,cho thuê,15.0,0,đầy đủ,tốt,1600000.0
"190 Nam Kỳ Khởi Nghĩa, Q8",phòng trọ,cho thuê,9.0,0,cơ bản,cũ,1200000.0
"104 Lam Sơn, Q3",phòng trọ,cho thuê,9.0,0,đầy đủ,cũ,1600000.0
"108 Phạm Văn Đồng, Q9",phòng trọ,cho thuê,20.0,0,đầy đủ,cũ,3200000.0
"120 Mê Linh, Q3",phòng trọ,cho thuê,10.0,0,cơ bản,mới,1000000.0
"38 Lê Văn Duyệt, Q4",chung cư,bán,120.0,8,cơ bản,tốt,9127400000.0
"78 Tôn Đức Thắng, Q10",chung cư,bán,70.0,12,không có,tốt,1760300000.0
"75 Nguyễn Văn Linh, Q2",phòng trọ,cho thuê,19.0,0,cơ bản,tốt,1700000.0
"137 Pasteur, Q4",văn phòng,cho thuê,440.0,4,đầy đủ,cũ,735600000.0
"151 Lê Văn Duyệt, Q2",văn phòng,cho thuê,420.0,2,đầy đủ,tốt,694200000.0
"168 Quách Thị Trang, Q6",phòng trọ,cho thuê,20.0,0,cơ bản,cũ,1100000.0
"176 Hai Bà Trưng, Q8",văn phòng,cho thuê,590.0,3,cơ bản,mới,935300000.0
"177 Dân Chủ, Q5",phòng trọ,cho thuê,16.0,0,đầy đủ,mới,3100000.0
"133 Lam Sơn, Q2",phòng trọ,cho thuê,19.0,0,không có,cũ,900000.0
"69 Lê Văn Duyệt, Q10",phòng trọ,cho thuê,15.0,0,đầy đủ,tốt,2000000.0
"49 Pasteur, Q2",phòng trọ,cho thuê,11.0,0,không có,tốt,1400000.0
"178 Lê Văn Duyệt, Q6",chung cư,cho thuê,120.0,1,không có,mới,14000000.0
"188 Nam Kỳ Khởi Nghĩa, Q3",nhà nguyên căn,cho thuê,32.0,5,cơ bản,mới,19900000.0
"164 Nguyễn Hữu Cảnh, Q7",phòng trọ,cho thuê,20.0,0,không có,cũ,1500000.0
"34 Lạc Long Quân, Q2",phòng trọ,cho thuê,10.0,0,không có,mới,700000.0
"53 Công xã Paris, Q2",phòng trọ,cho thuê,13.0,0,đầy đủ,tốt,1100000.0
"11 Đồng Khởi, Q8",phòng trọ,cho thuê,9.0,0,không có,mới,1000000.0
"63 Nguyễn Trãi, Q2",phòng trọ,cho thuê,14.0,0,đầy đủ,cũ,2000000.0
"186 Trần Hưng Đạo, Q1",phòng trọ,cho thuê,13.0,0,đầy đủ,mới,1700000.0
"92 CMT8, Q1",phòng trọ,cho thuê,12.0,0,đầy đủ,mới,1600000.0
"69 Bùi Viện, Q10",phòng trọ,cho thuê,18.0,0,không có,tốt,2400000.0
"33 Xô Viết Nghệ Tĩnh, Q1",chung cư,bán,120.0,1,cơ bản,tốt,6789300000.0
"125 Lạc Long Quân, Q5",phòng trọ,cho thuê,14.0,0,cơ bản,mới,2500000.0
"144 Công xã Paris, Q5",phòng trọ,cho thuê,18.0,0,không có,mới,1600000.0
"36 Trần Hưng Đạo, Q7",phòng trọ,cho thuê,18.0,0,đầy đủ,mới,1900000.0
"122 Phạm Ngũ Lão, Q7",nhà nguyên căn,bán,42.0,4,không có,mới,6818900000.0
"189 Nguyễn Hữu Cảnh, Q4",phòng trọ,cho thuê,16.0,0,cơ bản,tốt,2200000.0
"183 Phạm Ngũ Lão, Q4",phòng trọ,cho thuê,12.0,0,không có,cũ,1100000.0
"160 Dân Chủ, Q5",phòng trọ,cho thuê,13.0,0,không có,mới,2400000.0
"171 Võ Nguyên Giáp, Q4",phòng trọ,cho thuê,15.0,0,không có,mới,1500000.0
"33 Xô Viết Nghệ Tĩnh, Q8",nhà nguyên căn,cho thuê,32.0,5,không có,mới,16400000.0
"100 Nguyễn Thị Minh Khai, Q1",nhà nguyên căn,cho thuê,38.0,3,không có,tốt,8300000.0
"145 Võ Chí Công, Q5",phòng trọ,cho thuê,18.0,0,không có,cũ,2400000.0
"23 Nguyễn Hữu Cảnh, Q5",phòng trọ,cho thuê,13.0,0,đầy đủ,cũ,2300000.0
"33 Trường Chinh, Q2",phòng trọ,cho thuê,10.0,0,đầy đủ,tốt,700000.0
"152 Lê Văn Duyệt, Q7",chung cư,bán,65.0,3,không có,mới,2687000000.0
"109 Hai Bà Trưng, Q6",phòng trọ,cho thuê,17.0,0,cơ bản,cũ,1600000.0
"108 Lạc Long Quân, Q5",phòng trọ,cho thuê,17.0,0,đầy đủ,cũ,2600000.0
"127 Công xã Paris, Q5",phòng trọ,cho thuê,16.0,0,không có,tốt,1800000.0
"87 Công xã Paris, Q7",phòng trọ,cho thuê,15.0,0,đầy đủ,cũ,1800000.0
"137 Mai Chí Thọ, Q1",phòng trọ,cho thuê,11.0,0,cơ bản,tốt,1800000.0
"30 Bùi Viện, Q6",nhà nguyên căn,cho thuê,42.0,1,không có,mới,5600000.0
"181 Âu Cơ, Q5",phòng trọ,cho thuê,19.0,0,đầy đủ,tốt,2600000.0
"66 Hải Thượng Lãn Ông, Q3",văn phòng,cho thuê,165.0,19,đầy đủ,cũ,162800000.0
"154 Hải Thượng Lãn Ông, Q2",phòng trọ,cho thuê,19.0,0,cơ bản,cũ,2500000.0
"35 Lam Sơn, Q3",nhà nguyên căn,cho thuê,32.0,2,không có,mới,9800000.0
"118 Nguyễn Văn Linh, Q9",phòng trọ,cho thuê,18.0,0,đầy đủ,tốt,1600000.0
"16 Hàm Nghi, Q8",phòng trọ,cho thuê,9.0,0,đầy đủ,tốt,700000.0
"29 Lũy Bán Bích, Q2",phòng trọ,cho thuê,20.0,0,đầy đủ,mới,1700000.0
"71 Tôn Đức Thắng, Q1",phòng trọ,cho thuê,11.0,0,không có,tốt,1700000.0
"50 Nguyễn Văn Linh, Q7",phòng trọ,cho thuê,14.0,0,không có,tốt,800000.0
"135 Nguyễn Văn Linh, Q10",phòng trọ,cho thuê,12.0,0,đầy đủ,mới,1300000.0
"128 Võ Chí Công, Q5",nhà nguyên căn,bán,39.0,1,không có,mới,1774300000.0
"70 Cách Mạng Tháng Tám, Q6",phòng trọ,cho thuê,10.0,0,đầy đủ,mới,1500000.0
"150 Đồng Khởi, Q10",phòng trọ,cho thuê,9.0,0,cơ bản,mới,1600000.0
"119 Võ Nguyên Giáp, Q4",phòng trọ,cho thuê,14.0,0,cơ bản,cũ,1000000.0
"31 Xô Viết Nghệ Tĩnh, Q4",nhà nguyên căn,cho thuê,36.0,4,đầy đủ,cũ,12000000.0
"180 Lũy Bán Bích, Q6",phòng trọ,cho thuê,16.0,0,không có,cũ,2200000.0
"48 Mai Chí Thọ, Q7",phòng trọ,cho thuê,10.0,0,đầy đủ,cũ,1400000.0
"73 Hải Thượng Lãn Ông, Q3",phòng trọ,cho thuê,18.0,0,cơ bản,tốt,2700000.0
"123 Rừng Sác, Q7",phòng trọ,cho thuê,9.0,0,không có,cũ,900000.0
"79 Hai Bà Trưng, Q10",phòng trọ,cho thuê,12.0,0,đầy đủ,cũ,1700000.0
"20 Nguyễn Hữu Cảnh, Q2",nhà nguyên căn,cho thuê,36.0,1,đầy đủ,tốt,4000000.0
"2 Trần Hưng Đạo, Q7",phòng trọ,cho thuê,16.0,0,đầy đủ,tốt,2800000.0
"75 Lạc Long Quân, Q6",chung cư,bán,65.0,6,đầy đủ,cũ,4913600000.0
"85 Mai Chí Thọ, Q1",phòng trọ,cho thuê,14.0,0,đầy đủ,mới,1600000.0
"189 Nam Kỳ Khởi Nghĩa, Q6",văn phòng,cho thuê,120.0,13,không có,mới,132200000.0
"118 Pasteur, Q10",phòng trọ,cho thuê,14.0,0,cơ bản,tốt,2400000.0
"135 Công xã Paris, Q6",nhà nguyên căn,bán,33.0,2,cơ bản,cũ,3520900000.0
"188 Nguyễn Thị Minh Khai, Q1",phòng trọ,cho thuê,12.0,0,không có,cũ,700000.0
"165 Quốc tế, Q4",phòng trọ,cho thuê,18.0,0,không có,cũ,2100000.0
"122 Công xã Paris, Q10",phòng trọ,cho thuê,16.0,0,không có,cũ,2400000.0
"71 Nguyễn Hữu Cảnh, Q7",phòng trọ,cho thuê,16.0,0,không có,cũ,1000000.0
"21 Nguyễn Trãi, Q2",chung cư,bán,84.0,10,đầy đủ,cũ,6221300000.0
"87 Võ Nguyên Giáp, Q8",phòng trọ,cho thuê,9.0,0,đầy đủ,tốt,1500000.0
"67 Hùng Vương, Q9",phòng trọ,cho thuê,10.0,0,không có,cũ,500000.0
"13 Lý Tự Trọng, Q6",phòng trọ,cho thuê,17.0,0,cơ bản,mới,1900000.0
"14 Hàm Nghi, Q4",phòng trọ,cho thuê,19.0,0,đầy đủ,cũ,1400000.0
"111 Võ Chí Công, Q5",phòng trọ,cho thuê,9.0,0,đầy đủ,cũ,1500000.0
"72 Nguyễn Hữu Cảnh, Q2",văn phòng,cho thuê,465.0,19,cơ bản,tốt,321100000.0
"102 Nam Kỳ Khởi Nghĩa, Q3",phòng trọ,cho thuê,9.0,0,không có,cũ,600000.0
"59 Nguyễn Văn Linh, Q4",phòng trọ,cho thuê,14.0,0,cơ bản,mới,1100000.0
"198 Lê Lợi, Q6",phòng trọ,cho thuê,19.0,0,không có,tốt,1300000.0
"9 Dân Chủ, Q10",phòng trọ,cho thuê,13.0,0,cơ bản,mới,1500000.0
"134 Xô Viết Nghệ Tĩnh, Q5",nhà nguyên căn,cho thuê,43.0,5,cơ bản,cũ,17900000.0
"185 Lê Lợi, Q10",phòng trọ,cho thuê,13.0,0,không có,mới,900000.0
"120 Hải Thượng Lãn Ông, Q2",nhà nguyên căn,bán,40.0,3,cơ bản,mới,5739200000.0
"159 Tôn Đức Thắng, Q1",phòng trọ,cho thuê,10.0,0,không có,cũ,1300000.0
"69 Phạm Ngũ Lão, Q5",phòng trọ,cho thuê,13.0,0,cơ bản,mới,2500000.0
"134 Nguyễn Huệ, Q7",phòng trọ,cho thuê,19.0,0,không có,tốt,2700000.0
"198 Phạm Ngũ Lão, Q7",chung cư,cho thuê,65.0,13,cơ bản,mới,8300000.0
"5 Tôn Đức Thắng, Q5",phòng trọ,cho thuê,9.0,0,cơ bản,cũ,1000000.0
"118 Công xã Paris, Q6",phòng trọ,cho thuê,15.0,0,đầy đủ,mới,2600000.0
"144 Châu Văn Liêm, Q10",nhà nguyên căn,bán,27.0,4,cơ bản,tốt,3503500000.0
"185 Nguyễn Thị Minh Khai, Q7",phòng trọ,cho thuê,16.0,0,đầy đủ,tốt,1300000.0
"181 Trường Chinh, Q9",phòng trọ,cho thuê,10.0,0,không có,mới,1200000.0
"158 Phạm Ngũ Lão, Q10",phòng trọ,cho thuê,10.0,0,đầy đủ,tốt,800000.0
"50 Hùng Vương, Q9",phòng trọ,cho thuê,20.0,0,không có,cũ,2700000.0
"30 Lam Sơn, Q2",phòng trọ,cho thuê,15.0,0,cơ bản,tốt,2400000.0
"149 Trần Hưng Đạo, Q7",văn phòng,cho thuê,220.0,9,đầy đủ,cũ,265800000.0
"74 CMT8, Q7",chung cư,cho thuê,75.0,12,cơ bản,mới,11400000.0
"72 Lê Duẩn, Q8",chung cư,bán,65.0,11,cơ bản,cũ,3498800000.0
"36 Đồng Khởi, Q5",phòng trọ,cho thuê,15.0,0,không có,tốt,1600000.0
"136 Nguyễn Huệ, Q10",chung cư,cho thuê,65.0,12,đầy đủ,mới,15500000.0
"90 Mê Linh, Q7",phòng trọ,cho thuê,20.0,0,không có,mới,2700000.0
"176 Lê Lợi, Q9",chung cư,bán,90.0,4,không có,cũ,4175200000.0
"82 Nguyễn Huệ, Q10",chung cư,bán,124.0,7,cơ bản,tốt,5247900000.0
"168 Lê Lợi, Q10",phòng trọ,cho thuê,12.0,0,đầy đủ,cũ,1100000.0
"41 Võ Nguyên Giáp, Q5",nhà nguyên căn,cho thuê,39.0,1,đầy đủ,cũ,6900000.0
"78 Châu Văn Liêm, Q6",văn phòng,cho thuê,150.0,9,không có,mới,109400000.0
"59 Châu Văn Liêm, Q4",phòng trọ,cho thuê,14.0,0,đầy đủ,mới,900000.0
"20 Công xã Paris, Q4",phòng trọ,cho thuê,19.0,0,cơ bản,tốt,1300000.0
"98 Lũy Bán Bích, Q10",phòng trọ,cho thuê,16.0,0,không có,cũ,1700000.0
"134 Lý Thường Kiệt, Q1",phòng trọ,cho thuê,19.0,0,không có,tốt,3200000.0
"174 Tôn Đức Thắng, Q7",chung cư,bán,120.0,20,đầy đủ,cũ,6025300000.0
"156 Quách Thị Trang, Q10",văn phòng,cho thuê,480.0,8,đầy đủ,cũ,783400000.0
"107 Nguyễn Huệ, Q3",phòng trọ,cho thuê,19.0,0,không có,cũ,1400000.0
"155 Hùng Vương, Q9",phòng trọ,cho thuê,18.0,0,cơ bản,mới,2200000.0
"5 Hùng Vương, Q4",phòng trọ,cho thuê,15.0,0,đầy đủ,cũ,2200000.0
"4 Mai Chí Thọ, Q3",văn phòng,cho thuê,200.0,17,đầy đủ,mới,280500000.0
"17 Trường Chinh, Q4",phòng trọ,cho thuê,20.0,0,đầy đủ,mới,3800000.0
"195 Mê Linh, Q7",phòng trọ,cho thuê,9.0,0,đầy đủ,tốt,1400000.0
"58 Hàm Nghi, Q5",phòng trọ,cho thuê,11.0,0,đầy đủ,mới,1200000.0
"22 Lê Lợi, Q7",phòng trọ,cho thuê,19.0,0,cơ bản,tốt,1600000.0
"98 Hai Bà Trưng, Q9",nhà nguyên căn,bán,30.0,3,đầy đủ,cũ,5113900000.0
"49 Phạm Ngũ Lão, Q1",nhà nguyên căn,bán,31.0,1,cơ bản,mới,1679900000.0
"55 Công xã Paris, Q2",phòng trọ,cho thuê,17.0,0,không có,cũ,2300000.0
"135 Dân Chủ, Q2",chung cư,bán,124.0,5,không có,tốt,8695100000.0
"161 Bùi Viện, Q8",phòng trọ,cho thuê,11.0,0,đầy đủ,mới,2200000.0
"129 Trường Chinh, Q3",phòng trọ,cho thuê,14.0,0,cơ bản,cũ,1700000.0
"121 Pasteur, Q4",phòng trọ,cho thuê,18.0,0,đầy đủ,tốt,1200000.0
"63 Hùng Vương, Q6",nhà nguyên căn,bán,28.0,2,đầy đủ,tốt,2612700000.0
"50 Hùng Vương, Q10",phòng trọ,cho thuê,12.0,0,cơ bản,cũ,1000000.0
"71 Âu Cơ, Q5",phòng trọ,cho thuê,11.0,0,cơ bản,tốt,900000.0
"126 Hùng Vương, Q3",phòng trọ,cho thuê,20.0,0,đầy đủ,tốt,4100000.0
"9 Mê Linh, Q6",phòng trọ,cho thuê,20.0,0,không có,tốt,3000000.0
"104 Châu Văn Liêm, Q7",văn phòng,cho thuê,400.0,9,không có,mới,553900000.0
"97 Mai Chí Thọ, Q4",văn phòng,cho thuê,360.0,8,cơ bản,tốt,492400000.0
"40 Hùng Vương, Q2",chung cư,bán,70.0,12,không có,cũ,1453600000.0
"36 Võ Chí Công, Q3",phòng trọ,cho thuê,18.0,0,đầy đủ,mới,1700000.0
"141 Dân Chủ, Q4",phòng trọ,cho thuê,19.0,0,không có,cũ,2400000.0
"44 CMT8, Q6",nhà nguyên căn,bán,34.0,1,không có,tốt,1384800000.0
"39 Trường Chinh, Q6",phòng trọ,cho thuê,17.0,0,đầy đủ,cũ,2200000.0
"69 Nguyễn Văn Linh, Q7",phòng trọ,cho thuê,13.0,0,không có,tốt,800000.0
"72 Nguyễn Hữu Cảnh, Q10",nhà nguyên căn,bán,31.0,3,không có,tốt,3700200000.0
"86 Nguyễn Văn Linh, Q1",văn phòng,cho thuê,215.0,15,cơ bản,cũ,323000000.0
"163 Châu Văn Liêm, Q3",phòng trọ,cho thuê,12.0,0,đầy đủ,cũ,1600000.0
"9 Phạm Văn Đồng, Q7",phòng trọ,cho thuê,9.0,0,đầy đủ,mới,1000000.0
"66 Bùi Viện, Q2",nhà nguyên căn,bán,33.0,2,đầy đủ,tốt,5751900000.0
"19 Nguyễn Văn Linh, Q9",văn phòng,cho thuê,170.0,9,cơ bản,mới,315200000.0
"154 Nguyễn Trãi, Q2",phòng trọ,cho thuê,12.0,0,không có,cũ,1500000.0
"156 Hải Thượng Lãn Ông, Q2",phòng trọ,cho thuê,19.0,0,không có,mới,3200000.0
"143 Âu Cơ, Q7",phòng trọ,cho thuê,16.0,0,đầy đủ,mới,1300000.0
"127 Lê Văn Duyệt, Q8",phòng trọ,cho thuê,16.0,0,không có,mới,1000000.0
"28 Nam Kỳ Khởi Nghĩa, Q9",phòng trọ,cho thuê,12.0,0,đầy đủ,cũ,1800000.0
"171 Lam Sơn, Q4",phòng trọ,cho thuê,11.0,0,không có,tốt,1400000.0
"174 Hàm Nghi, Q4",nhà nguyên căn,bán,38.0,4,không có,tốt,6388800000.0
"57 Lê Duẩn, Q10",chung cư,cho thuê,124.0,6,không có,cũ,8800000.0
"112 Võ Nguyên Giáp, Q5",phòng trọ,cho thuê,20.0,0,đầy đủ,tốt,2100000.0
"108 Âu Cơ, Q10",phòng trọ,cho thuê,10.0,0,cơ bản,cũ,700000.0
"103 Cách Mạng Tháng Tám, Q3",phòng trọ,cho thuê,11.0,0,cơ bản,cũ,1200000.0
"28 Nam Kỳ Khởi Nghĩa, Q4",phòng trọ,cho thuê,18.0,0,cơ bản,tốt,1600000.0
"73 Hai Bà Trưng, Q1",chung cư,bán,65.0,11,cơ bản,tốt,3774300000.0
"127 Nguyễn Hữu Cảnh, Q1",phòng trọ,cho thuê,12.0,0,không có,mới,2200000.0
"169 Lũy Bán Bích, Q10",phòng trọ,cho thuê,20.0,0,cơ bản,tốt,2800000.0
"104 Đồng Khởi, Q1",phòng trọ,cho thuê,19.0,0,đầy đủ,mới,1900000.0
"49 Bùi Viện, Q2",phòng trọ,cho thuê,9.0,0,đầy đủ,tốt,700000.0
"184 Lý Tự Trọng, Q9",phòng trọ,cho thuê,14.0,0,không có,cũ,1400000.0
"19 Cách Mạng Tháng Tám, Q1",chung cư,bán,90.0,14,không có,mới,5925800000.0
"188 Quách Thị Trang, Q9",phòng trọ,cho thuê,10.0,0,cơ bản,cũ,800000.0
"22 Nguyễn Hữu Cảnh, Q2",phòng trọ,cho thuê,17.0,0,đầy đủ,mới,2400000.0
"32 Âu Cơ, Q9",phòng trọ,cho thuê,16.0,0,đầy đủ,tốt,2700000.0
"11 Nam Kỳ Khởi Nghĩa, Q9",phòng trọ,cho thuê,17.0,0,cơ bản,cũ,1900000.0
"91 Mê Linh, Q10",chung cư,bán,90.0,12,đầy đủ,mới,7484700000.0
"84 Công xã Paris, Q9",phòng trọ,cho thuê,12.0,0,đầy đủ,mới,1900000.0
"122 Xô Viết Nghệ Tĩnh, Q9",nhà nguyên căn,cho thuê,33.0,1,cơ bản,mới,2000000.0
"26 Hải Thượng Lãn Ông, Q7",phòng trọ,cho thuê,14.0,0,không có,tốt,1300000.0
"68 Nguyễn Thị Minh Khai, Q1",phòng trọ,cho thuê,10.0,0,đầy đủ,cũ,1500000.0
"55 Đồng Khởi, Q5",phòng trọ,cho thuê,18.0,0,không có,mới,2700000.0
"83 Quách Thị Trang, Q10",phòng trọ,cho thuê,16.0,0,cơ bản,mới,2900000.0
"195 Quốc tế, Q7",chung cư,bán,90.0,19,không có,cũ,2367500000.0
"165 Lũy Bán Bích, Q6",nhà nguyên căn,cho thuê,40.0,4,cơ bản,mới,18800000.0
"13 Võ Nguyên Giáp, Q2",nhà nguyên căn,bán,32.0,1,đầy đủ,tốt,2328700000.0
"41 Bùi Viện, Q7",phòng trọ,cho thuê,13.0,0,không có,tốt,800000.0
"153 Lý Thường Kiệt, Q1",phòng trọ,cho thuê,20.0,0,không có,mới,2500000.0
"192 Hải Thượng Lãn Ông, Q4",phòng trọ,cho thuê,18.0,0,đầy đủ,tốt,1700000.0
"78 Mê Linh, Q1",phòng trọ,cho thuê,20.0,0,không có,tốt,3100000.0
"44 Nguyễn Văn Linh, Q4",phòng trọ,cho thuê,11.0,0,đầy đủ,tốt,700000.0
"99 Dân Chủ, Q4",phòng trọ,cho thuê,12.0,0,cơ bản,mới,2100000.0
"118 Rừng Sác, Q5",văn phòng,cho thuê,360.0,4,không có,tốt,460700000.0
"49 Dân Chủ, Q8",phòng trọ,cho thuê,12.0,0,cơ bản,tốt,700000.0
"69 Hùng Vương, Q10",phòng trọ,cho thuê,10.0,0,cơ bản,tốt,1500000.0
"157 Mai Chí Thọ, Q7",phòng trọ,cho thuê,20.0,0,cơ bản,mới,2700000.0
"43 Lũy Bán Bích, Q1",phòng trọ,cho thuê,14.0,0,không có,mới,1500000.0
"133 Cách Mạng Tháng Tám, Q2",phòng trọ,cho thuê,19.0,0,cơ bản,tốt,1400000.0
"156 Nguyễn Văn Linh, Q3",phòng trọ,cho thuê,14.0,0,đầy đủ,tốt,2700000.0
"155 Võ Nguyên Giáp, Q4",chung cư,bán,120.0,20,đầy đủ,cũ,5083000000.0
"34 Pasteur, Q4",chung cư,cho thuê,75.0,17,đầy đủ,tốt,9200000.0
"144 Tôn Đức Thắng, Q1",phòng trọ,cho thuê,10.0,0,cơ bản,cũ,1600000.0
"63 Phạm Ngũ Lão, Q4",chung cư,cho thuê,75.0,17,đầy đủ,cũ,5700000.0
"196 Nguyễn Thị Minh Khai, Q3",phòng trọ,cho thuê,10.0,0,cơ bản,mới,1000000.0
"33 Mai Chí Thọ, Q5",phòng trọ,cho thuê,18.0,0,đầy đủ,tốt,2600000.0
"114 Hải Thượng Lãn Ông, Q7",nhà nguyên căn,bán,36.0,3,đầy đủ,cũ,5058800000.0
"195 Phạm Ngũ Lão, Q5",phòng trọ,cho thuê,9.0,0,không có,mới,1200000.0
"115 Lý Tự Trọng, Q9",phòng trọ,cho thuê,10.0,0,cơ bản,cũ,1100000.0
"197 Mê Linh, Q7",phòng trọ,cho thuê,13.0,0,không có,mới,1800000.0
"39 Quốc tế, Q3",phòng trọ,cho thuê,20.0,0,không có,cũ,2200000.0
"181 Võ Chí Công, Q8",phòng trọ,cho thuê,13.0,0,đầy đủ,cũ,900000.0
"79 Pasteur, Q5",phòng trọ,cho thuê,10.0,0,cơ bản,tốt,1400000.0
"139 Nguyễn Văn Linh, Q3",nhà nguyên căn,bán,30.0,1,đầy đủ,tốt,2743600000.0
"189 Quách Thị Trang, Q2",phòng trọ,cho thuê,12.0,0,cơ bản,tốt,800000.0
"161 Bùi Viện, Q3",phòng trọ,cho thuê,13.0,0,cơ bản,mới,2700000.0
"81 Cách Mạng Tháng Tám, Q2",phòng trọ,cho thuê,12.0,0,cơ bản,cũ,1300000.0
"102 Lý Thường Kiệt, Q8",phòng trọ,cho thuê,9.0,0,đầy đủ,cũ,1000000.0
"115 Võ Nguyên Giáp, Q10",phòng trọ,cho thuê,12.0,0,cơ bản,cũ,1500000.0
"178 Hàm Nghi, Q8",phòng trọ,cho thuê,16.0,0,cơ bản,mới,2500000.0
"70 Âu Cơ, Q1",nhà nguyên căn,bán,37.0,5,không có,tốt,5465100000.0
"123 Hải Thượng Lãn Ông, Q4",phòng trọ,cho thuê,15.0,0,cơ bản,cũ,2100000.0
"139 Đồng Khởi, Q8",phòng trọ,cho thuê,10.0,0,cơ bản,cũ,1000000.0
"88 Nguyễn Văn Linh, Q5",phòng trọ,cho thuê,9.0,0,không có,tốt,1500000.0
"100 Lý Thường Kiệt, Q3",phòng trọ,cho thuê,19.0,0,không có,tốt,3100000.0
"30 Dân Chủ, Q4",phòng trọ,cho thuê,10.0,0,cơ bản,tốt,600000.0
"186 Hùng Vương, Q8",phòng trọ,cho thuê,14.0,0,không có,cũ,700000.0
"168 Lê Duẩn, Q4",phòng trọ,cho thuê,17.0,0,cơ bản,mới,1600000.0
"59 Pasteur, Q1",phòng trọ,cho thuê,16.0,0,cơ bản,cũ,2100000.0
"60 CMT8, Q3",phòng trọ,cho thuê,20.0,0,đầy đủ,cũ,2600000.0
"15 Tôn Đức Thắng, Q2",phòng trọ,cho thuê,10.0,0,đầy đủ,cũ,1600000.0
"103 Lũy Bán Bích, Q4",phòng trọ,cho thuê,16.0,0,đầy đủ,tốt,2800000.0
"106 Hải Thượng Lãn Ông, Q4",phòng trọ,cho thuê,11.0,0,không có,cũ,1300000.0
"52 Nguyễn Huệ, Q9",phòng trọ,cho thuê,10.0,0,không có,cũ,700000.0
"97 Trường Chinh, Q3",nhà nguyên căn,bán,43.0,1,đầy đủ,tốt,1778400000.0
"33 Công xã Paris, Q10",phòng trọ,cho thuê,16.0,0,cơ bản,cũ,2200000.0
"104 Lê Văn Duyệt, Q7",phòng trọ,cho thuê,16.0,0,đầy đủ,cũ,2500000.0
"129 Lam Sơn, Q5",phòng trọ,cho thuê,14.0,0,không có,tốt,2000000.0
"12 Xô Viết Nghệ Tĩnh, Q4",phòng trọ,cho thuê,13.0,0,đầy đủ,mới,1900000.0
"189 Âu Cơ, Q4",phòng trọ,cho thuê,10.0,0,đầy đủ,tốt,1600000.0
"188 Hàm Nghi, Q2",phòng trọ,cho thuê,9.0,0,đầy đủ,tốt,1200000.0
"107 Lê Duẩn, Q5",nhà nguyên căn,cho thuê,28.0,1,đầy đủ,tốt,5400000.0
"182 Đồng Khởi, Q10",phòng trọ,cho thuê,20.0,0,đầy đủ,cũ,3400000.0
"4 Cách Mạng Tháng Tám, Q9",phòng trọ,cho thuê,19.0,0,không có,cũ,1900000.0
"183 Nguyễn Thị Minh Khai, Q7",phòng trọ,cho thuê,17.0,0,đầy đủ,mới,1500000.0
"187 Hàm Nghi, Q9",phòng trọ,cho thuê,17.0,0,không có,mới,2400000.0
"78 Hai Bà Trưng, Q2",phòng trọ,cho thuê,17.0,0,không có,cũ,2300000.0
"43 Bùi Viện, Q7",phòng trọ,cho thuê,14.0,0,cơ bản,tốt,1200000.0
"131 Nguyễn Trãi, Q7",phòng trọ,cho thuê,14.0,0,cơ bản,tốt,1600000.0
"171 Hàm Nghi, Q2",phòng trọ,cho thuê,15.0,0,không có,mới,1800000.0
"34 Lý Tự Trọng, Q2",phòng trọ,cho thuê,20.0,0,cơ bản,mới,2300000.0
"158 Quách Thị Trang, Q8",phòng trọ,cho thuê,17.0,0,cơ bản,cũ,2200000.0
"15 Lam Sơn, Q6",phòng trọ,cho thuê,17.0,0,cơ bản,mới,2800000.0
"29 Công xã Paris, Q1",phòng trọ,cho thuê,16.0,0,đầy đủ,tốt,1900000.0
"105 Nguyễn Hữu Cảnh, Q9",phòng trọ,cho thuê,12.0,0,cơ bản,cũ,1400000.0
"134 Hùng Vương, Q6",chung cư,bán,120.0,1,không có,mới,5683400000.0
"71 Rừng Sác, Q6",chung cư,bán,120.0,15,không có,cũ,2685700000.0
"146 Lý Thường Kiệt, Q7",phòng trọ,cho thuê,13.0,0,không có,cũ,1400000.0
"157 Nguyễn Hữu Cảnh, Q2",phòng trọ,cho thuê,16.0,0,không có,mới,2100000.0
"168 Quốc tế, Q6",phòng trọ,cho thuê,10.0,0,đầy đủ,mới,1800000.0
"199 Võ Nguyên Giáp, Q1",phòng trọ,cho thuê,11.0,0,cơ bản,cũ,1300000.0
"125 Lý Tự Trọng, Q5",phòng trọ,cho thuê,14.0,0,cơ bản,mới,3000000.0
"147 Phạm Văn Đồng, Q6",phòng trọ,cho thuê,18.0,0,cơ bản,cũ,1600000.0
"174 Công xã Paris, Q9",phòng trọ,cho thuê,16.0,0,cơ bản,tốt,1500000.0
"8 Lý Thường Kiệt, Q4",văn phòng,cho thuê,400.0,18,đầy đủ,mới,645900000.0
"198 Nguyễn Thị Minh Khai, Q3",phòng trọ,cho thuê,14.0,0,đầy đủ,cũ,1300000.0
"117 Dân Chủ, Q6",nhà nguyên căn,cho thuê,41.0,1,cơ bản,mới,4900000.0
"131 CMT8, Q3",nhà nguyên căn,bán,30.0,5,đầy đủ,tốt,13035800000.0
"197 Phạm Ngũ Lão, Q5",phòng trọ,cho thuê,15.0,0,không có,mới,2900000.0
"130 Nam Kỳ Khởi Nghĩa, Q2",phòng trọ,cho thuê,19.0,0,cơ bản,cũ,2100000.0
"127 Lý Tự Trọng, Q1",chung cư,bán,90.0,20,đầy đủ,tốt,9590000000.0
"92 Lam Sơn, Q1",phòng trọ,cho thuê,17.0,0,không có,cũ,1100000.0
"60 Rừng Sác, Q3",phòng trọ,cho thuê,19.0,0,đầy đủ,tốt,3600000.0
"68 Dân Chủ, Q2",văn phòng,cho thuê,435.0,16,đầy đủ,mới,550200000.0
"162 Trường Chinh, Q4",phòng trọ,cho thuê,18.0,0,không có,mới,2700000.0
"81 Quách Thị Trang, Q1",phòng trọ,cho thuê,20.0,0,cơ bản,tốt,3600000.0
"7 Lý Thường Kiệt, Q2",văn phòng,cho thuê,350.0,6,cơ bản,mới,468000000.0
"159 Công xã Paris, Q8",phòng trọ,cho thuê,16.0,0,đầy đủ,cũ,1500000.0
"33 Hùng Vương, Q8",chung cư,bán,70.0,9,cơ bản,mới,4504200000.0
"113 Dân Chủ, Q2",phòng trọ,cho thuê,13.0,0,không có,tốt,1600000.0
"22 Xô Viết Nghệ Tĩnh, Q7",nhà nguyên căn,bán,29.0,2,không có,tốt,2262200000.0
"168 Lê Văn Duyệt, Q1",phòng trọ,cho thuê,13.0,0,cơ bản,mới,1900000.0
"54 Võ Chí Công, Q8",phòng trọ,cho thuê,19.0,0,đầy đủ,mới,1400000.0
"125 Xô Viết Nghệ Tĩnh, Q9",chung cư,bán,90.0,18,đầy đủ,tốt,5622200000.0
"140 Võ Chí Công, Q2",phòng trọ,cho thuê,13.0,0,đầy đủ,cũ,1500000.0
"4 Đồng Khởi, Q9",chung cư,bán,90.0,3,đầy đủ,cũ,6713600000.0
"170 Nguyễn Văn Linh, Q4",phòng trọ,cho thuê,18.0,0,không có,mới,1100000.0
"31 Cách Mạng Tháng Tám, Q7",nhà nguyên căn,cho thuê,45.0,4,đầy đủ,cũ,26900000.0
"18 CMT8, Q3",phòng trọ,cho thuê,10.0,0,đầy đủ,mới,1400000.0
"180 Âu Cơ, Q6",phòng trọ,cho thuê,14.0,0,không có,mới,2100000.0
"36 Hải Thượng Lãn Ông, Q6",phòng trọ,cho thuê,18.0,0,đầy đủ,tốt,2000000.0
"50 Hàm Nghi, Q7",phòng trọ,cho thuê,9.0,0,không có,mới,1400000.0
"121 Châu Văn Liêm, Q1",phòng trọ,cho thuê,13.0,0,cơ bản,tốt,1300000.0
"123 Nguyễn Trãi, Q4",phòng trọ,cho thuê,10.0,0,đầy đủ,cũ,900000.0
"26 Lý Thường Kiệt, Q2",phòng trọ,cho thuê,18.0,0,đầy đủ,mới,2400000.0
"160 Hai Bà Trưng, Q6",phòng trọ,cho thuê,11.0,0,không có,tốt,1000000.0
"159 Mê Linh, Q7",nhà nguyên căn,bán,39.0,3,cơ bản,mới,3037000000.0
"10 Châu Văn Liêm, Q2",chung cư,bán,124.0,4,không có,cũ,5912100000.0
"1 Quốc tế, Q7",nhà nguyên căn,bán,43.0,3,đầy đủ,tốt,5452400000.0
"63 Âu Cơ, Q7",phòng trọ,cho thuê,9.0,0,cơ bản,mới,1400000.0
"193 Rừng Sác, Q9",phòng trọ,cho thuê,19.0,0,đầy đủ,tốt,3200000.0
"53 Âu Cơ, Q3",phòng trọ,cho thuê,17.0,0,đầy đủ,tốt,3300000.0
"197 Nguyễn Thị Minh Khai, Q6",phòng trọ,cho thuê,13.0,0,không có,cũ,1600000.0
"58 Hùng Vương, Q7",phòng trọ,cho thuê,17.0,0,không có,tốt,2400000.0
"142 Dân Chủ, Q1",nhà nguyên căn,cho thuê,34.0,5,không có,cũ,14900000.0
"140 Bùi Viện, Q4",phòng trọ,cho thuê,19.0,0,cơ bản,tốt,2100000.0
"174 Quốc tế, Q3",phòng trọ,cho thuê,13.0,0,cơ bản,cũ,1100000.0
"77 Lạc Long Quân, Q4",phòng trọ,cho thuê,15.0,0,cơ bản,mới,2400000.0
"106 Nguyễn Trãi, Q4",phòng trọ,cho thuê,15.0,0,đầy đủ,tốt,2000000.0
"17 Cách Mạng Tháng Tám, Q3",chung cư,cho thuê,120.0,4,không có,cũ,16900000.0
"63 Trần Hưng Đạo, Q4",phòng trọ,cho thuê,14.0,0,không có,tốt,1700000.0
"103 Dân Chủ, Q8",chung cư,cho thuê,124.0,19,đầy đủ,mới,10700000.0
"187 Hùng Vương, Q10",phòng trọ,cho thuê,14.0,0,đầy đủ,mới,2200000.0
"186 Lê Duẩn, Q6",phòng trọ,cho thuê,9.0,0,không có,mới,500000.0
"115 Lam Sơn, Q10",phòng trọ,cho thuê,16.0,0,cơ bản,cũ,2400000.0
"10 Châu Văn Liêm, Q6",phòng trọ,cho thuê,17.0,0,không có,mới,1300000.0
"126 CMT8, Q2",phòng trọ,cho thuê,15.0,0,cơ bản,cũ,2100000.0
"130 Lê Duẩn, Q7",phòng trọ,cho thuê,9.0,0,cơ bản,cũ,600000.0
"126 Châu Văn Liêm, Q6",chung cư,bán,90.0,8,cơ bản,tốt,2978900000.0
"136 Công xã Paris, Q1",chung cư,bán,90.0,5,đầy đủ,mới,5310100000.0
"142 Mê Linh, Q7",phòng trọ,cho thuê,10.0,0,đầy đủ,mới,1600000.0
"19 Nguyễn Hữu Cảnh, Q9",nhà nguyên căn,bán,29.0,5,đầy đủ,cũ,3332900000.0
"76 Nguyễn Văn Linh, Q9",văn phòng,cho thuê,500.0,1,không có,cũ,554600000.0
"167 Lạc Long Quân, Q8",phòng trọ,cho thuê,9.0,0,cơ bản,mới,600000.0
"178 Châu Văn Liêm, Q10",chung cư,bán,65.0,20,cơ bản,cũ,3089500000.0
"160 Lý Thường Kiệt, Q6",phòng trọ,cho thuê,15.0,0,không có,mới,2000000.0
"14 Xô Viết Nghệ Tĩnh, Q4",nhà nguyên căn,bán,42.0,5,đầy đủ,mới,14445600000.0
"101 Nguyễn Văn Linh, Q4",phòng trọ,cho thuê,18.0,0,không có,mới,1800000.0
"55 Trần Hưng Đạo, Q9",phòng trọ,cho thuê,15.0,0,không có,tốt,2200000.0
"94 Lam Sơn, Q1",văn phòng,cho thuê,380.0,11,đầy đủ,mới,568100000.0
"160 Trần Hưng Đạo, Q8",nhà nguyên căn,cho thuê,44.0,3,đầy đủ,cũ,12800000.0
"53 Lý Tự Trọng, Q2",phòng trọ,cho thuê,14.0,0,cơ bản,tốt,1000000.0
"177 Quách Thị Trang, Q8",phòng trọ,cho thuê,10.0,0,cơ bản,tốt,1500000.0
"6 Hàm Nghi, Q3",nhà nguyên căn,bán,40.0,3,không có,mới,9274100000.0
"104 Võ Nguyên Giáp, Q7",phòng trọ,cho thuê,16.0,0,cơ bản,mới,1100000.0
"113 Lê Duẩn, Q7",phòng trọ,cho thuê,11.0,0,đầy đủ,tốt,1900000.0
"73 Công xã Paris, Q8",phòng trọ,cho thuê,20.0,0,cơ bản,tốt,1200000.0
"158 Trần Hưng Đạo, Q3",phòng trọ,cho thuê,12.0,0,đầy đủ,tốt,1900000.0
"138 Đồng Khởi, Q3",văn phòng,cho thuê,155.0,4,cơ bản,tốt,256800000.0
"168 Lũy Bán Bích, Q2",phòng trọ,cho thuê,19.0,0,không có,cũ,1700000.0
"64 Hùng Vương, Q5",phòng trọ,cho thuê,9.0,0,cơ bản,mới,1500000.0
"94 Âu Cơ, Q6",phòng trọ,cho thuê,19.0,0,đầy đủ,mới,1500000.0
"111 Lam Sơn, Q1",phòng trọ,cho thuê,9.0,0,cơ bản,mới,900000.0
"69 Mai Chí Thọ, Q8",phòng trọ,cho thuê,12.0,0,đầy đủ,tốt,1800000.0
"70 Châu Văn Liêm, Q1",phòng trọ,cho thuê,18.0,0,đầy đủ,cũ,1900000.0
"153 Hàm Nghi, Q3",phòng trọ,cho thuê,19.0,0,cơ bản,tốt,2500000.0
"48 Âu Cơ, Q2",nhà nguyên căn,bán,33.0,3,đầy đủ,mới,8626600000.0
"11 Lũy Bán Bích, Q10",nhà nguyên căn,cho thuê,40.0,3,cơ bản,tốt,13100000.0
"153 Hùng Vương, Q10",phòng trọ,cho thuê,18.0,0,đầy đủ,mới,1800000.0
"22 Trần Hưng Đạo, Q2",phòng trọ,cho thuê,20.0,0,đầy đủ,cũ,2700000.0
"136 Nam Kỳ Khởi Nghĩa, Q6",phòng trọ,cho thuê,20.0,0,không có,mới,3000000.0
"127 Lý Tự Trọng, Q5",phòng trọ,cho thuê,11.0,0,không có,mới,2200000.0
"86 Lê Duẩn, Q3",phòng trọ,cho thuê,18.0,0,đầy đủ,cũ,2400000.0
"158 Quách Thị Trang, Q3",phòng trọ,cho thuê,15.0,0,không có,cũ,1900000.0
"126 Nguyễn Huệ, Q9",nhà nguyên căn,bán,41.0,3,không có,tốt,7790000000.0
"174 Lý Tự Trọng, Q10",phòng trọ,cho thuê,16.0,0,cơ bản,mới,2100000.0
"145 Nguyễn Văn Linh, Q5",nhà nguyên căn,cho thuê,29.0,2,không có,cũ,5300000.0
"77 Hải Thượng Lãn Ông, Q10",phòng trọ,cho thuê,10.0,0,cơ bản,cũ,1900000.0
"49 CMT8, Q9",phòng trọ,cho thuê,15.0,0,không có,cũ,1100000.0
"163 Võ Chí Công, Q2",văn phòng,cho thuê,400.0,13,không có,cũ,582600000.0
"141 Lý Tự Trọng, Q2",nhà nguyên căn,cho thuê,35.0,2,đầy đủ,mới,12300000.0
"123 Nguyễn Huệ, Q9",chung cư,bán,90.0,5,cơ bản,tốt,2221600000.0
"32 Võ Chí Công, Q1",phòng trọ,cho thuê,14.0,0,không có,mới,2300000.0
"127 Nguyễn Trãi, Q8",nhà nguyên căn,bán,31.0,1,cơ bản,cũ,1686500000.0
"34 Đồng Khởi, Q8",nhà nguyên căn,bán,43.0,1,cơ bản,cũ,2200500000.0
"63 Nguyễn Thị Minh Khai, Q5",phòng trọ,cho thuê,12.0,0,không có,mới,1800000.0
"161 Công xã Paris, Q8",phòng trọ,cho thuê,11.0,0,cơ bản,tốt,1200000.0
"150 Lý Thường Kiệt, Q4",phòng trọ,cho thuê,11.0,0,không có,cũ,1100000.0
"100 Quốc tế, Q9",phòng trọ,cho thuê,10.0,0,cơ bản,mới,1300000.0
"143 Lý Thường Kiệt, Q8",chung cư,cho thuê,120.0,9,cơ bản,cũ,7800000.0
"101 Lý Thường Kiệt, Q6",chung cư,bán,84.0,16,cơ bản,mới,4514800000.0
"172 Nguyễn Văn Linh, Q4",nhà nguyên căn,bán,28.0,4,đầy đủ,tốt,8406000000.0
"112 Hùng Vương, Q7",phòng trọ,cho thuê,15.0,0,cơ bản,mới,2400000.0
"74 Quách Thị Trang, Q7",phòng trọ,cho thuê,15.0,0,không có,tốt,1800000.0
"65 Phạm Ngũ Lão, Q4",phòng trọ,cho thuê,17.0,0,đầy đủ,mới,2500000.0
"197 Hùng Vương, Q10",phòng trọ,cho thuê,19.0,0,không có,cũ,1800000.0
"113 Xô Viết Nghệ Tĩnh, Q9",phòng trọ,cho thuê,20.0,0,đầy đủ,cũ,1700000.0
"143 Lũy Bán Bích, Q7",phòng trọ,cho thuê,16.0,0,không có,cũ,1000000.0
"197 Xô Viết Nghệ Tĩnh, Q3",phòng trọ,cho thuê,16.0,0,cơ bản,cũ,2200000.0
"56 Lũy Bán Bích, Q7",văn phòng,cho thuê,410.0,5,không có,mới,503300000.0
"83 Võ Nguyên Giáp, Q6",văn phòng,bán,340.0,2,đầy đủ,mới,13955900000.0
"56 Nam Kỳ Khởi Nghĩa, Q1",phòng trọ,cho thuê,13.0,0,đầy đủ,tốt,1900000.0
"135 Lý Tự Trọng, Q6",phòng trọ,cho thuê,18.0,0,đầy đủ,cũ,2200000.0
"130 Cách Mạng Tháng Tám, Q10",phòng trọ,cho thuê,13.0,0,cơ bản,tốt,1700000.0
"19 Phạm Văn Đồng, Q8",phòng trọ,cho thuê,18.0,0,cơ bản,mới,2100000.0
"111 Pasteur, Q5",phòng trọ,cho thuê,17.0,0,đầy đủ,tốt,2000000.0
"108 Nguyễn Trãi, Q3",phòng trọ,cho thuê,13.0,0,đầy đủ,mới,3000000.0
"135 Quốc tế, Q2",phòng trọ,cho thuê,18.0,0,đầy đủ,tốt,2400000.0
"22 Lê Văn Duyệt, Q4",nhà nguyên căn,bán,30.0,5,đầy đủ,mới,13096300000.0
"185 Hàm Nghi, Q1",phòng trọ,cho thuê,13.0,0,cơ bản,mới,1500000.0
"139 Lê Văn Duyệt, Q10",chung cư,bán,124.0,16,cơ bản,mới,3962500000.0
"72 Võ Nguyên Giáp, Q2",nhà nguyên căn,bán,29.0,1,đầy đủ,mới,2012600000.0
"91 Cách Mạng Tháng Tám, Q5",chung cư,bán,70.0,6,cơ bản,mới,2732900000.0
"174 Quốc tế, Q2",chung cư,bán,124.0,14,không có,mới,8130800000.0
"118 Lý Tự Trọng, Q6",phòng trọ,cho thuê,16.0,0,không có,mới,2700000.0
"159 Trường Chinh, Q2",nhà nguyên căn,cho thuê,29.0,4,đầy đủ,mới,14900000.0
"121 Hùng Vương, Q4",phòng trọ,cho thuê,10.0,0,cơ bản,cũ,1100000.0
"189 Cách Mạng Tháng Tám, Q3",nhà nguyên căn,cho thuê,39.0,4,đầy đủ,mới,20200000.0
"153 Quách Thị Trang, Q2",phòng trọ,cho thuê,14.0,0,không có,tốt,1500000.0
"185 Trần Hưng Đạo, Q5",phòng trọ,cho thuê,15.0,0,đầy đủ,mới,2400000.0
"42 Tôn Đức Thắng, Q6",phòng trọ,cho thuê,16.0,0,đầy đủ,cũ,1000000.0
"116 Nam Kỳ Khởi Nghĩa, Q2",văn phòng,cho thuê,570.0,17,cơ bản,cũ,483300000.0
"122 Mê Linh, Q1",chung cư,bán,65.0,5,cơ bản,tốt,2283400000.0
"160 Lê Duẩn, Q1",phòng trọ,cho thuê,12.0,0,cơ bản,cũ,1000000.0
"113 Mai Chí Thọ, Q7",phòng trọ,cho thuê,12.0,0,đầy đủ,cũ,1900000.0
"81 Lý Thường Kiệt, Q4",nhà nguyên căn,cho thuê,38.0,2,không có,tốt,6400000.0
"92 Hai Bà Trưng, Q9",phòng trọ,cho thuê,19.0,0,đầy đủ,tốt,1400000.0
"36 Bùi Viện, Q6",phòng trọ,cho thuê,19.0,0,đầy đủ,cũ,1700000.0
"187 Dân Chủ, Q2",phòng trọ,cho thuê,13.0,0,đầy đủ,cũ,2000000.0
"58 Công xã Paris, Q7",phòng trọ,cho thuê,19.0,0,không có,tốt,1100000.0
"31 Phạm Ngũ Lão, Q4",phòng trọ,cho thuê,9.0,0,không có,mới,1000000.0
"122 Nguyễn Huệ, Q1",phòng trọ,cho thuê,20.0,0,không có,mới,3000000.0
"120 Lũy Bán Bích, Q8",phòng trọ,cho thuê,14.0,0,đầy đủ,cũ,2200000.0
"4 Hàm Nghi, Q1",phòng trọ,cho thuê,15.0,0,không có,tốt,2100000.0
"155 Rừng Sác, Q9",phòng trọ,cho thuê,16.0,0,đầy đủ,tốt,1300000.0
"82 Trường Chinh, Q1",nhà nguyên căn,cho thuê,40.0,5,không có,cũ,12500000.0
"34 Trần Hưng Đạo, Q9",phòng trọ,cho thuê,12.0,0,cơ bản,tốt,1600000.0
"4 Trần Hưng Đạo, Q5",phòng trọ,cho thuê,16.0,0,đầy đủ,mới,2300000.0
"170 Bùi Viện, Q10",phòng trọ,cho thuê,10.0,0,cơ bản,cũ,1000000.0
"39 Hải Thượng Lãn Ông, Q10",chung cư,bán,65.0,12,đầy đủ,mới,4289500000.0
"108 Lê Văn Duyệt, Q5",nhà nguyên căn,bán,29.0,1,cơ bản,mới,1566400000.0
"92 Hai Bà Trưng, Q10",phòng trọ,cho thuê,18.0,0,cơ bản,mới,3500000.0
"196 Nguyễn Văn Linh, Q1",phòng trọ,cho thuê,13.0,0,không có,tốt,2100000.0
"20 Tôn Đức Thắng, Q3",phòng trọ,cho thuê,17.0,0,không có,tốt,2800000.0
"154 Lý Thường Kiệt, Q8",phòng trọ,cho thuê,18.0,0,đầy đủ,cũ,1100000.0
"64 Bùi Viện, Q5",nhà nguyên căn,cho thuê,41.0,2,cơ bản,cũ,10300000.0
"126 Võ Chí Công, Q4",phòng trọ,cho thuê,14.0,0,đầy đủ,cũ,1500000.0
"112 Nguyễn Trãi, Q7",phòng trọ,cho thuê,20.0,0,không có,mới,1400000.0
"66 Quách Thị Trang, Q10",văn phòng,cho thuê,225.0,14,cơ bản,mới,425400000.0
"15 CMT8, Q5",phòng trọ,cho thuê,14.0,0,đầy đủ,mới,2500000.0
"30 Hai Bà Trưng, Q4",phòng trọ,cho thuê,15.0,0,không có,cũ,1300000.0
"1 Võ Chí Công, Q6",phòng trọ,cho thuê,10.0,0,đầy đủ,cũ,700000.0
"43 Lê Văn Duyệt, Q8",nhà nguyên căn,cho thuê,39.0,4,đầy đủ,mới,17500000.0
"37 Phạm Ngũ Lão, Q6",phòng trọ,cho thuê,9.0,0,không có,cũ,600000.0
"101 Lũy Bán Bích, Q9",phòng trọ,cho thuê,9.0,0,cơ bản,tốt,1100000.0
"10 Pasteur, Q3",phòng trọ,cho thuê,16.0,0,cơ bản,cũ,1000000.0
"178 Công xã Paris, Q3",phòng trọ,cho thuê,12.0,0,đầy đủ,cũ,1500000.0
"147 Nguyễn Văn Linh, Q5",phòng trọ,cho thuê,12.0,0,không có,mới,2100000.0
"162 Dân Chủ, Q7",nhà nguyên căn,cho thuê,44.0,1,đầy đủ,cũ,7100000.0
"93 Rừng Sác, Q4",phòng trọ,cho thuê,18.0,0,không có,tốt,2300000.0
"9 Hải Thượng Lãn Ông, Q5",phòng trọ,cho thuê,9.0,0,đầy đủ,tốt,1200000.0
"57 Cách Mạng Tháng Tám, Q1",phòng trọ,cho thuê,14.0,0,không có,cũ,1300000.0
"88 Quốc tế, Q1",phòng trọ,cho thuê,16.0,0,không có,cũ,1700000.0
"194 Dân Chủ, Q3",phòng trọ,cho thuê,16.0,0,không có,tốt,2300000.0
"136 Võ Nguyên Giáp, Q4",văn phòng,cho thuê,515.0,12,không có,tốt,543300000.0
"48 Trường Chinh, Q1",văn phòng,cho thuê,330.0,13,cơ bản,tốt,637900000.0
"178 Lạc Long Quân, Q9",nhà nguyên căn,cho thuê,28.0,5,cơ bản,cũ,10300000.0
"106 Nguyễn Hữu Cảnh, Q10",chung cư,cho thuê,90.0,10,cơ bản,cũ,14700000.0
"87 Rừng Sác, Q8",phòng trọ,cho thuê,12.0,0,không có,cũ,900000.0
"125 Nguyễn Thị Minh Khai, Q6",phòng trọ,cho thuê,20.0,0,không có,mới,1800000.0
"15 Nguyễn Thị Minh Khai, Q3",phòng trọ,cho thuê,9.0,0,đầy đủ,mới,2000000.0
"51 Đồng Khởi, Q4",phòng trọ,cho thuê,11.0,0,cơ bản,tốt,1100000.0
"52 Phạm Ngũ Lão, Q8",phòng trọ,cho thuê,12.0,0,đầy đủ,cũ,1900000.0
"71 Lũy Bán Bích, Q7",chung cư,bán,124.0,4,cơ bản,tốt,8953000000.0
"102 Quốc tế, Q9",phòng trọ,cho thuê,17.0,0,cơ bản,mới,1800000.0
"127 Lam Sơn, Q5",phòng trọ,cho thuê,20.0,0,cơ bản,tốt,2800000.0
"199 Võ Chí Công, Q8",phòng trọ,cho thuê,20.0,0,cơ bản,cũ,2300000.0
"162 Cách Mạng Tháng Tám, Q1",phòng trọ,cho thuê,11.0,0,cơ bản,mới,1400000.0
"87 CMT8, Q10",phòng trọ,cho thuê,18.0,0,đầy đủ,tốt,2400000.0
"193 Võ Chí Công, Q7",chung cư,bán,124.0,4,không có,mới,3829000000.0
"137 Quách Thị Trang, Q4",phòng trọ,cho thuê,18.0,0,đầy đủ,mới,2900000.0
"38 Nam Kỳ Khởi Nghĩa, Q5",phòng trọ,cho thuê,17.0,0,đầy đủ,cũ,2500000.0
"90 Nguyễn Văn Linh, Q7",phòng trọ,cho thuê,19.0,0,đầy đủ,tốt,2500000.0
"175 CMT8, Q9",phòng trọ,cho thuê,17.0,0,không có,tốt,1700000.0
"9 Rừng Sác, Q10",chung cư,bán,75.0,14,không có,cũ,3359900000.0
"50 Tôn Đức Thắng, Q2",phòng trọ,cho thuê,14.0,0,đầy đủ,tốt,900000.0
"100 CMT8, Q1",phòng trọ,cho thuê,12.0,0,đầy đủ,cũ,2000000.0
"33 Lê Duẩn, Q8",phòng trọ,cho thuê,10.0,0,không có,tốt,1300000.0
"62 Nguyễn Thị Minh Khai, Q2",nhà nguyên căn,bán,29.0,4,cơ bản,tốt,3312800000.0
"6 CMT8, Q6",phòng trọ,cho thuê,18.0,0,cơ bản,tốt,1900000.0
"174 Bùi Viện, Q7",chung cư,bán,65.0,13,đầy đủ,cũ,4724700000.0
"34 Hùng Vương, Q6",nhà nguyên căn,bán,36.0,5,không có,tốt,10211400000.0
"17 Đồng Khởi, Q3",nhà nguyên căn,bán,41.0,1,cơ bản,cũ,2959900000.0
"115 Nguyễn Trãi, Q1",phòng trọ,cho thuê,9.0,0,cơ bản,cũ,600000.0
"71 Hai Bà Trưng, Q1",phòng trọ,cho thuê,17.0,0,đầy đủ,cũ,2700000.0
"197 Rừng Sác, Q3",phòng trọ,cho thuê,13.0,0,không có,cũ,1600000.0
"136 Tôn Đức Thắng, Q9",phòng trọ,cho thuê,18.0,0,đầy đủ,mới,2800000.0
"60 Mê Linh, Q4",phòng trọ,cho thuê,18.0,0,đầy đủ,mới,3100000.0
"95 Nam Kỳ Khởi Nghĩa, Q7",văn phòng,cho thuê,330.0,4,đầy đủ,cũ,265000000.0
"21 Nam Kỳ Khởi Nghĩa, Q5",phòng trọ,cho thuê,13.0,0,không có,cũ,1900000.0
"22 Võ Nguyên Giáp, Q9",nhà nguyên căn,cho thuê,44.0,2,đầy đủ,cũ,6500000.0
"13 Châu Văn Liêm, Q4",nhà nguyên căn,cho thuê,43.0,5,cơ bản,tốt,26600000.0
"51 Cách Mạng Tháng Tám, Q6",phòng trọ,cho thuê,9.0,0,đầy đủ,tốt,1200000.0
"6 Phạm Ngũ Lão, Q5",nhà nguyên căn,cho thuê,38.0,5,cơ bản,tốt,20200000.0
"114 Mai Chí Thọ, Q6",văn phòng,cho thuê,340.0,4,không có,mới,289500000.0
"22 Quốc tế, Q5",phòng trọ,cho thuê,9.0,0,đầy đủ,tốt,800000.0
"104 Võ Chí Công, Q2",phòng trọ,cho thuê,9.0,0,cơ bản,tốt,900000.0
"182 Lạc Long Quân, Q2",chung cư,bán,124.0,3,đầy đủ,mới,5179300000.0
"35 Cách Mạng Tháng Tám, Q5",phòng trọ,cho thuê,11.0,0,không có,cũ,1600000.0
"46 Đồng Khởi, Q2",phòng trọ,cho thuê,12.0,0,cơ bản,mới,1700000.0
"174 Lũy Bán Bích, Q8",văn phòng,cho thuê,450.0,4,đầy đủ,mới,986300000.0
"4 Dân Chủ, Q5",phòng trọ,cho thuê,19.0,0,không có,cũ,2700000.0
"53 Nguyễn Trãi, Q3",chung cư,bán,120.0,9,cơ bản,tốt,9660000000.0
"168 Lê Văn Duyệt, Q3",chung cư,cho thuê,120.0,18,đầy đủ,cũ,17900000.0
"72 Lạc Long Quân, Q5",nhà nguyên căn,cho thuê,29.0,4,cơ bản,cũ,14000000.0
"105 Lũy Bán Bích, Q7",phòng trọ,cho thuê,14.0,0,cơ bản,cũ,1600000.0
"95 Phạm Ngũ Lão, Q10",phòng trọ,cho thuê,17.0,0,đầy đủ,mới,1400000.0
"148 Trường Chinh, Q6",phòng trọ,cho thuê,16.0,0,không có,mới,1400000.0
"7 Lý Tự Trọng, Q8",phòng trọ,cho thuê,15.0,0,cơ bản,cũ,900000.0
"137 Lũy Bán Bích, Q3",phòng trọ,cho thuê,19.0,0,không có,tốt,2100000.0
"92 Trường Chinh, Q7",phòng trọ,cho thuê,13.0,0,đầy đủ,tốt,1700000.0
"119 Tôn Đức Thắng, Q9",phòng trọ,cho thuê,18.0,0,đầy đủ,tốt,1800000.0
"87 Nguyễn Hữu Cảnh, Q2",phòng trọ,cho thuê,12.0,0,cơ bản,tốt,1900000.0
"190 Quốc tế, Q4",phòng trọ,cho thuê,10.0,0,cơ bản,mới,1500000.0
"47 Mai Chí Thọ, Q2",phòng trọ,cho thuê,10.0,0,cơ bản,mới,1600000.0
"106 CMT8, Q9",phòng trọ,cho thuê,19.0,0,đầy đủ,mới,3800000.0
"31 Châu Văn Liêm, Q2",phòng trọ,cho thuê,16.0,0,đầy đủ,tốt,2400000.0
"174 Lạc Long Quân, Q1",phòng trọ,cho thuê,13.0,0,đầy đủ,cũ,1400000.0
"196 Trần Hưng Đạo, Q10",chung cư,bán,90.0,15,cơ bản,tốt,5900900000.0
"126 Quốc tế, Q8",văn phòng,cho thuê,455.0,17,đầy đủ,mới,603500000.0
"148 Lam Sơn, Q3",phòng trọ,cho thuê,20.0,0,không có,cũ,2200000.0
"77 Mê Linh, Q8",văn phòng,cho thuê,305.0,19,không có,cũ,365200000.0
"14 Võ Nguyên Giáp, Q9",phòng trọ,cho thuê,13.0,0,đầy đủ,tốt,1900000.0
"67 Lý Tự Trọng, Q10",phòng trọ,cho thuê,20.0,0,đầy đủ,tốt,1400000.0
"191 Trần Hưng Đạo, Q4",phòng trọ,cho thuê,20.0,0,cơ bản,tốt,2500000.0
"88 Mê Linh, Q10",phòng trọ,cho thuê,9.0,0,đầy đủ,mới,800000.0
"45 Phạm Ngũ Lão, Q2",phòng trọ,cho thuê,19.0,0,không có,mới,2800000.0
"152 Phạm Văn Đồng, Q9",phòng trọ,cho thuê,20.0,0,không có,cũ,900000.0
"172 Dân Chủ, Q2",phòng trọ,cho thuê,11.0,0,cơ bản,cũ,800000.0
"125 Võ Nguyên Giáp, Q5",phòng trọ,cho thuê,19.0,0,không có,cũ,1300000.0
"55 Hàm Nghi, Q10",văn phòng,cho thuê,345.0,10,đầy đủ,tốt,504700000.0
"58 Hải Thượng Lãn Ông, Q9",phòng trọ,cho thuê,14.0,0,không có,mới,1700000.0
"28 Âu Cơ, Q10",chung cư,bán,124.0,5,đầy đủ,cũ,7905800000.0
"61 Nam Kỳ Khởi Nghĩa, Q5",chung cư,bán,65.0,1,cơ bản,tốt,3128800000.0
"40 Âu Cơ, Q1",chung cư,bán,124.0,5,cơ bản,cũ,10983500000.0
"172 Công xã Paris, Q10",phòng trọ,cho thuê,15.0,0,cơ bản,tốt,2100000.0
"79 Võ Chí Công, Q7",phòng trọ,cho thuê,19.0,0,không có,tốt,2300000.0
"25 Trường Chinh, Q5",chung cư,cho thuê,120.0,4,đầy đủ,cũ,14800000.0
"20 Lê Lợi, Q10",phòng trọ,cho thuê,10.0,0,không có,mới,1000000.0
"47 Phạm Văn Đồng, Q10",phòng trọ,cho thuê,16.0,0,không có,tốt,1700000.0
"60 Võ Nguyên Giáp, Q8",phòng trọ,cho thuê,20.0,0,không có,mới,3200000.0
"144 Pasteur, Q7",phòng trọ,cho thuê,14.0,0,không có,mới,1800000.0
"30 Quách Thị Trang, Q2",chung cư,cho thuê,75.0,2,đầy đủ,mới,9200000.0
"157 Lạc Long Quân, Q1",phòng trọ,cho thuê,20.0,0,không có,tốt,1900000.0
"19 Trần Hưng Đạo, Q9",phòng trọ,cho thuê,11.0,0,cơ bản,mới,1100000.0
"159 Nguyễn Huệ, Q4",phòng trọ,cho thuê,20.0,0,cơ bản,cũ,1000000.0
"100 Dân Chủ, Q10",văn phòng,cho thuê,380.0,4,không có,mới,598000000.0
"170 Hàm Nghi, Q4",phòng trọ,cho thuê,16.0,0,cơ bản,cũ,2200000.0
"119 Lý Tự Trọng, Q7",chung cư,bán,65.0,17,đầy đủ,mới,5107800000.0
"196 Quốc tế, Q6",phòng trọ,cho thuê,14.0,0,cơ bản,mới,1000000.0
"122 Phạm Ngũ Lão, Q10",phòng trọ,cho thuê,12.0,0,cơ bản,mới,2100000.0
"97 Nguyễn Thị Minh Khai, Q9",phòng trọ,cho thuê,20.0,0,không có,mới,3300000.0
"165 Hai Bà Trưng, Q9",phòng trọ,cho thuê,14.0,0,đầy đủ,mới,1800000.0
"18 Mê Linh, Q4",nhà nguyên căn,cho thuê,40.0,2,đầy đủ,mới,9000000.0
"27 Võ Chí Công, Q7",phòng trọ,cho thuê,15.0,0,cơ bản,cũ,1100000.0
"50 Quách Thị Trang, Q6",phòng trọ,cho thuê,10.0,0,cơ bản,tốt,600000.0
"104 Quốc tế, Q3",phòng trọ,cho thuê,13.0,0,đầy đủ,tốt,1800000.0
"33 Mai Chí Thọ, Q8",phòng trọ,cho thuê,20.0,0,đầy đủ,mới,3200000.0
"89 Lam Sơn, Q7",nhà nguyên căn,bán,34.0,1,đầy đủ,mới,1673700000.0
"32 Châu Văn Liêm, Q4",nhà nguyên căn,bán,44.0,2,không có,tốt,1927200000.0
"174 Lê Duẩn, Q9",chung cư,bán,75.0,8,không có,tốt,1832200000.0
"17 Tôn Đức Thắng, Q4",phòng trọ,cho thuê,10.0,0,đầy đủ,cũ,1200000.0
"29 Nguyễn Thị Minh Khai, Q4",phòng trọ,cho thuê,13.0,0,cơ bản,mới,1600000.0
"182 Lê Văn Duyệt, Q4",văn phòng,cho thuê,400.0,18,không có,cũ,355200000.0
"138 Lý Tự Trọng, Q10",phòng trọ,cho thuê,20.0,0,không có,tốt,1500000.0
"79 Pasteur, Q8",phòng trọ,cho thuê,17.0,0,đầy đủ,tốt,3000000.0
"110 Nguyễn Hữu Cảnh, Q6",nhà nguyên căn,cho thuê,39.0,4,đầy đủ,tốt,10700000.0
"124 Mê Linh, Q10",phòng trọ,cho thuê,14.0,0,không có,cũ,1800000.0
"114 Công xã Paris, Q7",phòng trọ,cho thuê,11.0,0,đầy đủ,tốt,800000.0
"110 Võ Chí Công, Q6",phòng trọ,cho thuê,19.0,0,đầy đủ,cũ,1100000.0
"16 Mai Chí Thọ, Q8",nhà nguyên căn,cho thuê,31.0,1,đầy đủ,cũ,4800000.0
"181 Hải Thượng Lãn Ông, Q2",phòng trọ,cho thuê,14.0,0,không có,mới,1700000.0
"19 Đồng Khởi, Q3",phòng trọ,cho thuê,19.0,0,không có,tốt,2200000.0
"73 Xô Viết Nghệ Tĩnh, Q5",nhà nguyên căn,bán,34.0,5,cơ bản,tốt,12018300000.0
"147 Cách Mạng Tháng Tám, Q1",nhà nguyên căn,bán,40.0,1,không có,mới,1467700000.0
"57 Trần Hưng Đạo, Q8",phòng trọ,cho thuê,15.0,0,đầy đủ,mới,1100000.0
"39 Lê Lợi, Q9",phòng trọ,cho thuê,10.0,0,không có,cũ,1100000.0
"152 Đồng Khởi, Q4",chung cư,cho thuê,90.0,20,không có,tốt,8500000.0
"43 Hàm Nghi, Q8",phòng trọ,cho thuê,12.0,0,đầy đủ,mới,800000.0
"29 Lý Tự Trọng, Q5",chung cư,bán,120.0,4,đầy đủ,tốt,5844100000.0
"47 Võ Chí Công, Q1",phòng trọ,cho thuê,10.0,0,đầy đủ,tốt,1600000.0
"78 Lê Duẩn, Q9",phòng trọ,cho thuê,9.0,0,cơ bản,cũ,1200000.0
"78 Quách Thị Trang, Q5",phòng trọ,cho thuê,15.0,0,cơ bản,tốt,1300000.0
"29 Phạm Ngũ Lão, Q4",phòng trọ,cho thuê,12.0,0,đầy đủ,mới,1400000.0
"51 Võ Chí Công, Q2",chung cư,bán,84.0,4,không có,mới,6283500000.0
"173 Lê Văn Duyệt, Q7",phòng trọ,cho thuê,13.0,0,đầy đủ,mới,2100000.0
"196 Rừng Sác, Q8",phòng trọ,cho thuê,16.0,0,không có,cũ,1400000.0
"152 Nguyễn Hữu Cảnh, Q1",phòng trọ,cho thuê,14.0,0,cơ bản,cũ,1700000.0
"175 Châu Văn Liêm, Q5",chung cư,cho thuê,84.0,6,đầy đủ,mới,8400000.0
"104 Pasteur, Q9",chung cư,bán,124.0,11,cơ bản,tốt,8324300000.0
"75 Quách Thị Trang, Q1",phòng trọ,cho thuê,15.0,0,không có,mới,2800000.0
"4 Xô Viết Nghệ Tĩnh, Q7",chung cư,bán,90.0,17,đầy đủ,cũ,3536200000.0
"14 Lê Duẩn, Q9",chung cư,cho thuê,75.0,16,đầy đủ,tốt,5300000.0
"27 Âu Cơ, Q5",phòng trọ,cho thuê,17.0,0,cơ bản,tốt,2500000.0
"194 Rừng Sác, Q9",phòng trọ,cho thuê,9.0,0,không có,mới,1000000.0
"129 Lê Lợi, Q8",phòng trọ,cho thuê,12.0,0,đầy đủ,mới,1900000.0
"42 Mai Chí Thọ, Q9",phòng trọ,cho thuê,9.0,0,đầy đủ,tốt,700000.0
"148 Quốc tế, Q5",phòng trọ,cho thuê,16.0,0,đầy đủ,cũ,1800000.0
"36 Võ Nguyên Giáp, Q2",nhà nguyên căn,bán,32.0,1,không có,mới,1216300000.0
"178 Nguyễn Huệ, Q4",phòng trọ,cho thuê,10.0,0,không có,tốt,1300000.0
"135 Võ Chí Công, Q1",phòng trọ,cho thuê,13.0,0,đầy đủ,cũ,2300000.0
"173 Hàm Nghi, Q10",chung cư,bán,84.0,3,không có,mới,7984300000.0
"155 Dân Chủ, Q6",nhà nguyên căn,cho thuê,39.0,4,cơ bản,cũ,11100000.0
"148 Hai Bà Trưng, Q5",phòng trọ,cho thuê,12.0,0,cơ bản,cũ,2000000.0
"145 Âu Cơ, Q8",phòng trọ,cho thuê,17.0,0,cơ bản,cũ,1700000.0
"107 Lê Duẩn, Q8",phòng trọ,cho thuê,14.0,0,không có,tốt,2000000.0
"87 Lạc Long Quân, Q4",phòng trọ,cho thuê,17.0,0,cơ bản,tốt,1500000.0
"25 Nguyễn Huệ, Q1",phòng trọ,cho thuê,9.0,0,đầy đủ,mới,1000000.0
"174 Võ Nguyên Giáp, Q10",phòng trọ,cho thuê,19.0,0,cơ bản,mới,3800000.0
"47 Đồng Khởi, Q10",phòng trọ,cho thuê,19.0,0,cơ bản,mới,3500000.0
"141 Võ Nguyên Giáp, Q2",phòng trọ,cho thuê,14.0,0,cơ bản,mới,1100000.0
"134 Công xã Paris, Q9",phòng trọ,cho thuê,14.0,0,không có,mới,900000.0
"104 Xô Viết Nghệ Tĩnh, Q7",phòng trọ,cho thuê,14.0,0,cơ bản,cũ,2100000.0
"36 Bùi Viện, Q5",văn phòng,bán,600.0,11,cơ bản,cũ,16733000000.0
"130 Nguyễn Huệ, Q1",phòng trọ,cho thuê,15.0,0,cơ bản,mới,1200000.0
"137 Phạm Văn Đồng, Q3",phòng trọ,cho thuê,15.0,0,không có,mới,2200000.0
"125 Lê Lợi, Q5",phòng trọ,cho thuê,14.0,0,không có,tốt,2300000.0
"132 Trần Hưng Đạo, Q5",phòng trọ,cho thuê,11.0,0,không có,tốt,1200000.0
"165 Pasteur, Q7",phòng trọ,cho thuê,14.0,0,đầy đủ,tốt,1400000.0
"69 Hàm Nghi, Q10",nhà nguyên căn,cho thuê,27.0,5,cơ bản,mới,18200000.0
"130 Mai Chí Thọ, Q9",phòng trọ,cho thuê,14.0,0,đầy đủ,mới,1500000.0
"170 Võ Nguyên Giáp, Q6",phòng trọ,cho thuê,20.0,0,cơ bản,tốt,1500000.0
"181 Nguyễn Thị Minh Khai, Q1",phòng trọ,cho thuê,17.0,0,cơ bản,mới,3200000.0
"22 Quách Thị Trang, Q9",nhà nguyên căn,cho thuê,40.0,5,không có,tốt,28800000.0
"28 Hải Thượng Lãn Ông, Q8",phòng trọ,cho thuê,16.0,0,cơ bản,cũ,1600000.0
"17 Lê Lợi, Q2",phòng trọ,cho thuê,19.0,0,cơ bản,mới,2900000.0
"77 Hùng Vương, Q10",phòng trọ,cho thuê,19.0,0,đầy đủ,mới,3400000.0
"195 Lê Duẩn, Q8",phòng trọ,cho thuê,9.0,0,cơ bản,cũ,600000.0
"108 Lê Lợi, Q5",nhà nguyên căn,cho thuê,27.0,4,không có,tốt,7300000.0
"110 Trần Hưng Đạo, Q9",phòng trọ,cho thuê,19.0,0,không có,cũ,2500000.0
"19 Nguyễn Huệ, Q6",phòng trọ,cho thuê,18.0,0,đầy đủ,tốt,2200000.0
"140 Võ Nguyên Giáp, Q10",nhà nguyên căn,cho thuê,39.0,3,đầy đủ,cũ,17000000.0
"93 Lê Văn Duyệt, Q2",phòng trọ,cho thuê,9.0,0,cơ bản,cũ,1100000.0
"141 Nguyễn Văn Linh, Q9",phòng trọ,cho thuê,11.0,0,cơ bản,tốt,800000.0
"57 Lê Duẩn, Q1",phòng trọ,cho thuê,14.0,0,đầy đủ,mới,2000000.0
"71 Pasteur, Q10",phòng trọ,cho thuê,10.0,0,đầy đủ,tốt,2000000.0
"11 Lê Lợi, Q6",phòng trọ,cho thuê,11.0,0,đầy đủ,mới,1200000.0
"25 Trường Chinh, Q5",phòng trọ,cho thuê,17.0,0,không có,tốt,2100000.0
"25 Nguyễn Thị Minh Khai, Q8",phòng trọ,cho thuê,10.0,0,không có,cũ,1100000.0
"117 Trường Chinh, Q8",phòng trọ,cho thuê,17.0,0,đầy đủ,tốt,1700000.0
"60 Hùng Vương, Q10",phòng trọ,cho thuê,11.0,0,không có,cũ,1400000.0
"30 Âu Cơ, Q10",phòng trọ,cho thuê,20.0,0,không có,mới,2400000.0
"185 Nguyễn Hữu Cảnh, Q3",phòng trọ,cho thuê,18.0,0,cơ bản,cũ,2300000.0
"14 Trần Hưng Đạo, Q7",văn phòng,cho thuê,395.0,20,đầy đủ,mới,383100000.0
"16 Trần Hưng Đạo, Q2",phòng trọ,cho thuê,11.0,0,cơ bản,cũ,600000.0
"151 Quốc tế, Q10",phòng trọ,cho thuê,12.0,0,không có,tốt,1400000.0
"110 Quách Thị Trang, Q9",nhà nguyên căn,cho thuê,36.0,3,không có,cũ,6600000.0
"133 Pasteur, Q6",văn phòng,bán,355.0,7,không có,tốt,14533100000.0
"124 Nguyễn Văn Linh, Q9",nhà nguyên căn,cho thuê,37.0,5,cơ bản,mới,18300000.0
"67 Nguyễn Văn Linh, Q9",văn phòng,cho thuê,320.0,13,đầy đủ,tốt,507400000.0
"140 Quách Thị Trang, Q6",phòng trọ,cho thuê,19.0,0,cơ bản,mới,2300000.0
"123 Lý Tự Trọng, Q10",phòng trọ,cho thuê,13.0,0,cơ bản,mới,2400000.0
"77 Nguyễn Huệ, Q9",phòng trọ,cho thuê,11.0,0,đầy đủ,cũ,1100000.0
"130 Công xã Paris, Q1",phòng trọ,cho thuê,20.0,0,cơ bản,tốt,2300000.0
"191 CMT8, Q2",nhà nguyên căn,bán,30.0,5,đầy đủ,cũ,5760100000.0
"36 Công xã Paris, Q6",phòng trọ,cho thuê,16.0,0,đầy đủ,tốt,1800000.0
"133 Châu Văn Liêm, Q1",văn phòng,cho thuê,460.0,5,đầy đủ,mới,605600000.0
"164 Nguyễn Trãi, Q2",phòng trọ,cho thuê,20.0,0,đầy đủ,mới,3100000.0
"62 Châu Văn Liêm, Q10",phòng trọ,cho thuê,13.0,0,không có,mới,2600000.0
"32 Lý Thường Kiệt, Q3",chung cư,bán,90.0,15,không có,mới,2936400000.0
"199 Hàm Nghi, Q5",phòng trọ,cho thuê,20.0,0,không có,tốt,3300000.0
"136 Võ Nguyên Giáp, Q1",phòng trọ,cho thuê,11.0,0,không có,tốt,1700000.0
"32 Lam Sơn, Q5",phòng trọ,cho thuê,9.0,0,không có,mới,1300000.0
"164 Âu Cơ, Q8",phòng trọ,cho thuê,11.0,0,cơ bản,cũ,600000.0
"145 Nam Kỳ Khởi Nghĩa, Q8",phòng trọ,cho thuê,12.0,0,không có,cũ,1100000.0
"160 Đồng Khởi, Q5",nhà nguyên căn,cho thuê,36.0,2,không có,tốt,5200000.0
"48 Trần Hưng Đạo, Q5",phòng trọ,cho thuê,20.0,0,cơ bản,tốt,1900000.0
"200 Võ Nguyên Giáp, Q9",chung cư,bán,75.0,3,cơ bản,tốt,4116200000.0
"32 Mai Chí Thọ, Q6",phòng trọ,cho thuê,9.0,0,cơ bản,cũ,1000000.0
"180 Châu Văn Liêm, Q6",phòng trọ,cho thuê,9.0,0,đầy đủ,mới,1600000.0
"181 Lam Sơn, Q4",phòng trọ,cho thuê,13.0,0,cơ bản,mới,2100000.0
"124 Phạm Văn Đồng, Q7",phòng trọ,cho thuê,19.0,0,không có,cũ,900000.0
"88 Lam Sơn, Q2",phòng trọ,cho thuê,9.0,0,không có,tốt,600000.0
"29 Cách Mạng Tháng Tám, Q9",phòng trọ,cho thuê,15.0,0,đầy đủ,cũ,1400000.0
"18 Võ Nguyên Giáp, Q3",phòng trọ,cho thuê,10.0,0,cơ bản,tốt,1700000.0
"61 Mai Chí Thọ, Q10",phòng trọ,cho thuê,20.0,0,đầy đủ,mới,3200000.0
"181 Trần Hưng Đạo, Q9",phòng trọ,cho thuê,16.0,0,đầy đủ,tốt,1000000.0
"104 Trần Hưng Đạo, Q2",phòng trọ,cho thuê,18.0,0,đầy đủ,tốt,2600000.0
"157 Dân Chủ, Q9",chung cư,bán,70.0,9,đầy đủ,mới,2480100000.0
"188 Lê Duẩn, Q2",nhà nguyên căn,bán,30.0,5,không có,tốt,5889500000.0
"101 Hàm Nghi, Q6",nhà nguyên căn,bán,37.0,2,cơ bản,tốt,5317800000.0
"101 Trần Hưng Đạo, Q1",văn phòng,cho thuê,515.0,12,không có,mới,781500000.0
"170 Phạm Ngũ Lão, Q3",phòng trọ,cho thuê,14.0,0,cơ bản,mới,2800000.0
"62 Hải Thượng Lãn Ông, Q3",phòng trọ,cho thuê,17.0,0,đầy đủ,mới,3200000.0
"101 Công xã Paris, Q9",văn phòng,bán,580.0,17,không có,cũ,33283900000.0
"114 Lê Lợi, Q8",phòng trọ,cho thuê,17.0,0,đầy đủ,cũ,1500000.0
"76 Trần Hưng Đạo, Q10",phòng trọ,cho thuê,9.0,0,đầy đủ,tốt,1600000.0
"124 Công xã Paris, Q6",phòng trọ,cho thuê,12.0,0,cơ bản,cũ,800000.0
"106 Cách Mạng Tháng Tám, Q7",phòng trọ,cho thuê,9.0,0,không có,mới,1400000.0
"150 Châu Văn Liêm, Q10",phòng trọ,cho thuê,15.0,0,không có,cũ,900000.0
"57 Nguyễn Thị Minh Khai, Q10",văn phòng,cho thuê,505.0,17,không có,tốt,268800000.0
"58 Châu Văn Liêm, Q1",phòng trọ,cho thuê,16.0,0,đầy đủ,cũ,2000000.0
"100 Nguyễn Hữu Cảnh, Q5",phòng trọ,cho thuê,18.0,0,cơ bản,mới,1900000.0
"179 Nguyễn Văn Linh, Q1",nhà nguyên căn,bán,43.0,3,cơ bản,cũ,7060800000.0
"13 Phạm Ngũ Lão, Q6",phòng trọ,cho thuê,11.0,0,đầy đủ,mới,2000000.0
"194 Trần Hưng Đạo, Q3",văn phòng,bán,550.0,19,không có,mới,25274200000.0
"107 Nguyễn Văn Linh, Q10",nhà nguyên căn,bán,28.0,1,không có,cũ,937900000.0
"90 Phạm Văn Đồng, Q3",chung cư,cho thuê,124.0,5,không có,cũ,8700000.0
"87 Mê Linh, Q2",phòng trọ,cho thuê,18.0,0,không có,mới,2200000.0
"42 Cách Mạng Tháng Tám, Q6",phòng trọ,cho thuê,9.0,0,không có,tốt,500000.0
"91 Nam Kỳ Khởi Nghĩa, Q3",phòng trọ,cho thuê,11.0,0,đầy đủ,cũ,1400000.0
"195 Lý Thường Kiệt, Q5",chung cư,bán,90.0,15,cơ bản,tốt,6372000000.0
"165 Hàm Nghi, Q5",phòng trọ,cho thuê,14.0,0,cơ bản,mới,2200000.0
"43 Nguyễn Trãi, Q9",phòng trọ,cho thuê,19.0,0,cơ bản,mới,3000000.0
"138 Lạc Long Quân, Q1",phòng trọ,cho thuê,12.0,0,cơ bản,tốt,1200000.0
"9 Lạc Long Quân, Q8",chung cư,bán,65.0,11,không có,cũ,1555300000.0
"45 Hải Thượng Lãn Ông, Q3",phòng trọ,cho thuê,14.0,0,không có,cũ,800000.0
"172 Võ Nguyên Giáp, Q6",phòng trọ,cho thuê,16.0,0,cơ bản,tốt,2400000.0
"198 Lê Văn Duyệt, Q7",phòng trọ,cho thuê,17.0,0,cơ bản,mới,2800000.0
"130 Phạm Ngũ Lão, Q9",phòng trọ,cho thuê,11.0,0,không có,cũ,800000.0
"104 Lê Văn Duyệt, Q9",nhà nguyên căn,bán,35.0,3,không có,mới,7997900000.0
"74 Trường Chinh, Q9",nhà nguyên căn,bán,40.0,1,đầy đủ,mới,2598000000.0
"33 Nam Kỳ Khởi Nghĩa, Q2",phòng trọ,cho thuê,10.0,0,đầy đủ,mới,1700000.0
"27 Lũy Bán Bích, Q8",phòng trọ,cho thuê,13.0,0,không có,mới,1300000.0
"80 Đồng Khởi, Q2",chung cư,bán,120.0,13,cơ bản,mới,4849400000.0
"154 Lý Thường Kiệt, Q7",phòng trọ,cho thuê,9.0,0,đầy đủ,tốt,1000000.0
"47 Võ Nguyên Giáp, Q1",chung cư,cho thuê,70.0,4,cơ bản,mới,6300000.0
"192 Mê Linh, Q2",phòng trọ,cho thuê,11.0,0,không có,tốt,1400000.0
"5 Hai Bà Trưng, Q3",phòng trọ,cho thuê,16.0,0,đầy đủ,mới,1500000.0
"150 Hải Thượng Lãn Ông, Q3",phòng trọ,cho thuê,20.0,0,đầy đủ,mới,3600000.0
"116 Phạm Văn Đồng, Q4",nhà nguyên căn,bán,30.0,5,cơ bản,cũ,7339800000.0
"12 Cách Mạng Tháng Tám, Q10",phòng trọ,cho thuê,15.0,0,không có,cũ,1300000.0
"112 Trần Hưng Đạo, Q3",phòng trọ,cho thuê,13.0,0,đầy đủ,cũ,1400000.0
"43 Lý Tự Trọng, Q2",chung cư,bán,124.0,12,đầy đủ,cũ,7061800000.0
"170 Lê Lợi, Q6",phòng trọ,cho thuê,9.0,0,đầy đủ,mới,800000.0
"45 Bùi Viện, Q8",phòng trọ,cho thuê,16.0,0,cơ bản,tốt,2200000.0
"138 Nam Kỳ Khởi Nghĩa, Q2",phòng trọ,cho thuê,9.0,0,không có,mới,1300000.0
"80 Lý Tự Trọng, Q4",chung cư,bán,70.0,2,đầy đủ,mới,2625000000.0
"111 Mê Linh, Q3",phòng trọ,cho thuê,15.0,0,đầy đủ,mới,3100000.0
"121 Dân Chủ, Q2",phòng trọ,cho thuê,13.0,0,cơ bản,tốt,1700000.0
"2 Lê Lợi, Q2",phòng trọ,cho thuê,16.0,0,đầy đủ,mới,2900000.0
"1 Lam Sơn, Q6",chung cư,bán,124.0,7,đầy đủ,mới,8786700000.0
"160 Lê Duẩn, Q6",chung cư,bán,65.0,7,đầy đủ,cũ,4203300000.0
"37 Lê Văn Duyệt, Q2",văn phòng,cho thuê,195.0,1,không có,cũ,85100000.0
"116 Châu Văn Liêm, Q10",phòng trọ,cho thuê,15.0,0,đầy đủ,cũ,2500000.0
"158 Công xã Paris, Q6",chung cư,bán,75.0,2,cơ bản,mới,5879100000.0
"87 Trường Chinh, Q6",phòng trọ,cho thuê,9.0,0,cơ bản,tốt,600000.0
"130 Phạm Ngũ Lão, Q10",phòng trọ,cho thuê,10.0,0,cơ bản,cũ,1500000.0
"183 Rừng Sác, Q7",phòng trọ,cho thuê,19.0,0,cơ bản,tốt,3000000.0
"144 Lạc Long Quân, Q9",phòng trọ,cho thuê,9.0,0,không có,mới,1100000.0
"46 Lê Lợi, Q8",chung cư,cho thuê,65.0,18,đầy đủ,mới,5400000.0
"199 Nguyễn Hữu Cảnh, Q7",phòng trọ,cho thuê,20.0,0,cơ bản,cũ,2100000.0
"59 Rừng Sác, Q5",phòng trọ,cho thuê,9.0,0,không có,mới,800000.0
"140 Âu Cơ, Q2",phòng trọ,cho thuê,17.0,0,không có,mới,2500000.0
"178 Xô Viết Nghệ Tĩnh, Q7",nhà nguyên căn,cho thuê,34.0,1,không có,mới,3100000.0
"171 Cách Mạng Tháng Tám, Q8",chung cư,bán,120.0,12,không có,cũ,4053600000.0
"23 Lũy Bán Bích, Q5",nhà nguyên căn,cho thuê,44.0,2,không có,cũ,12600000.0
"159 Trần Hưng Đạo, Q2",phòng trọ,cho thuê,18.0,0,đầy đủ,mới,3400000.0
"3 CMT8, Q9",phòng trọ,cho thuê,15.0,0,cơ bản,mới,1300000.0
"197 CMT8, Q6",phòng trọ,cho thuê,13.0,0,không có,mới,1000000.0
"83 Lũy Bán Bích, Q6",phòng trọ,cho thuê,11.0,0,đầy đủ,mới,1200000.0
"26 Nguyễn Trãi, Q10",nhà nguyên căn,cho thuê,41.0,1,cơ bản,cũ,4000000.0
"143 Châu Văn Liêm, Q7",phòng trọ,cho thuê,12.0,0,đầy đủ,cũ,1200000.0
"115 Dân Chủ, Q6",phòng trọ,cho thuê,19.0,0,đầy đủ,tốt,3000000.0
"143 Hàm Nghi, Q10",phòng trọ,cho thuê,19.0,0,không có,tốt,3200000.0
"40 Trường Chinh, Q9",phòng trọ,cho thuê,16.0,0,không có,tốt,1300000.0
"177 Hàm Nghi, Q10",chung cư,bán,120.0,7,không có,tốt,10457400000.0
"135 Trần Hưng Đạo, Q8",chung cư,bán,84.0,7,không có,mới,4384200000.0
"96 Lý Thường Kiệt, Q4",văn phòng,cho thuê,390.0,4,đầy đủ,mới,702500000.0
"23 Mai Chí Thọ, Q1",phòng trọ,cho thuê,19.0,0,cơ bản,cũ,2600000.0
"148 Lê Văn Duyệt, Q4",phòng trọ,cho thuê,9.0,0,đầy đủ,mới,700000.0
"58 Nguyễn Văn Linh, Q7",phòng trọ,cho thuê,14.0,0,cơ bản,tốt,1900000.0
"110 Hàm Nghi, Q2",phòng trọ,cho thuê,17.0,0,không có,mới,1300000.0
"61 Hùng Vương, Q3",chung cư,bán,70.0,16,không có,tốt,3401100000.0
"79 Tôn Đức Thắng, Q1",phòng trọ,cho thuê,12.0,0,cơ bản,tốt,1600000.0
"39 Cách Mạng Tháng Tám, Q4",phòng trọ,cho thuê,11.0,0,cơ bản,cũ,800000.0
"110 Xô Viết Nghệ Tĩnh, Q2",nhà nguyên căn,cho thuê,44.0,1,cơ bản,mới,3300000.0
"154 Hàm Nghi, Q2",phòng trọ,cho thuê,13.0,0,cơ bản,tốt,800000.0
"37 Quốc tế, Q1",phòng trọ,cho thuê,17.0,0,không có,mới,2900000.0
"153 Lũy Bán Bích, Q7",văn phòng,cho thuê,370.0,11,không có,mới,454000000.0
"146 Lý Thường Kiệt, Q4",phòng trọ,cho thuê,12.0,0,cơ bản,mới,2000000.0
"29 Quách Thị Trang, Q8",văn phòng,cho thuê,455.0,10,không có,mới,203400000.0
"156 Âu Cơ, Q10",phòng trọ,cho thuê,19.0,0,đầy đủ,cũ,2400000.0
"40 Nam Kỳ Khởi Nghĩa, Q3",phòng trọ,cho thuê,16.0,0,không có,mới,1500000.0
"34 Nam Kỳ Khởi Nghĩa, Q4",phòng trọ,cho thuê,20.0,0,đầy đủ,mới,3500000.0
"118 Lê Duẩn, Q10",phòng trọ,cho thuê,14.0,0,đầy đủ,cũ,2600000.0
"95 Quách Thị Trang, Q3",phòng trọ,cho thuê,11.0,0,không có,tốt,1800000.0
"80 CMT8, Q7",phòng trọ,cho thuê,11.0,0,đầy đủ,mới,2200000.0
"1 Nguyễn Văn Linh, Q6",nhà nguyên căn,bán,29.0,3,đầy đủ,cũ,4656000000.0
"146 Bùi Viện, Q5",phòng trọ,cho thuê,16.0,0,đầy đủ,mới,3100000.0
"16 CMT8, Q6",phòng trọ,cho thuê,18.0,0,cơ bản,mới,2600000.0
"37 Nguyễn Huệ, Q7",phòng trọ,cho thuê,16.0,0,đầy đủ,cũ,2600000.0
"190 Nam Kỳ Khởi Nghĩa, Q9",phòng trọ,cho thuê,9.0,0,cơ bản,cũ,1000000.0
"8 Hai Bà Trưng, Q2",chung cư,bán,70.0,3,không có,tốt,5229500000.0
"3 CMT8, Q10",phòng trọ,cho thuê,15.0,0,đầy đủ,tốt,2100000.0
"197 Nguyễn Hữu Cảnh, Q2",văn phòng,bán,390.0,5,đầy đủ,mới,36704700000.0
"7 Xô Viết Nghệ Tĩnh, Q8",phòng trọ,cho thuê,10.0,0,đầy đủ,mới,1200000.0
"141 Lũy Bán Bích, Q9",phòng trọ,cho thuê,13.0,0,đầy đủ,tốt,900000.0
"126 Nguyễn Văn Linh, Q10",nhà nguyên căn,cho thuê,44.0,3,không có,tốt,23000000.0
"27 Nguyễn Huệ, Q3",phòng trọ,cho thuê,20.0,0,cơ bản,tốt,2300000.0
"4 Phạm Ngũ Lão, Q1",phòng trọ,cho thuê,12.0,0,đầy đủ,tốt,2200000.0
"179 Quốc tế, Q6",chung cư,bán,84.0,3,cơ bản,mới,6909700000.0
"159 Lê Văn Duyệt, Q9",phòng trọ,cho thuê,17.0,0,đầy đủ,tốt,1500000.0
"137 Tôn Đức Thắng, Q4",phòng trọ,cho thuê,20.0,0,đầy đủ,mới,1700000.0
"22 Xô Viết Nghệ Tĩnh, Q4",phòng trọ,cho thuê,12.0,0,cơ bản,mới,1900000.0
"50 Hàm Nghi, Q9",phòng trọ,cho thuê,17.0,0,đầy đủ,tốt,1600000.0
"65 Tôn Đức Thắng, Q8",chung cư,cho thuê,84.0,9,đầy đủ,mới,12000000.0
"92 Pasteur, Q3",phòng trọ,cho thuê,16.0,0,cơ bản,mới,2000000.0
"21 Phạm Văn Đồng, Q5",phòng trọ,cho thuê,13.0,0,đầy đủ,mới,2600000.0
"172 Tôn Đức Thắng, Q2",phòng trọ,cho thuê,12.0,0,đầy đủ,tốt,1300000.0
"11 Đồng Khởi, Q9",phòng trọ,cho thuê,11.0,0,đầy đủ,tốt,1800000.0
"149 Phạm Ngũ Lão, Q9",phòng trọ,cho thuê,17.0,0,cơ bản,mới,1400000.0
"191 Cách Mạng Tháng Tám, Q6",chung cư,cho thuê,84.0,18,cơ bản,tốt,10100000.0
"181 Tôn Đức Thắng, Q7",phòng trọ,cho thuê,14.0,0,cơ bản,tốt,1200000.0
"54 Trần Hưng Đạo, Q4",phòng trọ,cho thuê,18.0,0,cơ bản,tốt,1800000.0
"65 Âu Cơ, Q3",chung cư,bán,120.0,19,đầy đủ,cũ,4531300000.0
"50 Rừng Sác, Q6",phòng trọ,cho thuê,20.0,0,cơ bản,tốt,3100000.0
"109 Phạm Ngũ Lão, Q1",phòng trọ,cho thuê,15.0,0,đầy đủ,tốt,3000000.0
"114 Lê Văn Duyệt, Q4",phòng trọ,cho thuê,14.0,0,cơ bản,tốt,1300000.0
"45 Tôn Đức Thắng, Q1",phòng trọ,cho thuê,18.0,0,không có,tốt,1800000.0
"155 Cách Mạng Tháng Tám, Q9",phòng trọ,cho thuê,12.0,0,đầy đủ,cũ,1500000.0
"125 Cách Mạng Tháng Tám, Q5",phòng trọ,cho thuê,10.0,0,cơ bản,mới,2200000.0
"105 Dân Chủ, Q4",phòng trọ,cho thuê,15.0,0,cơ bản,tốt,1000000.0
"109 Quốc tế, Q1",phòng trọ,cho thuê,17.0,0,đầy đủ,cũ,2400000.0
"136 Pasteur, Q3",phòng trọ,cho thuê,14.0,0,không có,cũ,1900000.0
"175 Tôn Đức Thắng, Q8",phòng trọ,cho thuê,20.0,0,đầy đủ,tốt,1300000.0
"66 Lê Văn Duyệt, Q1",phòng trọ,cho thuê,10.0,0,đầy đủ,cũ,1600000.0
"36 Trường Chinh, Q1",nhà nguyên căn,bán,45.0,4,đầy đủ,tốt,17231400000.0
"11 Đồng Khởi, Q10",phòng trọ,cho thuê,16.0,0,cơ bản,mới,2400000.0
"18 Dân Chủ, Q2",phòng trọ,cho thuê,16.0,0,cơ bản,cũ,2300000.0
"147 Nguyễn Văn Linh, Q8",phòng trọ,cho thuê,11.0,0,cơ bản,cũ,700000.0
"3 Lý Thường Kiệt, Q8",phòng trọ,cho thuê,11.0,0,cơ bản,tốt,1700000.0
"105 Nam Kỳ Khởi Nghĩa, Q4",phòng trọ,cho thuê,12.0,0,không có,mới,800000.0
"185 Công xã Paris, Q6",văn phòng,cho thuê,295.0,13,không có,cũ,348700000.0
"17 Xô Viết Nghệ Tĩnh, Q2",phòng trọ,cho thuê,11.0,0,cơ bản,tốt,600000.0
"36 Võ Chí Công, Q10",phòng trọ,cho thuê,12.0,0,cơ bản,tốt,1500000.0
"9 Hải Thượng Lãn Ông, Q8",phòng trọ,cho thuê,19.0,0,đầy đủ,tốt,1200000.0
"108 Cách Mạng Tháng Tám, Q5",phòng trọ,cho thuê,15.0,0,không có,mới,1100000.0
"3 Võ Chí Công, Q2",phòng trọ,cho thuê,14.0,0,không có,tốt,1800000.0
"58 Cách Mạng Tháng Tám, Q3",phòng trọ,cho thuê,20.0,0,đầy đủ,mới,2400000.0
"57 Bùi Viện, Q4",chung cư,bán,90.0,19,không có,cũ,1654100000.0
"64 Lam Sơn, Q4",văn phòng,cho thuê,325.0,1,không có,tốt,226200000.0
"172 Lê Lợi, Q6",phòng trọ,cho thuê,13.0,0,đầy đủ,tốt,1800000.0
"25 Lê Duẩn, Q10",phòng trọ,cho thuê,15.0,0,không có,cũ,1500000.0
"82 Nguyễn Hữu Cảnh, Q1",nhà nguyên căn,cho thuê,31.0,3,cơ bản,cũ,8400000.0
"135 Nguyễn Trãi, Q8",phòng trọ,cho thuê,20.0,0,đầy đủ,cũ,3300000.0
"17 Mê Linh, Q6",phòng trọ,cho thuê,16.0,0,không có,tốt,800000.0
"108 Nguyễn Huệ, Q7",phòng trọ,cho thuê,12.0,0,đầy đủ,cũ,700000.0
"66 Châu Văn Liêm, Q3",phòng trọ,cho thuê,19.0,0,đầy đủ,cũ,3200000.0
"200 Lý Tự Trọng, Q7",phòng trọ,cho thuê,20.0,0,không có,cũ,2500000.0
"59 Tôn Đức Thắng, Q7",chung cư,bán,124.0,5,không có,mới,10232200000.0
"27 Nam Kỳ Khởi Nghĩa, Q7",phòng trọ,cho thuê,16.0,0,đầy đủ,mới,2800000.0
"73 Quách Thị Trang, Q2",phòng trọ,cho thuê,18.0,0,không có,cũ,2400000.0
"152 Bùi Viện, Q8",nhà nguyên căn,cho thuê,32.0,3,cơ bản,mới,12800000.0
"155 Lê Văn Duyệt, Q1",phòng trọ,cho thuê,19.0,0,đầy đủ,mới,1700000.0
"104 Lý Tự Trọng, Q4",phòng trọ,cho thuê,11.0,0,cơ bản,cũ,1300000.0
"5 Nguyễn Huệ, Q2",phòng trọ,cho thuê,14.0,0,không có,mới,1300000.0
"111 Hai Bà Trưng, Q2",chung cư,cho thuê,65.0,15,cơ bản,mới,4500000.0
"117 Phạm Văn Đồng, Q6",phòng trọ,cho thuê,17.0,0,cơ bản,cũ,1400000.0
"161 Trần Hưng Đạo, Q2",phòng trọ,cho thuê,10.0,0,cơ bản,cũ,1500000.0
"103 Cách Mạng Tháng Tám, Q10",nhà nguyên căn,bán,43.0,2,đầy đủ,tốt,9038000000.0
"172 Lý Tự Trọng, Q10",phòng trọ,cho thuê,13.0,0,không có,cũ,1400000.0
"72 Lũy Bán Bích, Q10",nhà nguyên căn,bán,27.0,3,không có,cũ,2074800000.0
"89 Rừng Sác, Q4",nhà nguyên căn,cho thuê,41.0,4,cơ bản,tốt,9100000.0
"105 Rừng Sác, Q6",nhà nguyên căn,cho thuê,27.0,1,đầy đủ,tốt,3900000.0
"128 Đồng Khởi, Q8",nhà nguyên căn,cho thuê,33.0,2,đầy đủ,tốt,4100000.0
"134 Âu Cơ, Q4",nhà nguyên căn,bán,30.0,4,không có,mới,6664300000.0
"35 Cách Mạng Tháng Tám, Q8",nhà nguyên căn,cho thuê,28.0,1,không có,cũ,2000000.0
"131 Pasteur, Q2",phòng trọ,cho thuê,12.0,0,không có,cũ,1600000.0
"125 Công xã Paris, Q7",phòng trọ,cho thuê,19.0,0,đầy đủ,mới,1500000.0
"194 Quốc tế, Q7",phòng trọ,cho thuê,15.0,0,không có,cũ,1600000.0
"112 Đồng Khởi, Q1",phòng trọ,cho thuê,15.0,0,cơ bản,cũ,1700000.0
"99 Cách Mạng Tháng Tám, Q6",phòng trọ,cho thuê,17.0,0,không có,mới,1600000.0
"114 Châu Văn Liêm, Q1",phòng trọ,cho thuê,11.0,0,đầy đủ,cũ,2000000.0
"86 Cách Mạng Tháng Tám, Q10",phòng trọ,cho thuê,19.0,0,đầy đủ,mới,2900000.0
"55 Lũy Bán Bích, Q10",phòng trọ,cho thuê,18.0,0,cơ bản,cũ,2200000.0
"189 Mai Chí Thọ, Q9",nhà nguyên căn,cho thuê,41.0,2,cơ bản,tốt,12200000.0
"72 Nguyễn Trãi, Q5",phòng trọ,cho thuê,15.0,0,cơ bản,tốt,2500000.0
"194 Hai Bà Trưng, Q7",phòng trọ,cho thuê,17.0,0,không có,cũ,1300000.0
"159 CMT8, Q6",nhà nguyên căn,cho thuê,42.0,1,không có,tốt,3800000.0
"145 Lạc Long Quân, Q6",phòng trọ,cho thuê,18.0,0,cơ bản,mới,2200000.0
"162 Hai Bà Trưng, Q8",phòng trọ,cho thuê,13.0,0,đầy đủ,mới,1800000.0
"73 Bùi Viện, Q10",phòng trọ,cho thuê,17.0,0,cơ bản,cũ,2600000.0
"153 Mai Chí Thọ, Q3",phòng trọ,cho thuê,11.0,0,cơ bản,tốt,2100000.0
"95 Tôn Đức Thắng, Q5",phòng trọ,cho thuê,19.0,0,không có,tốt,3500000.0
"191 Lê Văn Duyệt, Q6",phòng trọ,cho thuê,10.0,0,đầy đủ,tốt,1400000.0
"150 Trường Chinh, Q2",phòng trọ,cho thuê,13.0,0,cơ bản,cũ,1200000.0
"175 Lý Tự Trọng, Q1",chung cư,cho thuê,70.0,18,cơ bản,cũ,11500000.0
"126 Đồng Khởi, Q4",phòng trọ,cho thuê,9.0,0,đầy đủ,cũ,1300000.0
"159 Hàm Nghi, Q8",phòng trọ,cho thuê,18.0,0,cơ bản,cũ,1900000.0
"98 Công xã Paris, Q3",phòng trọ,cho thuê,11.0,0,cơ bản,tốt,2300000.0
"162 Công xã Paris, Q2",phòng trọ,cho thuê,10.0,0,không có,mới,1300000.0
"133 Rừng Sác, Q5",phòng trọ,cho thuê,20.0,0,đầy đủ,mới,2900000.0
"120 Lam Sơn, Q2",nhà nguyên căn,cho thuê,36.0,4,không có,cũ,16900000.0
"41 Nguyễn Huệ, Q4",phòng trọ,cho thuê,11.0,0,cơ bản,mới,1900000.0
"104 Mai Chí Thọ, Q7",phòng trọ,cho thuê,18.0,0,cơ bản,mới,2800000.0
"87 Mai Chí Thọ, Q3",chung cư,cho thuê,120.0,13,đầy đủ,mới,12000000.0
"175 Lý Tự Trọng, Q4",phòng trọ,cho thuê,12.0,0,không có,tốt,1600000.0
"198 Hùng Vương, Q7",phòng trọ,cho thuê,9.0,0,đầy đủ,cũ,800000.0
"94 Phạm Ngũ Lão, Q7",chung cư,cho thuê,84.0,20,đầy đủ,tốt,13700000.0
"42 Quách Thị Trang, Q8",nhà nguyên căn,cho thuê,28.0,2,cơ bản,cũ,4700000.0
"35 Hàm Nghi, Q9",phòng trọ,cho thuê,9.0,0,cơ bản,cũ,700000.0
"78 Đồng Khởi, Q1",phòng trọ,cho thuê,19.0,0,không có,tốt,2000000.0
"111 Quốc tế, Q1",phòng trọ,cho thuê,16.0,0,đầy đủ,mới,2500000.0
"32 Bùi Viện, Q7",nhà nguyên căn,bán,29.0,3,cơ bản,cũ,5950300000.0
"134 Phạm Ngũ Lão, Q3",nhà nguyên căn,cho thuê,42.0,1,đầy đủ,mới,5400000.0
"108 Lê Văn Duyệt, Q3",phòng trọ,cho thuê,17.0,0,cơ bản,cũ,1400000.0
"26 Võ Nguyên Giáp, Q6",chung cư,bán,90.0,3,đầy đủ,cũ,7032000000.0
"96 Xô Viết Nghệ Tĩnh, Q3",phòng trọ,cho thuê,19.0,0,không có,mới,1700000.0
"97 Lý Tự Trọng, Q7",phòng trọ,cho thuê,19.0,0,không có,mới,3200000.0
"183 Tôn Đức Thắng, Q5",phòng trọ,cho thuê,20.0,0,không có,mới,1400000.0
"55 Lê Văn Duyệt, Q5",nhà nguyên căn,bán,29.0,2,đầy đủ,tốt,2232900000.0
"145 Trần Hưng Đạo, Q4",phòng trọ,cho thuê,19.0,0,đầy đủ,cũ,2000000.0
"33 Lê Lợi, Q10",phòng trọ,cho thuê,10.0,0,đầy đủ,cũ,800000.0
"196 Công xã Paris, Q7",phòng trọ,cho thuê,12.0,0,cơ bản,mới,1800000.0
"144 Lam Sơn, Q3",phòng trọ,cho thuê,9.0,0,không có,mới,800000.0
"59 Lê Văn Duyệt, Q7",phòng trọ,cho thuê,20.0,0,cơ bản,cũ,1600000.0
"36 Cách Mạng Tháng Tám, Q5",chung cư,bán,70.0,8,cơ bản,tốt,5305600000.0
"113 Mai Chí Thọ, Q4",phòng trọ,cho thuê,19.0,0,cơ bản,cũ,1000000.0
"121 Lê Lợi, Q9",phòng trọ,cho thuê,14.0,0,cơ bản,tốt,2000000.0
"93 Hai Bà Trưng, Q8",nhà nguyên căn,bán,45.0,3,cơ bản,tốt,7998000000.0
"180 Tôn Đức Thắng, Q1",phòng trọ,cho thuê,20.0,0,không có,tốt,2700000.0
"40 Quách Thị Trang, Q4",phòng trọ,cho thuê,15.0,0,đầy đủ,mới,2900000.0
"73 Nguyễn Thị Minh Khai, Q5",phòng trọ,cho thuê,9.0,0,không có,tốt,1000000.0
"160 Tôn Đức Thắng, Q8",phòng trọ,cho thuê,17.0,0,đầy đủ,mới,2500000.0
"17 Rừng Sác, Q2",phòng trọ,cho thuê,9.0,0,không có,mới,1100000.0
"175 Nguyễn Hữu Cảnh, Q6",phòng trọ,cho thuê,15.0,0,đầy đủ,tốt,1700000.0
"98 Pasteur, Q7",phòng trọ,cho thuê,16.0,0,không có,tốt,900000.0
"166 Tôn Đức Thắng, Q5",phòng trọ,cho thuê,16.0,0,không có,mới,2900000.0
"46 Nam Kỳ Khởi Nghĩa, Q5",phòng trọ,cho thuê,12.0,0,cơ bản,tốt,2400000.0
"51 Nguyễn Huệ, Q7",phòng trọ,cho thuê,17.0,0,cơ bản,cũ,2200000.0
"88 Xô Viết Nghệ Tĩnh, Q3",phòng trọ,cho thuê,17.0,0,không có,tốt,2300000.0
"165 Mê Linh, Q4",văn phòng,cho thuê,555.0,13,cơ bản,cũ,798300000.0
"20 Cách Mạng Tháng Tám, Q7",phòng trọ,cho thuê,10.0,0,không có,mới,1600000.0
"89 Võ Nguyên Giáp, Q9",phòng trọ,cho thuê,17.0,0,không có,tốt,1400000.0
"119 Phạm Văn Đồng, Q6",phòng trọ,cho thuê,10.0,0,cơ bản,tốt,700000.0
"29 Dân Chủ, Q5",phòng trọ,cho thuê,9.0,0,không có,mới,900000.0
"148 CMT8, Q9",phòng trọ,cho thuê,12.0,0,cơ bản,mới,900000.0
"175 Nguyễn Huệ, Q9",chung cư,bán,90.0,4,cơ bản,tốt,4601700000.0
"76 Công xã Paris, Q2",phòng trọ,cho thuê,16.0,0,không có,cũ,1800000.0
"180 Lê Văn Duyệt, Q3",phòng trọ,cho thuê,18.0,0,đầy đủ,cũ,2800000.0
"25 Nguyễn Thị Minh Khai, Q7",phòng trọ,cho thuê,11.0,0,không có,tốt,1400000.0
"7 Bùi Viện, Q7",phòng trọ,cho thuê,11.0,0,không có,cũ,700000.0
"122 Lũy Bán Bích, Q1",phòng trọ,cho thuê,15.0,0,cơ bản,tốt,1600000.0
"139 Hàm Nghi, Q4",chung cư,bán,124.0,8,đầy đủ,tốt,9573700000.0
"48 Võ Chí Công, Q3",phòng trọ,cho thuê,18.0,0,cơ bản,mới,1700000.0
"140 Lê Văn Duyệt, Q1",phòng trọ,cho thuê,15.0,0,không có,mới,1700000.0
"56 Hai Bà Trưng, Q2",chung cư,bán,120.0,6,không có,tốt,6512700000.0
"196 Phạm Văn Đồng, Q1",phòng trọ,cho thuê,18.0,0,không có,cũ,1800000.0
"89 Lý Tự Trọng, Q4",phòng trọ,cho thuê,18.0,0,cơ bản,tốt,1000000.0
"198 Nguyễn Thị Minh Khai, Q9",phòng trọ,cho thuê,12.0,0,không có,cũ,1200000.0
"72 Mai Chí Thọ, Q2",phòng trọ,cho thuê,14.0,0,cơ bản,mới,2300000.0
"14 Hai Bà Trưng, Q10",phòng trọ,cho thuê,12.0,0,không có,tốt,1600000.0
"131 CMT8, Q9",phòng trọ,cho thuê,20.0,0,cơ bản,cũ,1200000.0
"56 Hàm Nghi, Q8",phòng trọ,cho thuê,15.0,0,không có,mới,2400000.0
"35 Cách Mạng Tháng Tám, Q3",phòng trọ,cho thuê,15.0,0,đầy đủ,tốt,1400000.0
"101 CMT8, Q5",nhà nguyên căn,cho thuê,38.0,1,cơ bản,mới,3400000.0
"12 Lê Lợi, Q1",phòng trọ,cho thuê,20.0,0,không có,cũ,2200000.0
"194 Võ Nguyên Giáp, Q4",phòng trọ,cho thuê,20.0,0,cơ bản,cũ,2200000.0
"26 Rừng Sác, Q8",phòng trọ,cho thuê,11.0,0,cơ bản,mới,1600000.0
"161 CMT8, Q6",phòng trọ,cho thuê,12.0,0,đầy đủ,mới,1900000.0
"125 Pasteur, Q4",phòng trọ,cho thuê,12.0,0,không có,tốt,1100000.0
"56 Trường Chinh, Q2",phòng trọ,cho thuê,19.0,0,đầy đủ,mới,1500000.0
"117 Dân Chủ, Q5",phòng trọ,cho thuê,15.0,0,đầy đủ,cũ,2400000.0
"123 Lê Văn Duyệt, Q1",phòng trọ,cho thuê,16.0,0,cơ bản,mới,2100000.0
"193 Cách Mạng Tháng Tám, Q10",nhà nguyên căn,bán,30.0,1,đầy đủ,tốt,2114900000.0
"33 Quốc tế, Q1",văn phòng,cho thuê,135.0,2,đầy đủ,cũ,159700000.0
"106 Võ Chí Công, Q6",nhà nguyên căn,bán,28.0,3,đầy đủ,mới,4218000000.0
"132 Trường Chinh, Q3",phòng trọ,cho thuê,16.0,0,cơ bản,cũ,2000000.0
"131 Lê Lợi, Q7",nhà nguyên căn,bán,29.0,1,đầy đủ,cũ,1435600000.0
"64 Xô Viết Nghệ Tĩnh, Q10",văn phòng,cho thuê,545.0,15,cơ bản,mới,793700000.0
"32 Quách Thị Trang, Q5",phòng trọ,cho thuê,11.0,0,đầy đủ,cũ,1400000.0
"52 Lũy Bán Bích, Q2",phòng trọ,cho thuê,18.0,0,không có,tốt,1400000.0
"136 Nguyễn Hữu Cảnh, Q3",phòng trọ,cho thuê,20.0,0,không có,mới,2200000.0
"9 Nam Kỳ Khởi Nghĩa, Q1",phòng trọ,cho thuê,17.0,0,không có,tốt,2500000.0
"100 Âu Cơ, Q6",phòng trọ,cho thuê,13.0,0,cơ bản,tốt,1400000.0
"87 Lê Lợi, Q10",phòng trọ,cho thuê,10.0,0,đầy đủ,tốt,800000.0
"131 Lam Sơn, Q7",phòng trọ,cho thuê,13.0,0,cơ bản,tốt,2000000.0
"165 Nguyễn Huệ, Q7",phòng trọ,cho thuê,10.0,0,đầy đủ,mới,700000.0
"17 Lũy Bán Bích, Q10",nhà nguyên căn,cho thuê,39.0,4,không có,tốt,27300000.0
"120 Đồng Khởi, Q3",phòng trọ,cho thuê,19.0,0,đầy đủ,mới,1800000.0
"8 Mê Linh, Q3",phòng trọ,cho thuê,11.0,0,đầy đủ,cũ,1700000.0
"67 Quách Thị Trang, Q6",chung cư,bán,65.0,14,đầy đủ,tốt,3201200000.0
"80 Tôn Đức Thắng, Q5",phòng trọ,cho thuê,9.0,0,cơ bản,tốt,600000.0
"107 Phạm Văn Đồng, Q4",chung cư,bán,120.0,9,cơ bản,cũ,5683200000.0
"71 Rừng Sác, Q2",phòng trọ,cho thuê,15.0,0,cơ bản,mới,900000.0
"114 Lê Lợi, Q7",phòng trọ,cho thuê,13.0,0,đầy đủ,cũ,1600000.0
"18 Lê Lợi, Q9",phòng trọ,cho thuê,15.0,0,cơ bản,cũ,1800000.0
"71 Lý Tự Trọng, Q6",phòng trọ,cho thuê,10.0,0,đầy đủ,mới,1100000.0
"175 Lê Lợi, Q4",phòng trọ,cho thuê,11.0,0,cơ bản,cũ,1400000.0
"132 Trần Hưng Đạo, Q8",phòng trọ,cho thuê,14.0,0,không có,mới,2100000.0
"98 Xô Viết Nghệ Tĩnh, Q3",phòng trọ,cho thuê,12.0,0,đầy đủ,mới,1200000.0
"87 Võ Chí Công, Q2",phòng trọ,cho thuê,11.0,0,cơ bản,mới,1100000.0
"174 Phạm Văn Đồng, Q6",phòng trọ,cho thuê,9.0,0,đầy đủ,mới,1400000.0
"68 Hai Bà Trưng, Q9",nhà nguyên căn,cho thuê,45.0,1,cơ bản,tốt,6300000.0
"160 Lý Tự Trọng, Q4",phòng trọ,cho thuê,19.0,0,cơ bản,cũ,2700000.0
"133 Lý Thường Kiệt, Q2",văn phòng,cho thuê,470.0,13,cơ bản,cũ,313300000.0
"71 Quách Thị Trang, Q2",phòng trọ,cho thuê,19.0,0,không có,mới,3100000.0
"45 Công xã Paris, Q8",phòng trọ,cho thuê,10.0,0,không có,cũ,800000.0
"183 Dân Chủ, Q8",phòng trọ,cho thuê,20.0,0,đầy đủ,mới,1800000.0
"47 Lạc Long Quân, Q3",phòng trọ,cho thuê,9.0,0,không có,mới,1000000.0
"192 Quách Thị Trang, Q9",phòng trọ,cho thuê,18.0,0,cơ bản,tốt,2700000.0
"26 Nguyễn Hữu Cảnh, Q2",phòng trọ,cho thuê,17.0,0,đầy đủ,mới,2400000.0
"5 Lý Thường Kiệt, Q3",phòng trọ,cho thuê,20.0,0,cơ bản,mới,2300000.0
"131 Rừng Sác, Q9",phòng trọ,cho thuê,12.0,0,không có,mới,1800000.0
"35 Nguyễn Thị Minh Khai, Q7",phòng trọ,cho thuê,15.0,0,cơ bản,tốt,2000000.0
"25 Nguyễn Văn Linh, Q1",phòng trọ,cho thuê,17.0,0,không có,mới,1600000.0
"194 Nguyễn Thị Minh Khai, Q1",phòng trọ,cho thuê,17.0,0,cơ bản,mới,1600000.0
"168 Pasteur, Q3",phòng trọ,cho thuê,19.0,0,đầy đủ,mới,3000000.0
"122 Nguyễn Thị Minh Khai, Q10",phòng trọ,cho thuê,15.0,0,đầy đủ,cũ,1800000.0
"96 Nguyễn Hữu Cảnh, Q4",phòng trọ,cho thuê,18.0,0,không có,mới,1500000.0
"20 Âu Cơ, Q2",nhà nguyên căn,bán,40.0,2,không có,tốt,3229000000.0
"16 Nguyễn Thị Minh Khai, Q10",chung cư,cho thuê,120.0,16,đầy đủ,mới,15500000.0
"191 Mê Linh, Q10",phòng trọ,cho thuê,15.0,0,đầy đủ,mới,2500000.0
"99 Trần Hưng Đạo, Q1",phòng trọ,cho thuê,15.0,0,không có,mới,1600000.0
"196 Hải Thượng Lãn Ông, Q9",phòng trọ,cho thuê,17.0,0,đầy đủ,cũ,1900000.0
"146 Nguyễn Văn Linh, Q8",phòng trọ,cho thuê,11.0,0,cơ bản,tốt,1000000.0
"135 Hùng Vương, Q8",phòng trọ,cho thuê,16.0,0,không có,cũ,1200000.0
"31 Dân Chủ, Q5",phòng trọ,cho thuê,17.0,0,cơ bản,tốt,2300000.0
"151 Pasteur, Q3",phòng trọ,cho thuê,16.0,0,cơ bản,cũ,2300000.0
"192 Quách Thị Trang, Q10",phòng trọ,cho thuê,11.0,0,cơ bản,cũ,900000.0
"81 Hàm Nghi, Q5",phòng trọ,cho thuê,18.0,0,đầy đủ,tốt,3300000.0
"11 Lê Duẩn, Q6",phòng trọ,cho thuê,14.0,0,cơ bản,mới,900000.0
"120 Dân Chủ, Q10",phòng trọ,cho thuê,20.0,0,đầy đủ,mới,5100000.0
"126 Châu Văn Liêm, Q7",phòng trọ,cho thuê,13.0,0,cơ bản,tốt,900000.0
"82 Mê Linh, Q1",phòng trọ,cho thuê,18.0,0,đầy đủ,tốt,1900000.0
"81 Hai Bà Trưng, Q1",phòng trọ,cho thuê,15.0,0,đầy đủ,cũ,2800000.0
"180 Pasteur, Q10",phòng trọ,cho thuê,20.0,0,đầy đủ,mới,4900000.0
"100 Nguyễn Văn Linh, Q5",nhà nguyên căn,bán,45.0,4,cơ bản,mới,14614900000.0
"68 Mê Linh, Q5",phòng trọ,cho thuê,12.0,0,không có,tốt,1900000.0
"133 Dân Chủ, Q1",phòng trọ,cho thuê,16.0,0,cơ bản,mới,2700000.0
"66 Quốc tế, Q4",chung cư,bán,70.0,14,không có,mới,2670700000.0
"120 Nam Kỳ Khởi Nghĩa, Q10",phòng trọ,cho thuê,9.0,0,đầy đủ,cũ,1300000.0
"118 Phạm Ngũ Lão, Q6",phòng trọ,cho thuê,12.0,0,không có,mới,1200000.0
"6 Nguyễn Văn Linh, Q10",phòng trọ,cho thuê,12.0,0,không có,mới,1900000.0
"175 Quốc tế, Q7",phòng trọ,cho thuê,15.0,0,đầy đủ,tốt,2600000.0
"116 Công xã Paris, Q8",phòng trọ,cho thuê,19.0,0,đầy đủ,mới,3000000.0
"131 Công xã Paris, Q4",phòng trọ,cho thuê,14.0,0,không có,tốt,900000.0
"115 Công xã Paris, Q1",chung cư,bán,65.0,6,không có,mới,6047500000.0
"168 Phạm Văn Đồng, Q5",phòng trọ,cho thuê,15.0,0,không có,mới,1800000.0
"106 Hùng Vương, Q3",chung cư,cho thuê,65.0,17,không có,mới,10600000.0
"39 Nam Kỳ Khởi Nghĩa, Q6",nhà nguyên căn,bán,42.0,2,đầy đủ,mới,6164200000.0
"189 Lê Duẩn, Q4",phòng trọ,cho thuê,15.0,0,cơ bản,cũ,1000000.0
"183 Âu Cơ, Q5",phòng trọ,cho thuê,20.0,0,đầy đủ,tốt,1600000.0
"77 Lý Tự Trọng, Q10",phòng trọ,cho thuê,15.0,0,không có,cũ,2100000.0
"176 Công xã Paris, Q10",phòng trọ,cho thuê,10.0,0,không có,cũ,1000000.0
"20 Lạc Long Quân, Q1",phòng trọ,cho thuê,10.0,0,không có,tốt,1000000.0
"10 Nguyễn Hữu Cảnh, Q4",phòng trọ,cho thuê,20.0,0,không có,mới,1400000.0
"73 Nguyễn Huệ, Q9",phòng trọ,cho thuê,16.0,0,cơ bản,cũ,1400000.0
"95 Võ Nguyên Giáp, Q7",phòng trọ,cho thuê,16.0,0,đầy đủ,cũ,2500000.0
"29 Châu Văn Liêm, Q6",phòng trọ,cho thuê,16.0,0,đầy đủ,tốt,1400000.0
"195 Võ Nguyên Giáp, Q6",phòng trọ,cho thuê,20.0,0,không có,cũ,2000000.0
"145 Lê Lợi, Q2",chung cư,bán,70.0,13,cơ bản,cũ,1832900000.0
"135 Âu Cơ, Q1",phòng trọ,cho thuê,10.0,0,cơ bản,mới,1900000.0
"5 Phạm Văn Đồng, Q3",phòng trọ,cho thuê,11.0,0,không có,mới,1600000.0
"171 Quách Thị Trang, Q1",phòng trọ,cho thuê,12.0,0,không có,tốt,2200000.0
"129 Bùi Viện, Q8",văn phòng,cho thuê,175.0,14,không có,cũ,201800000.0
"17 Phạm Văn Đồng, Q9",phòng trọ,cho thuê,15.0,0,cơ bản,mới,2100000.0
"22 Nam Kỳ Khởi Nghĩa, Q6",nhà nguyên căn,cho thuê,41.0,3,cơ bản,cũ,6300000.0
"129 Xô Viết Nghệ Tĩnh, Q4",phòng trọ,cho thuê,20.0,0,đầy đủ,mới,4000000.0
"200 Võ Nguyên Giáp, Q7",phòng trọ,cho thuê,18.0,0,đầy đủ,tốt,1600000.0
"153 Mê Linh, Q1",phòng trọ,cho thuê,17.0,0,không có,cũ,2300000.0
"73 Đồng Khởi, Q7",phòng trọ,cho thuê,17.0,0,đầy đủ,tốt,2100000.0
"149 Hàm Nghi, Q1",phòng trọ,cho thuê,11.0,0,đầy đủ,tốt,2000000.0
"177 Hai Bà Trưng, Q8",phòng trọ,cho thuê,9.0,0,cơ bản,mới,1600000.0
"51 Hải Thượng Lãn Ông, Q9",phòng trọ,cho thuê,14.0,0,đầy đủ,cũ,1200000.0
"186 Bùi Viện, Q7",phòng trọ,cho thuê,17.0,0,không có,mới,2200000.0
"36 Lý Thường Kiệt, Q4",nhà nguyên căn,cho thuê,38.0,4,cơ bản,tốt,21300000.0
"126 Lê Lợi, Q3",chung cư,bán,124.0,5,cơ bản,mới,5705300000.0
"151 Mê Linh, Q10",chung cư,cho thuê,90.0,13,cơ bản,tốt,12800000.0
"185 Dân Chủ, Q8",phòng trọ,cho thuê,18.0,0,không có,cũ,2500000.0
"9 Pasteur, Q7",phòng trọ,cho thuê,11.0,0,không có,mới,1800000.0
"139 Cách Mạng Tháng Tám, Q6",chung cư,bán,70.0,19,cơ bản,cũ,4404000000.0
"6 Nguyễn Thị Minh Khai, Q8",phòng trọ,cho thuê,20.0,0,đầy đủ,cũ,2300000.0
"190 Lạc Long Quân, Q3",phòng trọ,cho thuê,18.0,0,không có,cũ,2600000.0
"195 Hai Bà Trưng, Q2",nhà nguyên căn,bán,33.0,2,đầy đủ,tốt,2467100000.0
"10 Nguyễn Văn Linh, Q8",phòng trọ,cho thuê,18.0,0,đầy đủ,mới,2700000.0
"83 Võ Chí Công, Q8",phòng trọ,cho thuê,20.0,0,không có,mới,1500000.0
"117 Châu Văn Liêm, Q6",phòng trọ,cho thuê,18.0,0,cơ bản,cũ,2400000.0
"43 Lý Tự Trọng, Q10",nhà nguyên căn,cho thuê,36.0,1,không có,cũ,4100000.0
"47 CMT8, Q3",nhà nguyên căn,cho thuê,45.0,2,đầy đủ,cũ,15100000.0
"142 Công xã Paris, Q10",phòng trọ,cho thuê,19.0,0,không có,mới,2700000.0
"47 Dân Chủ, Q1",phòng trọ,cho thuê,15.0,0,đầy đủ,cũ,1900000.0
"11 Mai Chí Thọ, Q6",phòng trọ,cho thuê,10.0,0,không có,cũ,900000.0
"27 Châu Văn Liêm, Q8",phòng trọ,cho thuê,16.0,0,không có,tốt,1400000.0
"109 Công xã Paris, Q2",nhà nguyên căn,cho thuê,34.0,2,cơ bản,mới,7600000.0
"160 Lam Sơn, Q4",phòng trọ,cho thuê,9.0,0,không có,tốt,1400000.0
"25 CMT8, Q8",phòng trọ,cho thuê,10.0,0,đầy đủ,mới,1600000.0
"35 Hùng Vương, Q1",phòng trọ,cho thuê,9.0,0,đầy đủ,cũ,1500000.0
"41 Trần Hưng Đạo, Q2",phòng trọ,cho thuê,9.0,0,không có,tốt,900000.0
"146 Nguyễn Huệ, Q8",phòng trọ,cho thuê,17.0,0,cơ bản,tốt,2000000.0
"58 Phạm Ngũ Lão, Q9",văn phòng,cho thuê,180.0,18,đầy đủ,cũ,243600000.0
"41 Phạm Ngũ Lão, Q8",phòng trọ,cho thuê,18.0,0,không có,tốt,2600000.0
"142 Nguyễn Huệ, Q1",chung cư,bán,90.0,16,không có,mới,2326300000.0
"8 Nguyễn Văn Linh, Q3",phòng trọ,cho thuê,14.0,0,đầy đủ,tốt,2800000.0
"26 Lạc Long Quân, Q4",nhà nguyên căn,bán,38.0,4,đầy đủ,tốt,9125500000.0
"176 Lê Duẩn, Q7",phòng trọ,cho thuê,12.0,0,đầy đủ,cũ,1800000.0
"122 Lạc Long Quân, Q4",phòng trọ,cho thuê,20.0,0,không có,cũ,1900000.0
"175 Nguyễn Huệ, Q6",phòng trọ,cho thuê,11.0,0,đầy đủ,cũ,1700000.0
"81 Nguyễn Hữu Cảnh, Q4",phòng trọ,cho thuê,16.0,0,cơ bản,tốt,900000.0
"20 Tôn Đức Thắng, Q9",nhà nguyên căn,cho thuê,42.0,1,cơ bản,mới,5200000.0
"175 Hàm Nghi, Q2",nhà nguyên căn,bán,42.0,2,cơ bản,mới,5977000000.0
"50 Võ Chí Công, Q1",phòng trọ,cho thuê,9.0,0,đầy đủ,cũ,700000.0
"145 Rừng Sác, Q2",phòng trọ,cho thuê,19.0,0,cơ bản,mới,2700000.0
"116 Nguyễn Văn Linh, Q1",phòng trọ,cho thuê,11.0,0,đầy đủ,tốt,1400000.0
"64 Tôn Đức Thắng, Q5",chung cư,bán,75.0,6,cơ bản,cũ,4125700000.0
"5 Âu Cơ, Q2",phòng trọ,cho thuê,10.0,0,không có,mới,1400000.0
"187 Hai Bà Trưng, Q2",phòng trọ,cho thuê,18.0,0,không có,mới,1300000.0
"170 Nguyễn Thị Minh Khai, Q7",phòng trọ,cho thuê,19.0,0,đầy đủ,mới,1400000.0
"69 Nguyễn Huệ, Q1",phòng trọ,cho thuê,16.0,0,không có,mới,1800000.0
"109 Võ Chí Công, Q9",phòng trọ,cho thuê,13.0,0,không có,cũ,700000.0
"180 Lạc Long Quân, Q6",nhà nguyên căn,bán,35.0,4,cơ bản,mới,5356800000.0
"18 Lam Sơn, Q6",phòng trọ,cho thuê,9.0,0,đầy đủ,cũ,1500000.0
"99 Lam Sơn, Q5",phòng trọ,cho thuê,11.0,0,không có,tốt,2000000.0
"118 Cách Mạng Tháng Tám, Q10",văn phòng,cho thuê,330.0,16,không có,tốt,232500000.0
"126 Quốc tế, Q2",phòng trọ,cho thuê,9.0,0,không có,mới,1300000.0
"186 Rừng Sác, Q3",phòng trọ,cho thuê,16.0,0,không có,cũ,1000000.0
"134 Pasteur, Q1",phòng trọ,cho thuê,14.0,0,cơ bản,cũ,2200000.0
"148 Cách Mạng Tháng Tám, Q7",nhà nguyên căn,cho thuê,34.0,1,đầy đủ,cũ,3400000.0
"10 Nguyễn Trãi, Q6",phòng trọ,cho thuê,11.0,0,không có,tốt,700000.0
"23 Châu Văn Liêm, Q5",phòng trọ,cho thuê,16.0,0,không có,mới,2800000.0
"135 Lê Văn Duyệt, Q7",phòng trọ,cho thuê,19.0,0,không có,cũ,1900000.0
"191 Lê Duẩn, Q3",phòng trọ,cho thuê,17.0,0,đầy đủ,cũ,3000000.0
"140 Lê Duẩn, Q10",chung cư,cho thuê,75.0,19,đầy đủ,tốt,5000000.0
"12 Xô Viết Nghệ Tĩnh, Q1",phòng trọ,cho thuê,11.0,0,cơ bản,mới,1200000.0
"21 Nam Kỳ Khởi Nghĩa, Q7",phòng trọ,cho thuê,16.0,0,đầy đủ,tốt,1900000.0
"52 Nguyễn Huệ, Q1",phòng trọ,cho thuê,12.0,0,cơ bản,tốt,2000000.0
"45 Nguyễn Thị Minh Khai, Q6",phòng trọ,cho thuê,9.0,0,đầy đủ,mới,1600000.0
"40 Công xã Paris, Q2",phòng trọ,cho thuê,16.0,0,không có,mới,1600000.0
"88 Lê Duẩn, Q9",chung cư,bán,70.0,11,cơ bản,cũ,2499700000.0
"146 Bùi Viện, Q8",phòng trọ,cho thuê,16.0,0,không có,tốt,1700000.0
"179 Nguyễn Trãi, Q10",phòng trọ,cho thuê,18.0,0,không có,tốt,2800000.0
"87 Nguyễn Trãi, Q1",nhà nguyên căn,cho thuê,39.0,3,không có,tốt,20700000.0
"48 Trần Hưng Đạo, Q3",phòng trọ,cho thuê,17.0,0,đầy đủ,mới,2900000.0
"3 Nguyễn Văn Linh, Q2",phòng trọ,cho thuê,12.0,0,đầy đủ,mới,1200000.0
"191 Công xã Paris, Q6",phòng trọ,cho thuê,20.0,0,không có,cũ,2700000.0
"172 Mê Linh, Q1",nhà nguyên căn,bán,29.0,5,cơ bản,tốt,3823600000.0
"95 Nguyễn Trãi, Q7",chung cư,bán,65.0,2,cơ bản,mới,3206700000.0
"7 Cách Mạng Tháng Tám, Q5",phòng trọ,cho thuê,15.0,0,cơ bản,mới,3200000.0
"117 Lũy Bán Bích, Q5",nhà nguyên căn,bán,31.0,5,cơ bản,cũ,8681900000.0
"154 Lê Duẩn, Q2",chung cư,bán,75.0,13,cơ bản,tốt,1987500000.0
"193 Lê Văn Duyệt, Q1",chung cư,bán,75.0,1,đầy đủ,cũ,7902400000.0
"178 Pasteur, Q1",phòng trọ,cho thuê,11.0,0,không có,mới,800000.0
"101 Công xã Paris, Q8",nhà nguyên căn,cho thuê,42.0,2,không có,cũ,6200000.0
"70 Tôn Đức Thắng, Q2",văn phòng,cho thuê,385.0,6,không có,cũ,522500000.0
"150 Hàm Nghi, Q7",phòng trọ,cho thuê,12.0,0,không có,cũ,1100000.0
"54 Lê Văn Duyệt, Q6",nhà nguyên căn,cho thuê,38.0,5,đầy đủ,tốt,24300000.0
"176 Lý Thường Kiệt, Q8",chung cư,bán,90.0,15,không có,tốt,4529000000.0
"24 Trường Chinh, Q6",nhà nguyên căn,bán,32.0,3,cơ bản,mới,4853600000.0
"117 Âu Cơ, Q7",văn phòng,bán,135.0,15,đầy đủ,cũ,5142800000.0
"149 Dân Chủ, Q5",phòng trọ,cho thuê,10.0,0,đầy đủ,mới,1300000.0
"65 Mai Chí Thọ, Q2",văn phòng,cho thuê,530.0,13,không có,cũ,319400000.0
"126 Lý Thường Kiệt, Q2",nhà nguyên căn,cho thuê,29.0,4,cơ bản,tốt,18500000.0
"28 Nguyễn Thị Minh Khai, Q6",nhà nguyên căn,bán,38.0,1,không có,cũ,1409800000.0
"163 Mê Linh, Q7",phòng trọ,cho thuê,16.0,0,cơ bản,mới,2200000.0
"4 Lạc Long Quân, Q2",phòng trọ,cho thuê,18.0,0,không có,cũ,2100000.0
"128 Pasteur, Q6",phòng trọ,cho thuê,10.0,0,cơ bản,cũ,900000.0
"193 Lê Lợi, Q2",văn phòng,cho thuê,170.0,15,đầy đủ,cũ,226500000.0
"72 Công xã Paris, Q5",phòng trọ,cho thuê,9.0,0,đầy đủ,cũ,1100000.0
"42 Nguyễn Trãi, Q7",phòng trọ,cho thuê,13.0,0,không có,cũ,1300000.0
"112 Quốc tế, Q8",phòng trọ,cho thuê,18.0,0,đầy đủ,cũ,1100000.0
"168 Âu Cơ, Q5",phòng trọ,cho thuê,11.0,0,đầy đủ,mới,2000000.0
"161 Công xã Paris, Q10",nhà nguyên căn,cho thuê,36.0,4,cơ bản,mới,19100000.0
"60 Nguyễn Trãi, Q4",chung cư,cho thuê,75.0,19,không có,tốt,10000000.0
"95 Lê Lợi, Q7",phòng trọ,cho thuê,14.0,0,không có,tốt,1600000.0
"80 Võ Nguyên Giáp, Q7",phòng trọ,cho thuê,11.0,0,không có,cũ,700000.0
"92 Đồng Khởi, Q5",phòng trọ,cho thuê,17.0,0,cơ bản,mới,2000000.0
"105 Võ Chí Công, Q1",phòng trọ,cho thuê,19.0,0,đầy đủ,tốt,2200000.0
"11 Pasteur, Q7",phòng trọ,cho thuê,15.0,0,cơ bản,tốt,800000.0
"85 Nguyễn Hữu Cảnh, Q8",phòng trọ,cho thuê,12.0,0,cơ bản,mới,1300000.0
"140 Lê Văn Duyệt, Q10",văn phòng,cho thuê,285.0,7,đầy đủ,cũ,616300000.0
"193 Dân Chủ, Q5",phòng trọ,cho thuê,10.0,0,đầy đủ,mới,1000000.0
"177 Hai Bà Trưng, Q3",phòng trọ,cho thuê,13.0,0,cơ bản,mới,1300000.0
"119 Châu Văn Liêm, Q6",phòng trọ,cho thuê,15.0,0,cơ bản,cũ,1200000.0
"132 Nam Kỳ Khởi Nghĩa, Q5",phòng trọ,cho thuê,10.0,0,đầy đủ,cũ,1100000.0
"17 Âu Cơ, Q9",phòng trọ,cho thuê,18.0,0,đầy đủ,cũ,1500000.0
"27 Lam Sơn, Q2",phòng trọ,cho thuê,19.0,0,đầy đủ,cũ,1400000.0
"142 Xô Viết Nghệ Tĩnh, Q9",nhà nguyên căn,bán,41.0,2,cơ bản,tốt,4350600000.0
"17 Hùng Vương, Q5",phòng trọ,cho thuê,18.0,0,không có,cũ,1700000.0
"190 Dân Chủ, Q1",phòng trọ,cho thuê,16.0,0,đầy đủ,mới,2300000.0
"154 Hai Bà Trưng, Q9",phòng trọ,cho thuê,17.0,0,không có,tốt,1200000.0
"103 Nguyễn Thị Minh Khai, Q10",phòng trọ,cho thuê,10.0,0,đầy đủ,mới,1300000.0
"7 Mê Linh, Q4",phòng trọ,cho thuê,10.0,0,cơ bản,tốt,700000.0
"148 Lam Sơn, Q9",phòng trọ,cho thuê,10.0,0,đầy đủ,cũ,1400000.0
"64 Võ Nguyên Giáp, Q4",văn phòng,cho thuê,250.0,3,đầy đủ,mới,312800000.0
"128 Võ Chí Công, Q9",nhà nguyên căn,cho thuê,35.0,4,không có,cũ,14300000.0
"122 CMT8, Q7",phòng trọ,cho thuê,17.0,0,đầy đủ,cũ,1000000.0
"20 Hai Bà Trưng, Q6",phòng trọ,cho thuê,17.0,0,đầy đủ,tốt,1900000.0
"19 Lạc Long Quân, Q5",phòng trọ,cho thuê,20.0,0,đầy đủ,tốt,1500000.0
"70 Nguyễn Huệ, Q2",phòng trọ,cho thuê,12.0,0,không có,mới,1200000.0
"188 Bùi Viện, Q5",phòng trọ,cho thuê,13.0,0,cơ bản,cũ,2200000.0
"162 Lý Tự Trọng, Q2",phòng trọ,cho thuê,11.0,0,đầy đủ,tốt,1000000.0
"190 Trường Chinh, Q4",chung cư,bán,70.0,16,cơ bản,tốt,4322400000.0
"65 Hải Thượng Lãn Ông, Q2",phòng trọ,cho thuê,13.0,0,không có,cũ,1300000.0
"23 Nguyễn Hữu Cảnh, Q10",phòng trọ,cho thuê,18.0,0,đầy đủ,mới,2700000.0
"115 Lam Sơn, Q1",phòng trọ,cho thuê,17.0,0,đầy đủ,mới,1400000.0
"85 Nguyễn Hữu Cảnh, Q4",chung cư,bán,90.0,9,không có,tốt,3570300000.0
"10 Lạc Long Quân, Q3",văn phòng,cho thuê,530.0,11,đầy đủ,cũ,423600000.0
"140 Pasteur, Q5",nhà nguyên căn,bán,28.0,4,không có,mới,3415800000.0
"146 Nguyễn Huệ, Q3",phòng trọ,cho thuê,19.0,0,không có,mới,3600000.0
"39 Phạm Văn Đồng, Q4",chung cư,cho thuê,124.0,19,không có,mới,12600000.0
"15 Lý Tự Trọng, Q1",chung cư,bán,84.0,18,cơ bản,tốt,2794600000.0
"146 Tôn Đức Thắng, Q1",phòng trọ,cho thuê,15.0,0,không có,tốt,1700000.0
"148 Mê Linh, Q2",nhà nguyên căn,cho thuê,43.0,5,cơ bản,cũ,30400000.0
"138 Phạm Ngũ Lão, Q10",phòng trọ,cho thuê,15.0,0,không có,mới,1400000.0
"147 Rừng Sác, Q2",phòng trọ,cho thuê,19.0,0,cơ bản,cũ,1500000.0
"39 Cách Mạng Tháng Tám, Q4",chung cư,bán,90.0,19,không có,tốt,5495100000.0
"186 Hàm Nghi, Q7",phòng trọ,cho thuê,13.0,0,cơ bản,cũ,1100000.0
"57 Phạm Văn Đồng, Q8",phòng trọ,cho thuê,11.0,0,đầy đủ,tốt,900000.0
"67 Rừng Sác, Q5",nhà nguyên căn,bán,27.0,1,không có,tốt,1663500000.0
"26 Trần Hưng Đạo, Q2",phòng trọ,cho thuê,9.0,0,không có,tốt,500000.0
"84 Lạc Long Quân, Q7",phòng trọ,cho thuê,17.0,0,đầy đủ,tốt,1500000.0
"61 Lam Sơn, Q7",phòng trọ,cho thuê,18.0,0,cơ bản,tốt,2300000.0
"90 Lê Duẩn, Q3",phòng trọ,cho thuê,13.0,0,đầy đủ,mới,3100000.0
"77 Lạc Long Quân, Q1",phòng trọ,cho thuê,13.0,0,cơ bản,tốt,1200000.0
"91 Lũy Bán Bích, Q6",phòng trọ,cho thuê,20.0,0,cơ bản,mới,1300000.0
"18 Bùi Viện, Q1",phòng trọ,cho thuê,9.0,0,không có,tốt,1300000.0
"23 Dân Chủ, Q7",phòng trọ,cho thuê,12.0,0,cơ bản,tốt,1300000.0
"171 Bùi Viện, Q5",phòng trọ,cho thuê,16.0,0,cơ bản,tốt,2600000.0
"95 Rừng Sác, Q4",phòng trọ,cho thuê,11.0,0,cơ bản,cũ,700000.0
"18 Trường Chinh, Q5",phòng trọ,cho thuê,15.0,0,cơ bản,cũ,2300000.0
"43 Lê Văn Duyệt, Q9",phòng trọ,cho thuê,18.0,0,không có,mới,2500000.0
"131 Mê Linh, Q2",phòng trọ,cho thuê,20.0,0,không có,tốt,2600000.0
"17 Nguyễn Thị Minh Khai, Q3",phòng trọ,cho thuê,19.0,0,cơ bản,tốt,3300000.0
"89 Cách Mạng Tháng Tám, Q4",phòng trọ,cho thuê,11.0,0,đầy đủ,mới,1300000.0
"73 Lê Văn Duyệt, Q6",phòng trọ,cho thuê,15.0,0,không có,cũ,1500000.0
"154 Lê Văn Duyệt, Q5",phòng trọ,cho thuê,14.0,0,không có,cũ,1500000.0
"186 Xô Viết Nghệ Tĩnh, Q5",văn phòng,cho thuê,120.0,19,không có,mới,249000000.0
"186 Lý Tự Trọng, Q3",nhà nguyên căn,bán,27.0,2,cơ bản,cũ,1927200000.0
"23 Nam Kỳ Khởi Nghĩa, Q7",nhà nguyên căn,bán,37.0,1,không có,cũ,1110900000.0
"70 Quốc tế, Q8",phòng trọ,cho thuê,18.0,0,cơ bản,mới,2700000.0
"158 Nguyễn Huệ, Q2",nhà nguyên căn,bán,33.0,2,cơ bản,tốt,4689800000.0
"141 Võ Chí Công, Q1",phòng trọ,cho thuê,11.0,0,không có,mới,1700000.0
"200 Rừng Sác, Q4",phòng trọ,cho thuê,9.0,0,không có,mới,600000.0
"105 Hàm Nghi, Q6",phòng trọ,cho thuê,13.0,0,không có,tốt,700000.0
"54 Võ Nguyên Giáp, Q5",văn phòng,cho thuê,490.0,5,đầy đủ,mới,956500000.0
"163 Công xã Paris, Q3",phòng trọ,cho thuê,9.0,0,đầy đủ,mới,700000.0
"110 Tôn Đức Thắng, Q9",phòng trọ,cho thuê,20.0,0,cơ bản,cũ,1400000.0
"105 CMT8, Q5",phòng trọ,cho thuê,13.0,0,cơ bản,mới,1700000.0
"181 Quốc tế, Q4",phòng trọ,cho thuê,12.0,0,cơ bản,mới,1400000.0
"85 Nguyễn Huệ, Q5",phòng trọ,cho thuê,18.0,0,đầy đủ,mới,3000000.0
"41 Lý Tự Trọng, Q9",phòng trọ,cho thuê,10.0,0,không có,mới,700000.0
"62 Mê Linh, Q9",phòng trọ,cho thuê,14.0,0,không có,mới,1900000.0
"195 Nguyễn Huệ, Q9",chung cư,bán,124.0,13,không có,tốt,7854100000.0
"55 Châu Văn Liêm, Q10",phòng trọ,cho thuê,18.0,0,đầy đủ,cũ,2500000.0
"52 Mai Chí Thọ, Q3",chung cư,cho thuê,90.0,3,cơ bản,cũ,7000000.0
"90 Mai Chí Thọ, Q7",chung cư,bán,90.0,10,cơ bản,tốt,5086000000.0
"178 Xô Viết Nghệ Tĩnh, Q9",phòng trọ,cho thuê,16.0,0,cơ bản,tốt,1000000.0
"150 Cách Mạng Tháng Tám, Q5",nhà nguyên căn,bán,39.0,5,cơ bản,tốt,8612300000.0
"105 Âu Cơ, Q10",phòng trọ,cho thuê,18.0,0,không có,mới,1700000.0
"111 Dân Chủ, Q7",phòng trọ,cho thuê,11.0,0,không có,tốt,900000.0
"122 Rừng Sác, Q7",phòng trọ,cho thuê,14.0,0,cơ bản,cũ,1700000.0
"165 Mê Linh, Q7",phòng trọ,cho thuê,11.0,0,không có,tốt,1500000.0
"60 Nam Kỳ Khởi Nghĩa, Q2",phòng trọ,cho thuê,12.0,0,không có,cũ,1300000.0
"149 Võ Chí Công, Q8",phòng trọ,cho thuê,12.0,0,cơ bản,tốt,1700000.0
"114 Quốc tế, Q8",phòng trọ,cho thuê,18.0,0,cơ bản,mới,1200000.0
"127 Lê Duẩn, Q7",phòng trọ,cho thuê,17.0,0,cơ bản,cũ,1100000.0
"123 Âu Cơ, Q2",phòng trọ,cho thuê,9.0,0,không có,cũ,800000.0
"28 Nguyễn Huệ, Q7",phòng trọ,cho thuê,10.0,0,đầy đủ,tốt,800000.0
"105 Nguyễn Thị Minh Khai, Q3",phòng trọ,cho thuê,19.0,0,đầy đủ,cũ,2900000.0
"36 Đồng Khởi, Q10",phòng trọ,cho thuê,12.0,0,cơ bản,tốt,1300000.0
"141 Hàm Nghi, Q9",văn phòng,cho thuê,300.0,20,cơ bản,cũ,313700000.0
"44 Lạc Long Quân, Q2",chung cư,cho thuê,75.0,4,đầy đủ,cũ,11500000.0
"27 Trần Hưng Đạo, Q4",phòng trọ,cho thuê,12.0,0,cơ bản,cũ,1400000.0
"11 Mê Linh, Q8",phòng trọ,cho thuê,10.0,0,đầy đủ,mới,1800000.0
"108 Hùng Vương, Q9",nhà nguyên căn,bán,41.0,1,đầy đủ,mới,2864000000.0
"129 Võ Nguyên Giáp, Q9",phòng trọ,cho thuê,18.0,0,cơ bản,mới,3000000.0
"150 Nguyễn Huệ, Q4",phòng trọ,cho thuê,12.0,0,không có,cũ,1500000.0
"32 Pasteur, Q4",phòng trọ,cho thuê,15.0,0,đầy đủ,tốt,1500000.0
"107 Mai Chí Thọ, Q3",phòng trọ,cho thuê,16.0,0,đầy đủ,tốt,2100000.0
"5 CMT8, Q1",nhà nguyên căn,cho thuê,28.0,3,cơ bản,mới,12800000.0
"161 Hàm Nghi, Q4",nhà nguyên căn,bán,36.0,5,cơ bản,cũ,6515300000.0
"140 Phạm Ngũ Lão, Q9",phòng trọ,cho thuê,17.0,0,cơ bản,tốt,2700000.0
"176 Trần Hưng Đạo, Q3",chung cư,cho thuê,120.0,15,cơ bản,tốt,14800000.0
"58 Hàm Nghi, Q10",nhà nguyên căn,cho thuê,34.0,3,không có,tốt,9400000.0
"76 Tôn Đức Thắng, Q9",nhà nguyên căn,bán,28.0,4,cơ bản,mới,7677400000.0
"51 Châu Văn Liêm, Q1",phòng trọ,cho thuê,19.0,0,cơ bản,tốt,1200000.0
"88 Nguyễn Thị Minh Khai, Q3",phòng trọ,cho thuê,20.0,0,đầy đủ,mới,5100000.0
"19 Trần Hưng Đạo, Q3",văn phòng,cho thuê,160.0,7,đầy đủ,cũ,177500000.0
"195 Trường Chinh, Q5",phòng trọ,cho thuê,9.0,0,đầy đủ,cũ,700000.0
"65 Phạm Ngũ Lão, Q1",phòng trọ,cho thuê,18.0,0,không có,tốt,1200000.0
"132 Trần Hưng Đạo, Q7",phòng trọ,cho thuê,15.0,0,đầy đủ,tốt,2100000.0
"149 Quách Thị Trang, Q7",phòng trọ,cho thuê,20.0,0,cơ bản,mới,3300000.0
"170 CMT8, Q8",phòng trọ,cho thuê,13.0,0,cơ bản,cũ,1400000.0
"73 Nguyễn Thị Minh Khai, Q8",phòng trọ,cho thuê,17.0,0,cơ bản,mới,2700000.0
"81 Cách Mạng Tháng Tám, Q5",phòng trọ,cho thuê,9.0,0,không có,tốt,1200000.0
"140 Quốc tế, Q9",nhà nguyên căn,bán,44.0,2,không có,tốt,3052600000.0
"100 Mê Linh, Q8",phòng trọ,cho thuê,16.0,0,cơ bản,tốt,1500000.0
"143 Âu Cơ, Q5",chung cư,bán,65.0,3,không có,mới,6214400000.0
"63 Quốc tế, Q2",nhà nguyên căn,cho thuê,28.0,3,không có,tốt,6900000.0
"141 Cách Mạng Tháng Tám, Q6",phòng trọ,cho thuê,11.0,0,đầy đủ,cũ,1100000.0
"156 Lạc Long Quân, Q8",phòng trọ,cho thuê,14.0,0,đầy đủ,mới,1900000.0
"92 CMT8, Q2",phòng trọ,cho thuê,15.0,0,đầy đủ,mới,2400000.0
"112 Lý Tự Trọng, Q9",phòng trọ,cho thuê,16.0,0,đầy đủ,tốt,1000000.0
"115 Võ Chí Công, Q8",phòng trọ,cho thuê,13.0,0,cơ bản,tốt,2000000.0
"156 Hai Bà Trưng, Q4",phòng trọ,cho thuê,17.0,0,không có,mới,1300000.0
"77 Lê Duẩn, Q4",nhà nguyên căn,bán,43.0,1,không có,cũ,1214500000.0
"178 Nguyễn Thị Minh Khai, Q8",phòng trọ,cho thuê,19.0,0,cơ bản,cũ,1300000.0
"19 CMT8, Q5",phòng trọ,cho thuê,13.0,0,cơ bản,tốt,1300000.0
"128 Bùi Viện, Q6",phòng trọ,cho thuê,11.0,0,cơ bản,mới,1800000.0
"79 CMT8, Q6",phòng trọ,cho thuê,10.0,0,không có,tốt,800000.0
"191 Lê Văn Duyệt, Q10",văn phòng,cho thuê,510.0,16,đầy đủ,mới,854000000.0
"109 Âu Cơ, Q8",phòng trọ,cho thuê,10.0,0,cơ bản,tốt,1500000.0
"100 Nguyễn Thị Minh Khai, Q2",phòng trọ,cho thuê,10.0,0,không có,mới,1600000.0
"60 Võ Nguyên Giáp, Q9",phòng trọ,cho thuê,16.0,0,đầy đủ,mới,2200000.0
"184 Võ Nguyên Giáp, Q1",phòng trọ,cho thuê,19.0,0,cơ bản,mới,2200000.0
"66 Rừng Sác, Q1",phòng trọ,cho thuê,12.0,0,không có,cũ,1800000.0
"154 Phạm Văn Đồng, Q10",phòng trọ,cho thuê,15.0,0,không có,cũ,2500000.0
"81 Lý Thường Kiệt, Q1",phòng trọ,cho thuê,15.0,0,cơ bản,mới,2300000.0
"161 Trường Chinh, Q5",phòng trọ,cho thuê,10.0,0,không có,mới,1400000.0
"5 Lê Văn Duyệt, Q1",phòng trọ,cho thuê,19.0,0,cơ bản,cũ,1400000.0
"92 Âu Cơ, Q8",phòng trọ,cho thuê,10.0,0,cơ bản,mới,1100000.0
"180 CMT8, Q2",phòng trọ,cho thuê,16.0,0,không có,mới,1400000.0
"186 Trường Chinh, Q6",phòng trọ,cho thuê,11.0,0,đầy đủ,cũ,1700000.0
"107 Âu Cơ, Q4",phòng trọ,cho thuê,15.0,0,không có,cũ,1200000.0
"143 Võ Chí Công, Q1",nhà nguyên căn,bán,41.0,1,đầy đủ,cũ,1384900000.0
"107 Cách Mạng Tháng Tám, Q6",nhà nguyên căn,bán,39.0,2,đầy đủ,mới,2865900000.0
"109 Rừng Sác, Q2",nhà nguyên căn,cho thuê,33.0,2,đầy đủ,tốt,10200000.0
"101 CMT8, Q8",phòng trọ,cho thuê,13.0,0,không có,tốt,1500000.0
"96 Pasteur, Q9",nhà nguyên căn,cho thuê,33.0,5,cơ bản,mới,24900000.0
"80 Rừng Sác, Q4",phòng trọ,cho thuê,20.0,0,đầy đủ,cũ,2000000.0
"106 Lạc Long Quân, Q1",phòng trọ,cho thuê,16.0,0,không có,tốt,2600000.0
"90 Âu Cơ, Q9",phòng trọ,cho thuê,9.0,0,đầy đủ,tốt,1400000.0
"64 Lý Thường Kiệt, Q1",nhà nguyên căn,cho thuê,37.0,2,đầy đủ,tốt,7700000.0
"174 Võ Chí Công, Q5",phòng trọ,cho thuê,16.0,0,không có,cũ,2200000.0
"38 Hai Bà Trưng, Q7",phòng trọ,cho thuê,16.0,0,cơ bản,tốt,2200000.0
"15 Âu Cơ, Q1",phòng trọ,cho thuê,17.0,0,cơ bản,mới,2700000.0
"186 Lam Sơn, Q3",phòng trọ,cho thuê,19.0,0,đầy đủ,mới,1800000.0
"66 Nguyễn Thị Minh Khai, Q2",nhà nguyên căn,bán,27.0,1,cơ bản,tốt,1309800000.0
"186 Mê Linh, Q4",nhà nguyên căn,cho thuê,35.0,3,cơ bản,cũ,5700000.0
"28 Lý Tự Trọng, Q8",phòng trọ,cho thuê,12.0,0,không có,tốt,900000.0
"34 Châu Văn Liêm, Q10",phòng trọ,cho thuê,11.0,0,đầy đủ,tốt,1700000.0
"90 Âu Cơ, Q4",phòng trọ,cho thuê,16.0,0,cơ bản,cũ,1600000.0
"165 Xô Viết Nghệ Tĩnh, Q8",phòng trọ,cho thuê,15.0,0,cơ bản,cũ,1300000.0
"95 Tôn Đức Thắng, Q3",phòng trọ,cho thuê,11.0,0,cơ bản,mới,1700000.0
"108 Nguyễn Hữu Cảnh, Q2",phòng trọ,cho thuê,16.0,0,không có,cũ,1900000.0
"14 Trần Hưng Đạo, Q8",phòng trọ,cho thuê,11.0,0,cơ bản,mới,1000000.0
"41 Lê Lợi, Q9",phòng trọ,cho thuê,18.0,0,không có,cũ,2500000.0
"64 Mê Linh, Q4",phòng trọ,cho thuê,11.0,0,cơ bản,tốt,1100000.0
"87 Lý Thường Kiệt, Q3",phòng trọ,cho thuê,12.0,0,cơ bản,cũ,2100000.0
"142 Lê Duẩn, Q8",nhà nguyên căn,bán,32.0,2,cơ bản,mới,3830500000.0
"96 Phạm Văn Đồng, Q7",phòng trọ,cho thuê,19.0,0,không có,mới,1200000.0
"179 Lam Sơn, Q7",phòng trọ,cho thuê,14.0,0,không có,mới,1700000.0
"115 Mai Chí Thọ, Q6",chung cư,bán,124.0,3,cơ bản,tốt,7609300000.0
"149 Nguyễn Hữu Cảnh, Q3",phòng trọ,cho thuê,16.0,0,đầy đủ,tốt,1500000.0
"179 CMT8, Q10",nhà nguyên căn,cho thuê,28.0,2,cơ bản,tốt,11300000.0
"189 CMT8, Q8",phòng trọ,cho thuê,12.0,0,cơ bản,cũ,1500000.0
"182 Lê Văn Duyệt, Q6",phòng trọ,cho thuê,20.0,0,đầy đủ,tốt,1800000.0
"40 Lê Văn Duyệt, Q2",phòng trọ,cho thuê,17.0,0,không có,tốt,2400000.0
"124 Rừng Sác, Q5",nhà nguyên căn,cho thuê,44.0,5,không có,cũ,26200000.0
"166 Hai Bà Trưng, Q5",phòng trọ,cho thuê,18.0,0,đầy đủ,cũ,1600000.0
"90 Nguyễn Thị Minh Khai, Q3",phòng trọ,cho thuê,12.0,0,không có,mới,2200000.0
"72 Bùi Viện, Q3",nhà nguyên căn,bán,44.0,2,không có,tốt,5882900000.0
"140 Võ Chí Công, Q5",phòng trọ,cho thuê,9.0,0,cơ bản,mới,1700000.0
"68 Phạm Văn Đồng, Q10",phòng trọ,cho thuê,20.0,0,không có,mới,3600000.0
"180 Rừng Sác, Q2",phòng trọ,cho thuê,14.0,0,đầy đủ,tốt,1100000.0
"41 Lam Sơn, Q10",phòng trọ,cho thuê,12.0,0,đầy đủ,mới,1100000.0
"49 Phạm Ngũ Lão, Q2",phòng trọ,cho thuê,20.0,0,cơ bản,mới,2400000.0
"121 Mai Chí Thọ, Q4",phòng trọ,cho thuê,14.0,0,cơ bản,tốt,2200000.0
"165 Nguyễn Văn Linh, Q7",phòng trọ,cho thuê,17.0,0,không có,tốt,1700000.0
"192 Âu Cơ, Q6",phòng trọ,cho thuê,18.0,0,đầy đủ,cũ,2000000.0
"175 Lý Thường Kiệt, Q3",phòng trọ,cho thuê,13.0,0,đầy đủ,cũ,1500000.0
"96 Lê Duẩn, Q5",nhà nguyên căn,cho thuê,33.0,1,đầy đủ,tốt,6200000.0
"129 Lam Sơn, Q9",phòng trọ,cho thuê,12.0,0,cơ bản,mới,800000.0
"34 Bùi Viện, Q8",nhà nguyên căn,bán,33.0,5,cơ bản,tốt,8489200000.0
"23 Lam Sơn, Q4",phòng trọ,cho thuê,18.0,0,không có,tốt,1400000.0
"48 Lê Duẩn, Q1",nhà nguyên căn,bán,27.0,2,cơ bản,mới,3791500000.0
"83 Võ Chí Công, Q7",phòng trọ,cho thuê,13.0,0,đầy đủ,cũ,1000000.0
"29 Mai Chí Thọ, Q1",phòng trọ,cho thuê,17.0,0,cơ bản,mới,2300000.0
"9 Hùng Vương, Q7",phòng trọ,cho thuê,20.0,0,đầy đủ,cũ,2300000.0
"103 Quách Thị Trang, Q8",phòng trọ,cho thuê,12.0,0,không có,mới,700000.0
"27 Phạm Văn Đồng, Q7",phòng trọ,cho thuê,20.0,0,đầy đủ,mới,3000000.0
"57 Đồng Khởi, Q3",phòng trọ,cho thuê,17.0,0,không có,cũ,1900000.0
"52 Hai Bà Trưng, Q6",phòng trọ,cho thuê,20.0,0,không có,mới,2500000.0
"88 Phạm Văn Đồng, Q4",phòng trọ,cho thuê,19.0,0,cơ bản,mới,1200000.0
"87 Dân Chủ, Q8",chung cư,bán,84.0,6,không có,tốt,3407600000.0
"40 Trần Hưng Đạo, Q10",phòng trọ,cho thuê,11.0,0,cơ bản,mới,1300000.0
"81 Hàm Nghi, Q8",phòng trọ,cho thuê,9.0,0,không có,tốt,1300000.0
"168 Dân Chủ, Q7",nhà nguyên căn,cho thuê,38.0,1,đầy đủ,mới,2600000.0
"150 Trần Hưng Đạo, Q10",chung cư,bán,75.0,4,đầy đủ,mới,3716100000.0
"105 Nguyễn Trãi, Q8",phòng trọ,cho thuê,19.0,0,cơ bản,mới,1500000.0
"80 Pasteur, Q2",phòng trọ,cho thuê,9.0,0,cơ bản,mới,1600000.0
"200 Phạm Văn Đồng, Q3",phòng trọ,cho thuê,18.0,0,không có,tốt,3200000.0
"186 CMT8, Q6",phòng trọ,cho thuê,13.0,0,đầy đủ,cũ,1500000.0
"32 Bùi Viện, Q4",nhà nguyên căn,bán,33.0,1,cơ bản,tốt,1407000000.0
"176 Quách Thị Trang, Q6",phòng trọ,cho thuê,20.0,0,đầy đủ,mới,2800000.0
"92 Hùng Vương, Q6",nhà nguyên căn,cho thuê,44.0,5,đầy đủ,tốt,14400000.0
"100 Nguyễn Văn Linh, Q8",phòng trọ,cho thuê,14.0,0,cơ bản,tốt,1100000.0
"74 Lý Thường Kiệt, Q7",phòng trọ,cho thuê,12.0,0,không có,cũ,900000.0
"46 Hùng Vương, Q2",phòng trọ,cho thuê,17.0,0,cơ bản,mới,1700000.0
"40 Đồng Khởi, Q3",phòng trọ,cho thuê,20.0,0,cơ bản,cũ,2900000.0
"7 Xô Viết Nghệ Tĩnh, Q8",văn phòng,cho thuê,490.0,7,không có,mới,680500000.0
"24 Phạm Ngũ Lão, Q7",phòng trọ,cho thuê,9.0,0,đầy đủ,cũ,1000000.0
"53 Lý Tự Trọng, Q5",phòng trọ,cho thuê,18.0,0,cơ bản,mới,3200000.0
"9 Nam Kỳ Khởi Nghĩa, Q1",chung cư,bán,90.0,17,cơ bản,tốt,4939400000.0
"60 Lê Lợi, Q9",phòng trọ,cho thuê,12.0,0,không có,mới,1200000.0
"98 Pasteur, Q9",nhà nguyên căn,cho thuê,31.0,3,không có,tốt,9100000.0
"69 CMT8, Q7",phòng trọ,cho thuê,12.0,0,không có,mới,1000000.0
"179 Bùi Viện, Q4",nhà nguyên căn,bán,31.0,1,đầy đủ,cũ,1962000000.0
"56 Lê Văn Duyệt, Q5",chung cư,bán,84.0,11,không có,tốt,5886200000.0
"190 Nguyễn Thị Minh Khai, Q2",phòng trọ,cho thuê,12.0,0,không có,cũ,1300000.0
"83 Pasteur, Q8",nhà nguyên căn,cho thuê,27.0,3,cơ bản,mới,6600000.0
"140 Hai Bà Trưng, Q6",phòng trọ,cho thuê,11.0,0,cơ bản,mới,1000000.0
"33 Phạm Ngũ Lão, Q9",phòng trọ,cho thuê,9.0,0,cơ bản,tốt,1200000.0
"150 Võ Nguyên Giáp, Q3",phòng trọ,cho thuê,14.0,0,không có,mới,1600000.0
"36 Châu Văn Liêm, Q10",phòng trọ,cho thuê,17.0,0,đầy đủ,cũ,3100000.0
"94 Rừng Sác, Q2",nhà nguyên căn,cho thuê,30.0,4,cơ bản,tốt,11700000.0
"44 Lam Sơn, Q8",phòng trọ,cho thuê,13.0,0,đầy đủ,mới,1100000.0
"89 Lý Thường Kiệt, Q3",phòng trọ,cho thuê,18.0,0,đầy đủ,mới,1900000.0
"133 Xô Viết Nghệ Tĩnh, Q7",phòng trọ,cho thuê,10.0,0,đầy đủ,cũ,800000.0
"67 Xô Viết Nghệ Tĩnh, Q6",chung cư,bán,90.0,15,cơ bản,cũ,2098800000.0
"189 Nguyễn Trãi, Q7",phòng trọ,cho thuê,19.0,0,cơ bản,cũ,1600000.0
"159 Nguyễn Huệ, Q1",phòng trọ,cho thuê,18.0,0,không có,cũ,2200000.0
"173 Nguyễn Huệ, Q7",phòng trọ,cho thuê,11.0,0,không có,cũ,1200000.0
"60 Lê Lợi, Q10",phòng trọ,cho thuê,9.0,0,không có,tốt,800000.0
"87 Công xã Paris, Q1",phòng trọ,cho thuê,16.0,0,cơ bản,mới,1300000.0
"16 Phạm Ngũ Lão, Q9",phòng trọ,cho thuê,11.0,0,đầy đủ,tốt,1600000.0
"75 Lũy Bán Bích, Q4",văn phòng,cho thuê,425.0,19,cơ bản,tốt,224900000.0
"12 Trường Chinh, Q10",phòng trọ,cho thuê,12.0,0,cơ bản,cũ,1000000.0
"50 Nguyễn Văn Linh, Q1",nhà nguyên căn,bán,39.0,3,đầy đủ,tốt,9651100000.0
"105 Tôn Đức Thắng, Q10",văn phòng,cho thuê,425.0,12,cơ bản,mới,658300000.0
"71 Nguyễn Thị Minh Khai, Q8",phòng trọ,cho thuê,19.0,0,đầy đủ,tốt,2500000.0
"64 Pasteur, Q9",phòng trọ,cho thuê,18.0,0,không có,tốt,1200000.0
"17 Nguyễn Trãi, Q3",chung cư,bán,70.0,7,cơ bản,mới,6873400000.0
"86 Rừng Sác, Q7",phòng trọ,cho thuê,11.0,0,cơ bản,mới,1400000.0
"133 Lê Lợi, Q8",phòng trọ,cho thuê,16.0,0,không có,mới,1100000.0
"19 Nguyễn Trãi, Q8",phòng trọ,cho thuê,15.0,0,cơ bản,mới,2600000.0
"156 Nguyễn Thị Minh Khai, Q2",phòng trọ,cho thuê,14.0,0,cơ bản,tốt,1200000.0
"118 Lý Tự Trọng, Q8",phòng trọ,cho thuê,13.0,0,cơ bản,tốt,1300000.0
"163 Võ Chí Công, Q4",phòng trọ,cho thuê,17.0,0,không có,cũ,2300000.0
"126 Lê Duẩn, Q9",phòng trọ,cho thuê,11.0,0,cơ bản,tốt,1000000.0
"124 Lý Tự Trọng, Q5",nhà nguyên căn,cho thuê,34.0,4,đầy đủ,mới,11800000.0
"23 Lý Thường Kiệt, Q7",nhà nguyên căn,cho thuê,36.0,4,đầy đủ,cũ,8600000.0
"42 Tôn Đức Thắng, Q8",phòng trọ,cho thuê,15.0,0,cơ bản,mới,1300000.0
"175 Nam Kỳ Khởi Nghĩa, Q6",phòng trọ,cho thuê,11.0,0,không có,cũ,800000.0
"124 Nguyễn Trãi, Q8",phòng trọ,cho thuê,11.0,0,không có,tốt,1300000.0
"92 Nguyễn Trãi, Q6",phòng trọ,cho thuê,20.0,0,không có,tốt,2800000.0
"130 Rừng Sác, Q4",phòng trọ,cho thuê,12.0,0,đầy đủ,tốt,1700000.0
"63 Lũy Bán Bích, Q1",phòng trọ,cho thuê,14.0,0,đầy đủ,cũ,1700000.0
"147 Âu Cơ, Q9",phòng trọ,cho thuê,13.0,0,cơ bản,mới,2200000.0
"26 Lý Thường Kiệt, Q2",văn phòng,cho thuê,360.0,8,không có,tốt,366900000.0
"15 Châu Văn Liêm, Q1",nhà nguyên căn,bán,28.0,1,cơ bản,tốt,1620200000.0
"108 Xô Viết Nghệ Tĩnh, Q7",phòng trọ,cho thuê,13.0,0,cơ bản,mới,800000.0
"177 Lũy Bán Bích, Q7",chung cư,bán,90.0,9,cơ bản,cũ,3363000000.0
"88 Đồng Khởi, Q4",phòng trọ,cho thuê,12.0,0,đầy đủ,cũ,1300000.0
"127 Quốc tế, Q3",phòng trọ,cho thuê,19.0,0,đầy đủ,tốt,4000000.0
"32 Võ Nguyên Giáp, Q7",phòng trọ,cho thuê,10.0,0,không có,mới,1300000.0
"137 Nguyễn Thị Minh Khai, Q3",chung cư,bán,65.0,4,cơ bản,mới,6542600000.0
"56 Nguyễn Văn Linh, Q9",phòng trọ,cho thuê,12.0,0,không có,cũ,900000.0
"145 Nam Kỳ Khởi Nghĩa, Q10",phòng trọ,cho thuê,20.0,0,không có,mới,3400000.0
"50 Lý Thường Kiệt, Q3",chung cư,bán,65.0,10,đầy đủ,mới,6539800000.0
"4 Mê Linh, Q2",chung cư,bán,70.0,8,cơ bản,mới,2328600000.0
"126 Lê Duẩn, Q10",phòng trọ,cho thuê,17.0,0,không có,tốt,2700000.0
"3 Hàm Nghi, Q9",chung cư,cho thuê,84.0,1,đầy đủ,cũ,8600000.0
"150 Trần Hưng Đạo, Q2",nhà nguyên căn,cho thuê,31.0,3,đầy đủ,tốt,13900000.0
"75 Nguyễn Trãi, Q6",nhà nguyên căn,cho thuê,30.0,2,đầy đủ,mới,5800000.0
"73 Nguyễn Văn Linh, Q10",nhà nguyên căn,cho thuê,41.0,3,đầy đủ,mới,21300000.0
"54 Mai Chí Thọ, Q3",phòng trọ,cho thuê,19.0,0,đầy đủ,cũ,1600000.0
"84 Tôn Đức Thắng, Q2",chung cư,bán,75.0,10,không có,mới,4525300000.0
"117 Nguyễn Văn Linh, Q3",phòng trọ,cho thuê,20.0,0,đầy đủ,cũ,3200000.0
"122 Nguyễn Trãi, Q4",phòng trọ,cho thuê,19.0,0,đầy đủ,tốt,2800000.0
"78 Quốc tế, Q7",phòng trọ,cho thuê,11.0,0,cơ bản,mới,1000000.0
"195 Mai Chí Thọ, Q9",phòng trọ,cho thuê,16.0,0,cơ bản,tốt,1700000.0
"90 Mê Linh, Q1",phòng trọ,cho thuê,12.0,0,cơ bản,tốt,800000.0
"147 Xô Viết Nghệ Tĩnh, Q6",phòng trọ,cho thuê,9.0,0,cơ bản,mới,1300000.0
"152 Hải Thượng Lãn Ông, Q9",phòng trọ,cho thuê,13.0,0,cơ bản,cũ,1100000.0
"120 Võ Chí Công, Q9",chung cư,bán,90.0,4,đầy đủ,cũ,6583500000.0
"76 Nam Kỳ Khởi Nghĩa, Q9",nhà nguyên căn,bán,40.0,1,cơ bản,mới,1805700000.0
"184 Nguyễn Hữu Cảnh, Q8",phòng trọ,cho thuê,13.0,0,không có,tốt,1300000.0
"183 Quốc tế, Q7",phòng trọ,cho thuê,10.0,0,cơ bản,cũ,1100000.0
"165 Lũy Bán Bích, Q7",nhà nguyên căn,cho thuê,39.0,5,đầy đủ,tốt,23200000.0
"25 Võ Nguyên Giáp, Q8",phòng trọ,cho thuê,16.0,0,đầy đủ,mới,1500000.0
"111 Võ Nguyên Giáp, Q2",phòng trọ,cho thuê,20.0,0,cơ bản,cũ,2000000.0
"82 Lam Sơn, Q8",phòng trọ,cho thuê,16.0,0,đầy đủ,cũ,1900000.0
"88 CMT8, Q5",nhà nguyên căn,cho thuê,41.0,3,không có,mới,10400000.0
"97 Bùi Viện, Q10",văn phòng,cho thuê,510.0,9,cơ bản,cũ,471700000.0
"140 Nguyễn Huệ, Q9",chung cư,bán,124.0,17,cơ bản,tốt,6933300000.0
"128 Châu Văn Liêm, Q8",phòng trọ,cho thuê,17.0,0,không có,cũ,1000000.0
"46 Công xã Paris, Q2",phòng trọ,cho thuê,14.0,0,không có,mới,2000000.0
"192 Phạm Ngũ Lão, Q4",phòng trọ,cho thuê,11.0,0,không có,cũ,1300000.0
"93 Xô Viết Nghệ Tĩnh, Q1",chung cư,bán,120.0,14,không có,mới,6225900000.0
"64 Xô Viết Nghệ Tĩnh, Q3",phòng trọ,cho thuê,17.0,0,đầy đủ,cũ,2600000.0
"150 Lê Văn Duyệt, Q9",phòng trọ,cho thuê,9.0,0,đầy đủ,tốt,1200000.0
"53 Nguyễn Trãi, Q3",phòng trọ,cho thuê,13.0,0,đầy đủ,tốt,1100000.0
"135 Võ Chí Công, Q6",chung cư,bán,120.0,7,cơ bản,cũ,4064400000.0
"7 Cách Mạng Tháng Tám, Q8",nhà nguyên căn,cho thuê,37.0,5,cơ bản,cũ,24600000.0
"80 Lam Sơn, Q9",phòng trọ,cho thuê,9.0,0,đầy đủ,cũ,600000.0
"59 Lý Tự Trọng, Q4",nhà nguyên căn,cho thuê,41.0,3,cơ bản,tốt,7600000.0
"127 Trần Hưng Đạo, Q6",phòng trọ,cho thuê,14.0,0,cơ bản,tốt,1900000.0
"145 Phạm Văn Đồng, Q7",nhà nguyên căn,cho thuê,36.0,5,không có,mới,19400000.0
"161 Lê Lợi, Q10",chung cư,cho thuê,120.0,13,không có,mới,22200000.0
"198 Quốc tế, Q3",phòng trọ,cho thuê,13.0,0,cơ bản,tốt,1700000.0
"27 Nguyễn Thị Minh Khai, Q7",văn phòng,cho thuê,530.0,15,không có,cũ,510100000.0
"161 Mai Chí Thọ, Q9",phòng trọ,cho thuê,20.0,0,đầy đủ,cũ,1300000.0
"131 Quách Thị Trang, Q10",phòng trọ,cho thuê,18.0,0,cơ bản,mới,3900000.0
"94 Lý Tự Trọng, Q2",phòng trọ,cho thuê,13.0,0,không có,tốt,1800000.0
"72 Công xã Paris, Q8",phòng trọ,cho thuê,9.0,0,cơ bản,cũ,700000.0
"150 Lê Lợi, Q3",phòng trọ,cho thuê,18.0,0,cơ bản,cũ,1300000.0
"125 Trần Hưng Đạo, Q2",phòng trọ,cho thuê,20.0,0,không có,mới,3200000.0
"199 Lê Lợi, Q8",chung cư,bán,75.0,10,cơ bản,mới,4883800000.0
"191 Công xã Paris, Q9",chung cư,bán,75.0,9,cơ bản,cũ,3679000000.0
"150 Trường Chinh, Q9",văn phòng,cho thuê,415.0,13,không có,tốt,467100000.0
"92 Nguyễn Văn Linh, Q3",phòng trọ,cho thuê,10.0,0,đầy đủ,tốt,900000.0
"4 Mai Chí Thọ, Q1",chung cư,cho thuê,70.0,11,không có,cũ,9400000.0
"28 Lê Lợi, Q3",phòng trọ,cho thuê,16.0,0,đầy đủ,mới,1300000.0
"52 Nguyễn Văn Linh, Q1",phòng trọ,cho thuê,11.0,0,cơ bản,tốt,1200000.0
"120 Công xã Paris, Q5",phòng trọ,cho thuê,10.0,0,không có,cũ,600000.0
"184 Nguyễn Huệ, Q3",phòng trọ,cho thuê,12.0,0,không có,cũ,1600000.0
"190 Lạc Long Quân, Q3",văn phòng,cho thuê,130.0,4,cơ bản,mới,269100000.0
"135 Lê Lợi, Q8",phòng trọ,cho thuê,17.0,0,cơ bản,tốt,2300000.0
"146 Nguyễn Hữu Cảnh, Q7",chung cư,bán,84.0,14,cơ bản,cũ,3589700000.0
"10 Võ Chí Công, Q9",phòng trọ,cho thuê,12.0,0,không có,cũ,1400000.0
"20 Phạm Văn Đồng, Q6",phòng trọ,cho thuê,17.0,0,không có,cũ,900000.0
"175 Quốc tế, Q4",phòng trọ,cho thuê,18.0,0,đầy đủ,tốt,2500000.0
"13 Nguyễn Huệ, Q4",phòng trọ,cho thuê,11.0,0,cơ bản,cũ,800000.0
"11 Mê Linh, Q7",phòng trọ,cho thuê,12.0,0,cơ bản,cũ,1000000.0
"55 Công xã Paris, Q8",nhà nguyên căn,bán,35.0,2,cơ bản,tốt,4315800000.0
"130 Phạm Ngũ Lão, Q2",văn phòng,cho thuê,585.0,18,cơ bản,cũ,440000000.0
"21 Bùi Viện, Q2",phòng trọ,cho thuê,14.0,0,cơ bản,tốt,1400000.0
"63 Cách Mạng Tháng Tám, Q6",phòng trọ,cho thuê,15.0,0,cơ bản,mới,1700000.0
"93 Võ Chí Công, Q2",văn phòng,cho thuê,580.0,4,cơ bản,mới,562500000.0
"36 Võ Chí Công, Q3",chung cư,cho thuê,65.0,12,cơ bản,tốt,8000000.0
"82 Lê Văn Duyệt, Q8",phòng trọ,cho thuê,18.0,0,đầy đủ,cũ,2200000.0
"81 Mai Chí Thọ, Q5",phòng trọ,cho thuê,11.0,0,cơ bản,cũ,1100000.0
"136 Hàm Nghi, Q3",phòng trọ,cho thuê,9.0,0,cơ bản,tốt,1200000.0
"94 Quốc tế, Q8",chung cư,cho thuê,65.0,8,không có,mới,8100000.0
"132 Nam Kỳ Khởi Nghĩa, Q8",nhà nguyên căn,cho thuê,35.0,5,cơ bản,cũ,23700000.0
"88 Lê Văn Duyệt, Q5",phòng trọ,cho thuê,17.0,0,đầy đủ,cũ,1300000.0
"118 Hải Thượng Lãn Ông, Q10",phòng trọ,cho thuê,19.0,0,không có,mới,3400000.0
"92 Châu Văn Liêm, Q3",nhà nguyên căn,bán,30.0,5,đầy đủ,tốt,7053900000.0
"83 Nguyễn Trãi, Q2",phòng trọ,cho thuê,16.0,0,đầy đủ,cũ,1700000.0
"29 Quách Thị Trang, Q4",nhà nguyên căn,cho thuê,39.0,2,cơ bản,tốt,9400000.0
"48 Lũy Bán Bích, Q8",phòng trọ,cho thuê,15.0,0,cơ bản,cũ,1300000.0
"193 Nam Kỳ Khởi Nghĩa, Q8",nhà nguyên căn,bán,29.0,4,cơ bản,tốt,3021900000.0
"193 Lê Duẩn, Q1",phòng trọ,cho thuê,20.0,0,cơ bản,cũ,1700000.0
"90 Đồng Khởi, Q4",nhà nguyên căn,cho thuê,38.0,2,cơ bản,mới,5700000.0
"32 CMT8, Q9",phòng trọ,cho thuê,10.0,0,không có,cũ,800000.0
"59 Nguyễn Thị Minh Khai, Q1",phòng trọ,cho thuê,9.0,0,cơ bản,mới,1100000.0
"117 Trần Hưng Đạo, Q4",phòng trọ,cho thuê,10.0,0,không có,tốt,1400000.0
"142 Âu Cơ, Q4",phòng trọ,cho thuê,13.0,0,đầy đủ,mới,2200000.0
"191 Lê Lợi, Q6",phòng trọ,cho thuê,19.0,0,cơ bản,cũ,1200000.0
"62 CMT8, Q6",phòng trọ,cho thuê,18.0,0,cơ bản,mới,1600000.0
"82 Dân Chủ, Q8",chung cư,bán,90.0,6,không có,tốt,3906600000.0
"159 Nam Kỳ Khởi Nghĩa, Q2",phòng trọ,cho thuê,10.0,0,không có,cũ,1000000.0
"39 Nguyễn Hữu Cảnh, Q8",phòng trọ,cho thuê,16.0,0,không có,cũ,2200000.0
"106 Lý Tự Trọng, Q1",phòng trọ,cho thuê,20.0,0,đầy đủ,cũ,1900000.0
"62 Phạm Ngũ Lão, Q5",nhà nguyên căn,cho thuê,40.0,1,không có,tốt,6600000.0
"105 Công xã Paris, Q3",chung cư,bán,75.0,4,đầy đủ,tốt,5339000000.0
"111 Công xã Paris, Q6",nhà nguyên căn,cho thuê,42.0,5,không có,cũ,22300000.0
"200 Võ Nguyên Giáp, Q4",phòng trọ,cho thuê,17.0,0,cơ bản,tốt,2500000.0
"154 Hải Thượng Lãn Ông, Q3",nhà nguyên căn,cho thuê,43.0,4,cơ bản,tốt,22800000.0
"42 Nguyễn Thị Minh Khai, Q1",nhà nguyên căn,cho thuê,29.0,5,không có,mới,18300000.0
"87 Tôn Đức Thắng, Q10",phòng trọ,cho thuê,17.0,0,cơ bản,cũ,2100000.0
"182 Nguyễn Trãi, Q6",phòng trọ,cho thuê,15.0,0,không có,tốt,2100000.0
"60 Cách Mạng Tháng Tám, Q9",nhà nguyên căn,cho thuê,29.0,5,không có,mới,21500000.0
"81 Bùi Viện, Q10",phòng trọ,cho thuê,19.0,0,đầy đủ,cũ,1700000.0
"185 Quốc tế, Q7",nhà nguyên căn,bán,43.0,1,cơ bản,tốt,1583200000.0
"197 Mê Linh, Q1",phòng trọ,cho thuê,14.0,0,đầy đủ,tốt,1600000.0
"115 Mê Linh, Q3",phòng trọ,cho thuê,18.0,0,đầy đủ,cũ,3000000.0
"16 Hai Bà Trưng, Q6",phòng trọ,cho thuê,18.0,0,đầy đủ,cũ,3000000.0
"114 Hai Bà Trưng, Q3",phòng trọ,cho thuê,15.0,0,cơ bản,tốt,2600000.0
"169 Bùi Viện, Q9",phòng trọ,cho thuê,17.0,0,cơ bản,tốt,1800000.0
"125 Dân Chủ, Q2",phòng trọ,cho thuê,11.0,0,cơ bản,tốt,1600000.0
"105 Hải Thượng Lãn Ông, Q7",phòng trọ,cho thuê,15.0,0,cơ bản,tốt,1200000.0
"105 Phạm Ngũ Lão, Q6",phòng trọ,cho thuê,14.0,0,không có,tốt,1400000.0
"71 Trần Hưng Đạo, Q2",chung cư,bán,65.0,8,không có,cũ,2600100000.0
"14 Nguyễn Trãi, Q2",phòng trọ,cho thuê,10.0,0,cơ bản,mới,1700000.0
"120 Châu Văn Liêm, Q10",nhà nguyên căn,cho thuê,29.0,4,đầy đủ,mới,19700000.0
"135 Nguyễn Trãi, Q9",phòng trọ,cho thuê,14.0,0,không có,tốt,2000000.0
"29 Lạc Long Quân, Q2",phòng trọ,cho thuê,9.0,0,đầy đủ,mới,1800000.0
"187 Rừng Sác, Q7",phòng trọ,cho thuê,18.0,0,đầy đủ,cũ,2400000.0
"154 Phạm Ngũ Lão, Q10",chung cư,bán,84.0,1,không có,tốt,2944500000.0
"112 Lê Văn Duyệt, Q5",văn phòng,cho thuê,135.0,10,cơ bản,cũ,136500000.0
"61 Võ Nguyên Giáp, Q4",phòng trọ,cho thuê,15.0,0,cơ bản,cũ,1000000.0
"70 Lê Duẩn, Q4",nhà nguyên căn,bán,28.0,4,cơ bản,tốt,6481600000.0
"133 Châu Văn Liêm, Q1",phòng trọ,cho thuê,12.0,0,đầy đủ,tốt,1300000.0
"179 Quốc tế, Q8",phòng trọ,cho thuê,16.0,0,đầy đủ,cũ,2500000.0
"175 Nguyễn Hữu Cảnh, Q5",phòng trọ,cho thuê,10.0,0,không có,mới,2100000.0
"55 Mai Chí Thọ, Q6",phòng trọ,cho thuê,14.0,0,không có,tốt,1800000.0
"92 Trần Hưng Đạo, Q4",phòng trọ,cho thuê,17.0,0,không có,mới,2700000.0
"118 Nguyễn Trãi, Q9",phòng trọ,cho thuê,19.0,0,cơ bản,cũ,1700000.0
"120 Hải Thượng Lãn Ông, Q3",phòng trọ,cho thuê,15.0,0,đầy đủ,cũ,1800000.0
"154 Nguyễn Huệ, Q7",nhà nguyên căn,bán,42.0,1,cơ bản,cũ,1362200000.0
"169 Bùi Viện, Q10",phòng trọ,cho thuê,11.0,0,không có,cũ,1000000.0
"43 Xô Viết Nghệ Tĩnh, Q4",phòng trọ,cho thuê,11.0,0,đầy đủ,tốt,1500000.0
"38 Dân Chủ, Q10",nhà nguyên căn,cho thuê,34.0,5,không có,tốt,26600000.0
"135 Nguyễn Trãi, Q10",phòng trọ,cho thuê,9.0,0,không có,mới,1100000.0
"63 Lạc Long Quân, Q7",phòng trọ,cho thuê,19.0,0,đầy đủ,mới,1800000.0
"65 Nguyễn Hữu Cảnh, Q10",phòng trọ,cho thuê,9.0,0,cơ bản,tốt,900000.0
"69 Tôn Đức Thắng, Q5",nhà nguyên căn,cho thuê,35.0,3,cơ bản,cũ,10100000.0
"133 Cách Mạng Tháng Tám, Q8",phòng trọ,cho thuê,13.0,0,đầy đủ,cũ,2000000.0
"120 Lê Văn Duyệt, Q8",nhà nguyên căn,cho thuê,27.0,1,đầy đủ,mới,3900000.0
"167 Xô Viết Nghệ Tĩnh, Q9",phòng trọ,cho thuê,11.0,0,không có,mới,1100000.0
"32 Võ Chí Công, Q2",phòng trọ,cho thuê,16.0,0,không có,mới,1900000.0
"53 Nguyễn Huệ, Q6",văn phòng,cho thuê,495.0,3,đầy đủ,mới,914400000.0
"158 Tôn Đức Thắng, Q10",phòng trọ,cho thuê,15.0,0,cơ bản,tốt,1600000.0
"99 Võ Nguyên Giáp, Q8",phòng trọ,cho thuê,18.0,0,không có,tốt,1700000.0
"26 Hàm Nghi, Q4",phòng trọ,cho thuê,17.0,0,không có,mới,2600000.0
"170 Nguyễn Thị Minh Khai, Q10",phòng trọ,cho thuê,19.0,0,đầy đủ,cũ,3100000.0
"103 CMT8, Q10",phòng trọ,cho thuê,16.0,0,không có,tốt,1800000.0
"129 Lũy Bán Bích, Q2",phòng trọ,cho thuê,17.0,0,không có,tốt,2200000.0
"36 Lạc Long Quân, Q3",phòng trọ,cho thuê,10.0,0,cơ bản,mới,1800000.0
"179 Rừng Sác, Q4",phòng trọ,cho thuê,16.0,0,đầy đủ,mới,2000000.0
"179 Nguyễn Huệ, Q8",chung cư,bán,90.0,8,không có,tốt,2249500000.0
"44 Lý Thường Kiệt, Q5",nhà nguyên căn,bán,38.0,3,không có,mới,7610400000.0
"141 Hải Thượng Lãn Ông, Q7",phòng trọ,cho thuê,13.0,0,cơ bản,tốt,1400000.0
"56 Nam Kỳ Khởi Nghĩa, Q2",phòng trọ,cho thuê,13.0,0,cơ bản,tốt,1400000.0
"54 Rừng Sác, Q6",phòng trọ,cho thuê,10.0,0,đầy đủ,mới,1700000.0
"100 Lạc Long Quân, Q2",phòng trọ,cho thuê,9.0,0,cơ bản,cũ,1300000.0
"136 Nguyễn Hữu Cảnh, Q9",phòng trọ,cho thuê,9.0,0,cơ bản,mới,1600000.0
"171 Nguyễn Trãi, Q3",nhà nguyên căn,cho thuê,37.0,2,đầy đủ,tốt,16200000.0
"166 Nguyễn Hữu Cảnh, Q6",phòng trọ,cho thuê,20.0,0,đầy đủ,tốt,2800000.0
"48 Dân Chủ, Q7",phòng trọ,cho thuê,12.0,0,đầy đủ,tốt,700000.0
"101 Lê Văn Duyệt, Q9",nhà nguyên căn,cho thuê,31.0,3,cơ bản,tốt,6300000.0
"146 Quách Thị Trang, Q4",chung cư,bán,70.0,3,cơ bản,mới,2758400000.0
"144 Lạc Long Quân, Q1",phòng trọ,cho thuê,11.0,0,cơ bản,mới,1800000.0
"143 Pasteur, Q7",chung cư,bán,120.0,10,không có,mới,6754000000.0
"72 Lạc Long Quân, Q10",phòng trọ,cho thuê,20.0,0,không có,cũ,1100000.0
"167 Mai Chí Thọ, Q7",phòng trọ,cho thuê,12.0,0,cơ bản,tốt,1700000.0
"19 Lạc Long Quân, Q3",phòng trọ,cho thuê,13.0,0,cơ bản,tốt,1200000.0
"185 Hàm Nghi, Q2",phòng trọ,cho thuê,19.0,0,đầy đủ,mới,1300000.0
"130 Xô Viết Nghệ Tĩnh, Q1",chung cư,cho thuê,90.0,6,không có,tốt,9600000.0
"66 Bùi Viện, Q3",phòng trọ,cho thuê,9.0,0,đầy đủ,tốt,900000.0
"192 Rừng Sác, Q1",phòng trọ,cho thuê,9.0,0,không có,tốt,1300000.0
"17 Dân Chủ, Q1",phòng trọ,cho thuê,16.0,0,không có,tốt,1400000.0
"18 Quốc tế, Q6",phòng trọ,cho thuê,18.0,0,cơ bản,mới,2500000.0
"44 Nguyễn Thị Minh Khai, Q1",nhà nguyên căn,cho thuê,33.0,3,cơ bản,tốt,7600000.0
"173 Bùi Viện, Q8",phòng trọ,cho thuê,19.0,0,không có,mới,2300000.0
"99 Quốc tế, Q5",nhà nguyên căn,bán,38.0,2,cơ bản,mới,4183700000.0
"124 CMT8, Q8",phòng trọ,cho thuê,13.0,0,đầy đủ,cũ,1900000.0
"102 Trần Hưng Đạo, Q4",phòng trọ,cho thuê,18.0,0,đầy đủ,cũ,2900000.0
"184 Nguyễn Văn Linh, Q3",văn phòng,cho thuê,295.0,15,không có,mới,229800000.0
"71 Mê Linh, Q1",phòng trọ,cho thuê,12.0,0,cơ bản,cũ,2100000.0
"172 Phạm Ngũ Lão, Q9",chung cư,bán,65.0,3,không có,cũ,3968500000.0
"159 Quốc tế, Q6",phòng trọ,cho thuê,11.0,0,cơ bản,mới,2000000.0
"6 Bùi Viện, Q6",chung cư,bán,124.0,19,không có,cũ,4164000000.0
"85 Trần Hưng Đạo, Q7",phòng trọ,cho thuê,10.0,0,không có,mới,1100000.0
"75 Hùng Vương, Q6",phòng trọ,cho thuê,14.0,0,đầy đủ,cũ,2200000.0
"92 Nam Kỳ Khởi Nghĩa, Q9",nhà nguyên căn,cho thuê,43.0,4,cơ bản,mới,16200000.0
"83 Âu Cơ, Q5",phòng trọ,cho thuê,17.0,0,không có,mới,2000000.0
"5 Lý Thường Kiệt, Q9",phòng trọ,cho thuê,16.0,0,không có,cũ,2100000.0
"170 Võ Nguyên Giáp, Q8",phòng trọ,cho thuê,19.0,0,cơ bản,mới,2500000.0
"18 Trường Chinh, Q3",phòng trọ,cho thuê,20.0,0,không có,mới,2500000.0
"43 Tôn Đức Thắng, Q6",phòng trọ,cho thuê,15.0,0,cơ bản,mới,2600000.0
"131 Bùi Viện, Q1",phòng trọ,cho thuê,15.0,0,đầy đủ,tốt,2000000.0
"4 Hàm Nghi, Q2",phòng trọ,cho thuê,12.0,0,cơ bản,tốt,1300000.0
"64 Phạm Ngũ Lão, Q8",chung cư,bán,90.0,12,không có,cũ,4178200000.0
"63 Lê Lợi, Q8",phòng trọ,cho thuê,11.0,0,không có,tốt,1100000.0
"28 Hùng Vương, Q9",nhà nguyên căn,cho thuê,27.0,1,cơ bản,mới,2600000.0
"58 Quách Thị Trang, Q5",nhà nguyên căn,bán,41.0,1,không có,cũ,2085000000.0
"139 Lê Văn Duyệt, Q8",phòng trọ,cho thuê,18.0,0,cơ bản,mới,2000000.0
"109 Xô Viết Nghệ Tĩnh, Q2",phòng trọ,cho thuê,19.0,0,không có,tốt,1500000.0
"85 Nguyễn Huệ, Q3",phòng trọ,cho thuê,20.0,0,đầy đủ,cũ,3800000.0
"90 Hải Thượng Lãn Ông, Q7",phòng trọ,cho thuê,11.0,0,đầy đủ,mới,1100000.0
"28 CMT8, Q2",phòng trọ,cho thuê,17.0,0,không có,mới,2300000.0
"25 Lê Văn Duyệt, Q4",phòng trọ,cho thuê,10.0,0,cơ bản,cũ,1300000.0
"116 Rừng Sác, Q9",chung cư,bán,70.0,15,không có,cũ,3814500000.0
"183 Lê Lợi, Q4",phòng trọ,cho thuê,13.0,0,đầy đủ,tốt,1000000.0
"14 Nam Kỳ Khởi Nghĩa, Q7",phòng trọ,cho thuê,14.0,0,đầy đủ,cũ,1000000.0
"168 Nam Kỳ Khởi Nghĩa, Q3",phòng trọ,cho thuê,15.0,0,cơ bản,cũ,2400000.0
"148 Xô Viết Nghệ Tĩnh, Q9",chung cư,bán,84.0,20,không có,cũ,4133800000.0
"117 Tôn Đức Thắng, Q8",chung cư,bán,75.0,4,cơ bản,mới,6843400000.0
"30 Xô Viết Nghệ Tĩnh, Q8",phòng trọ,cho thuê,12.0,0,đầy đủ,mới,2300000.0
"14 Lạc Long Quân, Q2",phòng trọ,cho thuê,20.0,0,đầy đủ,mới,1400000.0
"107 Trường Chinh, Q3",phòng trọ,cho thuê,17.0,0,đầy đủ,mới,2800000.0
"78 Rừng Sác, Q9",phòng trọ,cho thuê,10.0,0,cơ bản,cũ,700000.0
"194 Lũy Bán Bích, Q6",phòng trọ,cho thuê,15.0,0,không có,tốt,1200000.0
"171 Trường Chinh, Q2",nhà nguyên căn,cho thuê,43.0,2,không có,tốt,9000000.0
"111 Đồng Khởi, Q6",chung cư,cho thuê,120.0,10,cơ bản,tốt,15000000.0
"101 Quách Thị Trang, Q3",phòng trọ,cho thuê,11.0,0,đầy đủ,tốt,1000000.0
"108 Rừng Sác, Q6",nhà nguyên căn,cho thuê,40.0,3,cơ bản,mới,11000000.0
"32 Lý Tự Trọng, Q9",phòng trọ,cho thuê,10.0,0,không có,cũ,1300000.0
"199 Âu Cơ, Q4",phòng trọ,cho thuê,12.0,0,không có,cũ,1400000.0
"180 Nam Kỳ Khởi Nghĩa, Q4",phòng trọ,cho thuê,10.0,0,không có,cũ,1000000.0
"99 Lam Sơn, Q3",văn phòng,cho thuê,360.0,10,đầy đủ,cũ,221000000.0
"6 Quách Thị Trang, Q5",phòng trọ,cho thuê,9.0,0,cơ bản,tốt,1500000.0
"195 CMT8, Q8",phòng trọ,cho thuê,12.0,0,cơ bản,tốt,1400000.0
"155 Âu Cơ, Q5",phòng trọ,cho thuê,12.0,0,cơ bản,cũ,1700000.0
"128 Hai Bà Trưng, Q4",văn phòng,cho thuê,125.0,11,không có,mới,179400000.0
"33 Trần Hưng Đạo, Q5",nhà nguyên căn,bán,32.0,3,đầy đủ,mới,5680400000.0
"122 Hai Bà Trưng, Q8",nhà nguyên căn,cho thuê,31.0,3,không có,tốt,13500000.0
"108 Nguyễn Văn Linh, Q4",phòng trọ,cho thuê,12.0,0,không có,mới,700000.0
"113 Dân Chủ, Q8",phòng trọ,cho thuê,13.0,0,cơ bản,cũ,1400000.0
"86 Công xã Paris, Q4",phòng trọ,cho thuê,20.0,0,cơ bản,cũ,2000000.0
"99 Đồng Khởi, Q1",phòng trọ,cho thuê,11.0,0,không có,mới,1300000.0
"179 Lý Tự Trọng, Q9",phòng trọ,cho thuê,13.0,0,không có,cũ,1800000.0
"162 Cách Mạng Tháng Tám, Q2",phòng trọ,cho thuê,16.0,0,đầy đủ,mới,2500000.0
"101 Châu Văn Liêm, Q1",phòng trọ,cho thuê,15.0,0,không có,cũ,1500000.0
"5 Đồng Khởi, Q6",nhà nguyên căn,bán,37.0,4,cơ bản,tốt,9758800000.0
"7 Hải Thượng Lãn Ông, Q1",phòng trọ,cho thuê,10.0,0,không có,mới,1700000.0
"148 Phạm Văn Đồng, Q6",phòng trọ,cho thuê,17.0,0,đầy đủ,cũ,2300000.0
"61 Võ Chí Công, Q2",phòng trọ,cho thuê,12.0,0,đầy đủ,tốt,1100000.0
"172 Trần Hưng Đạo, Q3",phòng trọ,cho thuê,17.0,0,không có,mới,2300000.0
"98 Mai Chí Thọ, Q3",phòng trọ,cho thuê,19.0,0,không có,tốt,2700000.0
"197 Phạm Văn Đồng, Q9",chung cư,bán,75.0,20,cơ bản,cũ,1828300000.0
"105 Lê Lợi, Q5",phòng trọ,cho thuê,15.0,0,không có,cũ,1700000.0
"28 Nguyễn Huệ, Q9",phòng trọ,cho thuê,19.0,0,cơ bản,cũ,1800000.0
"119 Công xã Paris, Q9",chung cư,bán,124.0,9,cơ bản,tốt,7948100000.0
"121 Hàm Nghi, Q1",phòng trọ,cho thuê,10.0,0,cơ bản,tốt,1200000.0
"116 Hùng Vương, Q10",phòng trọ,cho thuê,10.0,0,cơ bản,tốt,1500000.0
"80 Nguyễn Huệ, Q2",phòng trọ,cho thuê,20.0,0,không có,cũ,1900000.0
"122 Rừng Sác, Q4",phòng trọ,cho thuê,18.0,0,không có,cũ,1900000.0
"105 Lam Sơn, Q5",phòng trọ,cho thuê,14.0,0,đầy đủ,tốt,1500000.0
"115 Nguyễn Trãi, Q2",nhà nguyên căn,cho thuê,45.0,3,cơ bản,mới,19100000.0
"132 Lê Văn Duyệt, Q2",phòng trọ,cho thuê,20.0,0,không có,tốt,1900000.0
"10 Âu Cơ, Q9",phòng trọ,cho thuê,14.0,0,cơ bản,tốt,900000.0
"96 Tôn Đức Thắng, Q2",phòng trọ,cho thuê,18.0,0,cơ bản,cũ,1900000.0
"12 Lam Sơn, Q5",văn phòng,cho thuê,440.0,12,không có,tốt,358700000.0
"167 Phạm Ngũ Lão, Q7",phòng trọ,cho thuê,20.0,0,cơ bản,tốt,3000000.0
"149 Mê Linh, Q9",chung cư,bán,84.0,4,không có,cũ,2027700000.0
"67 CMT8, Q7",chung cư,cho thuê,90.0,7,cơ bản,cũ,11200000.0
"120 Rừng Sác, Q5",phòng trọ,cho thuê,19.0,0,cơ bản,cũ,1600000.0
"8 Lê Lợi, Q6",phòng trọ,cho thuê,19.0,0,đầy đủ,mới,2300000.0
"101 Lý Tự Trọng, Q7",phòng trọ,cho thuê,11.0,0,cơ bản,tốt,700000.0
"49 Lê Lợi, Q7",chung cư,bán,65.0,11,cơ bản,cũ,1360000000.0
"59 Âu Cơ, Q6",chung cư,bán,70.0,13,không có,cũ,2193100000.0
"27 Âu Cơ, Q10",phòng trọ,cho thuê,16.0,0,không có,mới,1400000.0
"111 Nam Kỳ Khởi Nghĩa, Q4",nhà nguyên căn,cho thuê,28.0,2,đầy đủ,mới,9100000.0
"47 Hùng Vương, Q9",phòng trọ,cho thuê,10.0,0,không có,tốt,1300000.0
"35 Hàm Nghi, Q1",chung cư,cho thuê,124.0,7,không có,tốt,11800000.0
"105 Lạc Long Quân, Q8",nhà nguyên căn,cho thuê,27.0,5,cơ bản,cũ,16300000.0
"60 Xô Viết Nghệ Tĩnh, Q1",phòng trọ,cho thuê,16.0,0,không có,mới,3200000.0
"32 Võ Chí Công, Q8",chung cư,cho thuê,70.0,3,cơ bản,mới,13600000.0
"75 Phạm Văn Đồng, Q7",phòng trọ,cho thuê,13.0,0,không có,mới,1800000.0
"154 Hùng Vương, Q8",phòng trọ,cho thuê,16.0,0,không có,cũ,1200000.0
"94 Dân Chủ, Q4",nhà nguyên căn,bán,36.0,1,không có,mới,2227200000.0
"97 Hai Bà Trưng, Q8",phòng trọ,cho thuê,17.0,0,không có,cũ,1100000.0
"58 Mai Chí Thọ, Q9",phòng trọ,cho thuê,12.0,0,không có,mới,1800000.0
"23 Mê Linh, Q6",phòng trọ,cho thuê,9.0,0,không có,cũ,1100000.0
"66 Âu Cơ, Q8",chung cư,bán,70.0,4,không có,cũ,2280000000.0
"103 Hai Bà Trưng, Q5",phòng trọ,cho thuê,16.0,0,đầy đủ,cũ,1200000.0
"12 Châu Văn Liêm, Q5",phòng trọ,cho thuê,11.0,0,đầy đủ,tốt,2000000.0
"149 Trần Hưng Đạo, Q10",phòng trọ,cho thuê,15.0,0,không có,cũ,2400000.0
"194 Nguyễn Văn Linh, Q3",văn phòng,cho thuê,305.0,19,đầy đủ,cũ,489200000.0
"148 Hai Bà Trưng, Q10",phòng trọ,cho thuê,9.0,0,không có,mới,1500000.0
"70 Lý Tự Trọng, Q1",phòng trọ,cho thuê,15.0,0,không có,tốt,1400000.0
"53 Rừng Sác, Q3",phòng trọ,cho thuê,14.0,0,không có,cũ,1100000.0
"112 Hùng Vương, Q1",phòng trọ,cho thuê,9.0,0,không có,mới,1100000.0
"143 Lũy Bán Bích, Q1",phòng trọ,cho thuê,10.0,0,đầy đủ,cũ,1000000.0
"80 Lê Lợi, Q4",nhà nguyên căn,bán,28.0,5,đầy đủ,mới,12862300000.0
"69 Võ Chí Công, Q3",nhà nguyên căn,cho thuê,32.0,1,không có,mới,5800000.0
"15 Xô Viết Nghệ Tĩnh, Q7",phòng trọ,cho thuê,13.0,0,đầy đủ,mới,2000000.0
"193 Công xã Paris, Q2",phòng trọ,cho thuê,10.0,0,cơ bản,mới,700000.0
"159 Hai Bà Trưng, Q2",phòng trọ,cho thuê,10.0,0,không có,tốt,1300000.0
"41 Nguyễn Huệ, Q1",phòng trọ,cho thuê,16.0,0,đầy đủ,mới,1800000.0
"28 Bùi Viện, Q9",phòng trọ,cho thuê,18.0,0,không có,cũ,1100000.0
"144 Hàm Nghi, Q10",phòng trọ,cho thuê,19.0,0,không có,cũ,1200000.0
"152 Hùng Vương, Q4",phòng trọ,cho thuê,16.0,0,đầy đủ,tốt,1200000.0
"146 Pasteur, Q9",phòng trọ,cho thuê,15.0,0,cơ bản,mới,2100000.0
"176 Lý Thường Kiệt, Q2",phòng trọ,cho thuê,13.0,0,không có,tốt,900000.0
"66 Nguyễn Huệ, Q8",phòng trọ,cho thuê,16.0,0,đầy đủ,mới,2100000.0
"135 Hùng Vương, Q9",nhà nguyên căn,cho thuê,34.0,1,không có,cũ,3200000.0
"166 Lũy Bán Bích, Q3",nhà nguyên căn,bán,31.0,4,không có,mới,10776200000.0
"57 Quách Thị Trang, Q1",nhà nguyên căn,cho thuê,40.0,5,không có,cũ,25900000.0
"143 Rừng Sác, Q8",phòng trọ,cho thuê,9.0,0,không có,mới,1300000.0
"109 Hải Thượng Lãn Ông, Q5",phòng trọ,cho thuê,19.0,0,không có,mới,2600000.0
"22 Trần Hưng Đạo, Q8",nhà nguyên căn,cho thuê,30.0,5,đầy đủ,tốt,17600000.0
"95 Lý Thường Kiệt, Q3",phòng trọ,cho thuê,9.0,0,không có,cũ,900000.0
"9 Xô Viết Nghệ Tĩnh, Q8",nhà nguyên căn,bán,27.0,1,không có,mới,1328000000.0
"161 Lê Duẩn, Q3",chung cư,bán,84.0,6,đầy đủ,tốt,9055500000.0
"185 Công xã Paris, Q2",phòng trọ,cho thuê,16.0,0,đầy đủ,mới,1300000.0
"79 Lam Sơn, Q6",phòng trọ,cho thuê,9.0,0,đầy đủ,mới,600000.0
"118 Hùng Vương, Q9",phòng trọ,cho thuê,16.0,0,đầy đủ,cũ,1200000.0
"108 Lê Lợi, Q10",phòng trọ,cho thuê,10.0,0,không có,mới,1400000.0
"5 Nguyễn Văn Linh, Q10",chung cư,bán,70.0,19,không có,cũ,3022900000.0
"38 Quốc tế, Q9",phòng trọ,cho thuê,17.0,0,không có,tốt,2200000.0
"165 CMT8, Q6",nhà nguyên căn,bán,33.0,4,cơ bản,mới,11347300000.0
"126 Rừng Sác, Q8",phòng trọ,cho thuê,13.0,0,không có,mới,1400000.0
"5 Mê Linh, Q8",phòng trọ,cho thuê,15.0,0,không có,mới,2000000.0
"125 Phạm Ngũ Lão, Q7",phòng trọ,cho thuê,11.0,0,đầy đủ,mới,800000.0
"78 Lý Thường Kiệt, Q3",nhà nguyên căn,bán,37.0,5,cơ bản,cũ,5111200000.0
"101 Đồng Khởi, Q1",phòng trọ,cho thuê,20.0,0,cơ bản,mới,2800000.0
"117 Hải Thượng Lãn Ông, Q6",phòng trọ,cho thuê,11.0,0,đầy đủ,mới,1600000.0
"173 Nguyễn Thị Minh Khai, Q6",phòng trọ,cho thuê,13.0,0,không có,mới,800000.0
"4 Lũy Bán Bích, Q9",phòng trọ,cho thuê,14.0,0,đầy đủ,cũ,1400000.0
"115 Lê Duẩn, Q1",phòng trọ,cho thuê,19.0,0,không có,tốt,1200000.0
"7 Rừng Sác, Q3",văn phòng,bán,455.0,3,không có,mới,26760900000.0
"50 Mê Linh, Q9",chung cư,cho thuê,65.0,8,đầy đủ,tốt,10900000.0
"29 Nguyễn Hữu Cảnh, Q10",phòng trọ,cho thuê,15.0,0,đầy đủ,mới,1600000.0
"1 Nguyễn Văn Linh, Q8",phòng trọ,cho thuê,19.0,0,cơ bản,cũ,1600000.0
"47 Nguyễn Huệ, Q4",phòng trọ,cho thuê,19.0,0,cơ bản,cũ,1200000.0
"199 Rừng Sác, Q6",phòng trọ,cho thuê,10.0,0,không có,cũ,500000.0
"140 Võ Chí Công, Q3",nhà nguyên căn,bán,42.0,5,không có,mới,11716700000.0
"37 Pasteur, Q1",phòng trọ,cho thuê,17.0,0,không có,cũ,1100000.0
"51 Cách Mạng Tháng Tám, Q7",phòng trọ,cho thuê,15.0,0,đầy đủ,cũ,1100000.0
"51 Quách Thị Trang, Q6",phòng trọ,cho thuê,20.0,0,không có,mới,1500000.0
"173 Nguyễn Văn Linh, Q7",nhà nguyên căn,bán,38.0,1,cơ bản,tốt,2287500000.0
"102 Lê Duẩn, Q5",phòng trọ,cho thuê,13.0,0,không có,cũ,1200000.0
"188 Đồng Khởi, Q7",phòng trọ,cho thuê,11.0,0,cơ bản,mới,1400000.0
"117 Nguyễn Hữu Cảnh, Q9",phòng trọ,cho thuê,10.0,0,đầy đủ,tốt,1300000.0
"8 Châu Văn Liêm, Q10",chung cư,bán,124.0,2,cơ bản,cũ,7959200000.0
"38 Hai Bà Trưng, Q4",phòng trọ,cho thuê,14.0,0,đầy đủ,mới,2200000.0
"151 Hai Bà Trưng, Q8",phòng trọ,cho thuê,20.0,0,không có,tốt,1200000.0
"107 Lam Sơn, Q5",phòng trọ,cho thuê,17.0,0,cơ bản,cũ,2700000.0
"147 Cách Mạng Tháng Tám, Q2",phòng trọ,cho thuê,17.0,0,cơ bản,tốt,2300000.0
"56 Nguyễn Thị Minh Khai, Q7",phòng trọ,cho thuê,9.0,0,cơ bản,cũ,1100000.0
"134 Lý Tự Trọng, Q5",chung cư,bán,70.0,20,cơ bản,tốt,2695400000.0
"59 Nguyễn Huệ, Q2",phòng trọ,cho thuê,14.0,0,đầy đủ,mới,2600000.0
"172 Lý Thường Kiệt, Q5",nhà nguyên căn,bán,31.0,4,đầy đủ,tốt,8138500000.0
"17 Hùng Vương, Q7",phòng trọ,cho thuê,14.0,0,không có,tốt,800000.0
"90 Lý Thường Kiệt, Q2",nhà nguyên căn,bán,45.0,2,cơ bản,mới,7632900000.0
"30 Nguyễn Huệ, Q4",phòng trọ,cho thuê,11.0,0,không có,tốt,900000.0
"142 Nguyễn Văn Linh, Q1",phòng trọ,cho thuê,11.0,0,đầy đủ,mới,1300000.0
"166 Hàm Nghi, Q2",phòng trọ,cho thuê,20.0,0,không có,mới,2600000.0
"29 Lý Tự Trọng, Q2",phòng trọ,cho thuê,13.0,0,cơ bản,mới,900000.0
"160 Đồng Khởi, Q10",phòng trọ,cho thuê,16.0,0,không có,mới,2400000.0
"90 Lê Lợi, Q5",phòng trọ,cho thuê,20.0,0,không có,cũ,2400000.0
"100 Nguyễn Hữu Cảnh, Q9",phòng trọ,cho thuê,13.0,0,không có,tốt,1900000.0
"66 Võ Chí Công, Q8",phòng trọ,cho thuê,15.0,0,không có,mới,900000.0
"90 Lam Sơn, Q5",phòng trọ,cho thuê,14.0,0,cơ bản,cũ,1600000.0
"127 Lê Lợi, Q9",phòng trọ,cho thuê,20.0,0,không có,tốt,2900000.0
"151 Quách Thị Trang, Q9",phòng trọ,cho thuê,19.0,0,cơ bản,tốt,1600000.0
"156 Pasteur, Q4",nhà nguyên căn,bán,44.0,1,không có,mới,3277000000.0
"106 Mê Linh, Q5",phòng trọ,cho thuê,9.0,0,không có,cũ,800000.0
"21 Tôn Đức Thắng, Q8",chung cư,bán,75.0,11,cơ bản,tốt,3815300000.0
"141 Lạc Long Quân, Q4",phòng trọ,cho thuê,17.0,0,không có,tốt,1500000.0
"7 Trường Chinh, Q5",phòng trọ,cho thuê,13.0,0,không có,cũ,1800000.0
"165 Rừng Sác, Q6",phòng trọ,cho thuê,13.0,0,không có,mới,1000000.0
"61 Bùi Viện, Q2",chung cư,bán,124.0,10,đầy đủ,mới,8872900000.0
"172 Tôn Đức Thắng, Q5",phòng trọ,cho thuê,9.0,0,đầy đủ,cũ,1100000.0
"90 Nguyễn Văn Linh, Q1",nhà nguyên căn,cho thuê,42.0,3,không có,mới,21900000.0
"165 Nguyễn Văn Linh, Q4",nhà nguyên căn,cho thuê,39.0,2,không có,cũ,3800000.0
"191 Châu Văn Liêm, Q9",nhà nguyên căn,cho thuê,37.0,3,cơ bản,mới,16900000.0
"192 Lam Sơn, Q1",phòng trọ,cho thuê,9.0,0,không có,mới,1200000.0
"27 Châu Văn Liêm, Q9",phòng trọ,cho thuê,11.0,0,cơ bản,tốt,1700000.0
"190 Xô Viết Nghệ Tĩnh, Q3",phòng trọ,cho thuê,9.0,0,đầy đủ,tốt,1800000.0
"5 Mai Chí Thọ, Q6",chung cư,cho thuê,120.0,7,không có,tốt,9000000.0
"117 Lý Tự Trọng, Q2",phòng trọ,cho thuê,14.0,0,không có,tốt,1500000.0
"112 Công xã Paris, Q1",phòng trọ,cho thuê,20.0,0,cơ bản,cũ,1900000.0
"56 Lý Thường Kiệt, Q2",nhà nguyên căn,cho thuê,37.0,5,cơ bản,cũ,21100000.0
"91 Lê Duẩn, Q2",phòng trọ,cho thuê,19.0,0,đầy đủ,cũ,1600000.0
"168 Lũy Bán Bích, Q3",phòng trọ,cho thuê,16.0,0,đầy đủ,tốt,1500000.0
"58 Phạm Ngũ Lão, Q10",phòng trọ,cho thuê,19.0,0,không có,mới,2200000.0
"28 Lạc Long Quân, Q10",phòng trọ,cho thuê,11.0,0,đầy đủ,cũ,1200000.0
"97 Lý Thường Kiệt, Q3",phòng trọ,cho thuê,17.0,0,đầy đủ,mới,1500000.0
"88 Hùng Vương, Q7",phòng trọ,cho thuê,18.0,0,đầy đủ,mới,3500000.0
"183 Hàm Nghi, Q2",chung cư,bán,75.0,1,đầy đủ,tốt,6405500000.0
"8 Đồng Khởi, Q9",phòng trọ,cho thuê,13.0,0,đầy đủ,tốt,2200000.0
"51 Lam Sơn, Q9",phòng trọ,cho thuê,19.0,0,không có,mới,3200000.0
"105 Lũy Bán Bích, Q1",phòng trọ,cho thuê,20.0,0,đầy đủ,tốt,2700000.0
"175 Lam Sơn, Q1",phòng trọ,cho thuê,16.0,0,cơ bản,mới,3100000.0
"48 Âu Cơ, Q3",phòng trọ,cho thuê,16.0,0,đầy đủ,mới,2900000.0
"59 Rừng Sác, Q9",phòng trọ,cho thuê,14.0,0,đầy đủ,mới,2700000.0
"23 Nguyễn Văn Linh, Q6",phòng trọ,cho thuê,10.0,0,cơ bản,mới,1100000.0
"181 Nguyễn Thị Minh Khai, Q2",nhà nguyên căn,bán,30.0,1,đầy đủ,mới,2758800000.0
"109 Công xã Paris, Q1",chung cư,bán,65.0,5,cơ bản,cũ,4962100000.0
"31 Hai Bà Trưng, Q7",phòng trọ,cho thuê,12.0,0,cơ bản,cũ,1600000.0
"86 CMT8, Q4",phòng trọ,cho thuê,18.0,0,cơ bản,mới,1200000.0
"13 Quốc tế, Q5",phòng trọ,cho thuê,11.0,0,không có,mới,1200000.0
"75 Lũy Bán Bích, Q10",phòng trọ,cho thuê,18.0,0,cơ bản,cũ,3100000.0
"185 Đồng Khởi, Q8",chung cư,bán,84.0,20,cơ bản,cũ,1663000000.0
"191 Mê Linh, Q1",phòng trọ,cho thuê,11.0,0,không có,mới,2300000.0
"146 Lạc Long Quân, Q6",phòng trọ,cho thuê,12.0,0,không có,tốt,1700000.0
"43 Mai Chí Thọ, Q10",nhà nguyên căn,cho thuê,30.0,3,cơ bản,tốt,17400000.0
"28 Hàm Nghi, Q7",phòng trọ,cho thuê,10.0,0,không có,cũ,1000000.0
"86 Mê Linh, Q2",phòng trọ,cho thuê,19.0,0,cơ bản,tốt,1400000.0
"178 Trần Hưng Đạo, Q5",phòng trọ,cho thuê,10.0,0,đầy đủ,cũ,1100000.0
"68 Nguyễn Văn Linh, Q5",phòng trọ,cho thuê,20.0,0,không có,tốt,3100000.0
"83 Dân Chủ, Q7",phòng trọ,cho thuê,13.0,0,cơ bản,tốt,1600000.0
"186 Hùng Vương, Q1",nhà nguyên căn,cho thuê,38.0,4,đầy đủ,mới,31700000.0
"171 Mai Chí Thọ, Q7",văn phòng,cho thuê,490.0,3,cơ bản,mới,647000000.0
"159 Châu Văn Liêm, Q5",văn phòng,cho thuê,495.0,5,cơ bản,cũ,358000000.0
"36 Hùng Vương, Q7",phòng trọ,cho thuê,20.0,0,không có,tốt,1300000.0
"69 CMT8, Q4",phòng trọ,cho thuê,13.0,0,cơ bản,cũ,1900000.0
"199 Hải Thượng Lãn Ông, Q5",phòng trọ,cho thuê,16.0,0,đầy đủ,tốt,2000000.0
"99 Cách Mạng Tháng Tám, Q8",phòng trọ,cho thuê,12.0,0,đầy đủ,tốt,900000.0
"152 Quốc tế, Q3",phòng trọ,cho thuê,20.0,0,đầy đủ,cũ,3000000.0
"25 Hai Bà Trưng, Q8",phòng trọ,cho thuê,13.0,0,đầy đủ,mới,1600000.0
"82 Châu Văn Liêm, Q1",phòng trọ,cho thuê,18.0,0,cơ bản,cũ,1200000.0
"50 Tôn Đức Thắng, Q8",phòng trọ,cho thuê,10.0,0,đầy đủ,tốt,1300000.0
"17 Nguyễn Huệ, Q8",chung cư,cho thuê,84.0,14,cơ bản,tốt,10600000.0
"40 Hai Bà Trưng, Q4",phòng trọ,cho thuê,11.0,0,không có,tốt,1300000.0
"129 Phạm Ngũ Lão, Q4",phòng trọ,cho thuê,15.0,0,đầy đủ,tốt,1100000.0
"159 CMT8, Q8",phòng trọ,cho thuê,18.0,0,không có,mới,1500000.0
"118 Công xã Paris, Q8",chung cư,bán,124.0,8,cơ bản,mới,5159900000.0
"66 Dân Chủ, Q7",phòng trọ,cho thuê,14.0,0,cơ bản,tốt,900000.0
"160 Pasteur, Q8",phòng trọ,cho thuê,13.0,0,không có,mới,1000000.0
"91 Xô Viết Nghệ Tĩnh, Q2",văn phòng,cho thuê,400.0,10,cơ bản,tốt,212000000.0
"160 Mê Linh, Q5",phòng trọ,cho thuê,10.0,0,đầy đủ,mới,1000000.0
"6 Nguyễn Văn Linh, Q1",phòng trọ,cho thuê,14.0,0,cơ bản,tốt,2500000.0
"184 Nguyễn Văn Linh, Q3",phòng trọ,cho thuê,13.0,0,không có,tốt,1700000.0
"35 Quách Thị Trang, Q3",chung cư,bán,70.0,20,cơ bản,cũ,2655100000.0
"101 Bùi Viện, Q4",phòng trọ,cho thuê,18.0,0,cơ bản,cũ,2000000.0
"63 Đồng Khởi, Q1",nhà nguyên căn,cho thuê,28.0,1,không có,tốt,4500000.0
"131 Pasteur, Q5",phòng trọ,cho thuê,15.0,0,không có,cũ,1400000.0
"14 Nguyễn Hữu Cảnh, Q10",phòng trọ,cho thuê,17.0,0,cơ bản,mới,2800000.0
"11 Lý Tự Trọng, Q3",phòng trọ,cho thuê,10.0,0,đầy đủ,mới,2000000.0
"151 Tôn Đức Thắng, Q7",phòng trọ,cho thuê,19.0,0,cơ bản,tốt,2800000.0
"102 Nguyễn Hữu Cảnh, Q9",phòng trọ,cho thuê,10.0,0,đầy đủ,tốt,1300000.0
"48 Nguyễn Huệ, Q6",phòng trọ,cho thuê,17.0,0,cơ bản,tốt,1000000.0
"136 Phạm Văn Đồng, Q8",chung cư,bán,84.0,10,đầy đủ,mới,3366900000.0
"122 Lam Sơn, Q9",phòng trọ,cho thuê,13.0,0,cơ bản,cũ,1400000.0
"62 Phạm Ngũ Lão, Q8",phòng trọ,cho thuê,20.0,0,không có,tốt,2100000.0
"121 Quách Thị Trang, Q7",phòng trọ,cho thuê,11.0,0,đầy đủ,mới,2000000.0
"44 CMT8, Q9",phòng trọ,cho thuê,11.0,0,cơ bản,tốt,1700000.0
"136 Lý Tự Trọng, Q2",phòng trọ,cho thuê,11.0,0,không có,tốt,1300000.0
"194 Trường Chinh, Q4",phòng trọ,cho thuê,12.0,0,đầy đủ,mới,1100000.0
"172 Nguyễn Trãi, Q4",phòng trọ,cho thuê,9.0,0,đầy đủ,tốt,1200000.0
"34 Lê Văn Duyệt, Q3",phòng trọ,cho thuê,9.0,0,cơ bản,cũ,700000.0
"26 Âu Cơ, Q2",nhà nguyên căn,bán,44.0,4,cơ bản,tốt,13095000000.0
"158 Pasteur, Q5",phòng trọ,cho thuê,10.0,0,không có,mới,1400000.0
"90 Nguyễn Huệ, Q1",phòng trọ,cho thuê,10.0,0,đầy đủ,tốt,1300000.0
"33 Võ Nguyên Giáp, Q8",phòng trọ,cho thuê,15.0,0,cơ bản,mới,1600000.0
"52 Rừng Sác, Q7",nhà nguyên căn,cho thuê,34.0,4,đầy đủ,tốt,19700000.0
"108 Hàm Nghi, Q4",phòng trọ,cho thuê,20.0,0,không có,tốt,1900000.0
"14 Phạm Văn Đồng, Q8",nhà nguyên căn,bán,36.0,2,cơ bản,cũ,2816000000.0
"128 Lê Văn Duyệt, Q5",phòng trọ,cho thuê,9.0,0,cơ bản,cũ,1100000.0
"91 Pasteur, Q3",phòng trọ,cho thuê,10.0,0,đầy đủ,tốt,2100000.0
"44 Quốc tế, Q8",phòng trọ,cho thuê,12.0,0,cơ bản,cũ,800000.0
"15 Võ Nguyên Giáp, Q9",phòng trọ,cho thuê,12.0,0,đầy đủ,tốt,1300000.0
"176 Nguyễn Trãi, Q7",phòng trọ,cho thuê,9.0,0,không có,cũ,500000.0
"87 Phạm Văn Đồng, Q6",phòng trọ,cho thuê,9.0,0,đầy đủ,tốt,600000.0
"30 Hàm Nghi, Q7",nhà nguyên căn,cho thuê,41.0,1,đầy đủ,tốt,4200000.0
"16 Xô Viết Nghệ Tĩnh, Q1",phòng trọ,cho thuê,13.0,0,cơ bản,mới,2800000.0
"75 Lê Văn Duyệt, Q6",phòng trọ,cho thuê,16.0,0,không có,tốt,1000000.0
"89 Pasteur, Q5",phòng trọ,cho thuê,20.0,0,không có,mới,1900000.0
"154 Lạc Long Quân, Q10",phòng trọ,cho thuê,18.0,0,cơ bản,tốt,1600000.0
"137 Xô Viết Nghệ Tĩnh, Q8",phòng trọ,cho thuê,12.0,0,cơ bản,cũ,700000.0
"35 Quách Thị Trang, Q7",nhà nguyên căn,cho thuê,33.0,5,cơ bản,tốt,11600000.0
"123 Nguyễn Hữu Cảnh, Q8",phòng trọ,cho thuê,17.0,0,đầy đủ,tốt,1500000.0
"105 Võ Nguyên Giáp, Q8",phòng trọ,cho thuê,13.0,0,đầy đủ,tốt,1700000.0
"122 Hai Bà Trưng, Q7",phòng trọ,cho thuê,12.0,0,đầy đủ,mới,1700000.0
"44 Rừng Sác, Q4",phòng trọ,cho thuê,9.0,0,không có,mới,600000.0
"59 Võ Nguyên Giáp, Q10",phòng trọ,cho thuê,19.0,0,đầy đủ,tốt,1500000.0
"63 Nguyễn Hữu Cảnh, Q2",phòng trọ,cho thuê,13.0,0,không có,cũ,1100000.0
"58 Trường Chinh, Q3",phòng trọ,cho thuê,11.0,0,đầy đủ,mới,1600000.0
"135 Xô Viết Nghệ Tĩnh, Q4",phòng trọ,cho thuê,12.0,0,cơ bản,tốt,1700000.0
"162 Phạm Văn Đồng, Q10",phòng trọ,cho thuê,15.0,0,không có,tốt,1300000.0
"149 Lý Thường Kiệt, Q8",phòng trọ,cho thuê,14.0,0,cơ bản,mới,2000000.0
"12 Bùi Viện, Q2",phòng trọ,cho thuê,16.0,0,đầy đủ,cũ,1000000.0
"112 Tôn Đức Thắng, Q10",phòng trọ,cho thuê,17.0,0,cơ bản,mới,1700000.0
"41 Trường Chinh, Q3",văn phòng,cho thuê,345.0,3,cơ bản,mới,548600000.0
"133 Rừng Sác, Q9",phòng trọ,cho thuê,19.0,0,đầy đủ,mới,3000000.0
"23 Mai Chí Thọ, Q2",phòng trọ,cho thuê,19.0,0,cơ bản,mới,3300000.0
"140 Trường Chinh, Q2",văn phòng,cho thuê,325.0,6,cơ bản,cũ,302200000.0
"82 CMT8, Q9",phòng trọ,cho thuê,17.0,0,đầy đủ,mới,2800000.0
"155 Mê Linh, Q2",văn phòng,cho thuê,575.0,20,đầy đủ,mới,867100000.0
"194 Hùng Vương, Q3",phòng trọ,cho thuê,10.0,0,đầy đủ,tốt,1300000.0
"26 Lũy Bán Bích, Q4",chung cư,bán,120.0,17,cơ bản,cũ,5756200000.0
"8 Cách Mạng Tháng Tám, Q2",nhà nguyên căn,cho thuê,36.0,5,cơ bản,mới,18900000.0
"64 Phạm Ngũ Lão, Q8",phòng trọ,cho thuê,13.0,0,đầy đủ,tốt,1900000.0
"70 Quốc tế, Q10",phòng trọ,cho thuê,16.0,0,không có,cũ,1200000.0
"47 Nguyễn Thị Minh Khai, Q8",phòng trọ,cho thuê,10.0,0,đầy đủ,tốt,900000.0
"21 Phạm Ngũ Lão, Q2",nhà nguyên căn,cho thuê,27.0,5,cơ bản,mới,9500000.0
"74 Mê Linh, Q8",phòng trọ,cho thuê,11.0,0,đầy đủ,cũ,900000.0
"135 Trần Hưng Đạo, Q10",chung cư,bán,124.0,16,đầy đủ,mới,13306400000.0
"184 Quách Thị Trang, Q4",phòng trọ,cho thuê,16.0,0,đầy đủ,mới,2700000.0
"180 Xô Viết Nghệ Tĩnh, Q10",phòng trọ,cho thuê,9.0,0,đầy đủ,mới,2000000.0
"177 Nguyễn Văn Linh, Q5",phòng trọ,cho thuê,11.0,0,cơ bản,cũ,1700000.0
"199 Lam Sơn, Q6",nhà nguyên căn,cho thuê,30.0,2,đầy đủ,mới,11000000.0
"41 Hai Bà Trưng, Q6",phòng trọ,cho thuê,13.0,0,đầy đủ,tốt,2300000.0
"64 Mai Chí Thọ, Q3",phòng trọ,cho thuê,10.0,0,cơ bản,mới,1700000.0
"6 Tôn Đức Thắng, Q5",phòng trọ,cho thuê,15.0,0,đầy đủ,mới,2800000.0
"19 Công xã Paris, Q7",phòng trọ,cho thuê,10.0,0,không có,tốt,1300000.0
"46 Quốc tế, Q7",phòng trọ,cho thuê,12.0,0,cơ bản,tốt,1900000.0
"161 Mai Chí Thọ, Q10",chung cư,bán,70.0,13,không có,cũ,5098700000.0
"46 Hàm Nghi, Q6",văn phòng,cho thuê,290.0,20,cơ bản,mới,410100000.0
"39 Nguyễn Trãi, Q2",phòng trọ,cho thuê,19.0,0,không có,cũ,2700000.0
"36 Lê Văn Duyệt, Q3",phòng trọ,cho thuê,18.0,0,không có,tốt,1500000.0
"11 Nguyễn Hữu Cảnh, Q2",phòng trọ,cho thuê,15.0,0,đầy đủ,tốt,2300000.0
"31 Lam Sơn, Q2",phòng trọ,cho thuê,13.0,0,không có,mới,900000.0
"86 Hai Bà Trưng, Q5",phòng trọ,cho thuê,18.0,0,đầy đủ,tốt,2000000.0
"86 Nam Kỳ Khởi Nghĩa, Q3",phòng trọ,cho thuê,18.0,0,đầy đủ,tốt,3900000.0
"11 Mê Linh, Q4",phòng trọ,cho thuê,20.0,0,cơ bản,cũ,1200000.0
"157 Lam Sơn, Q5",chung cư,bán,75.0,16,không có,mới,2273500000.0
"194 Nguyễn Hữu Cảnh, Q8",nhà nguyên căn,bán,29.0,4,đầy đủ,tốt,6133800000.0
"57 Mê Linh, Q8",phòng trọ,cho thuê,9.0,0,đầy đủ,cũ,800000.0
"82 Cách Mạng Tháng Tám, Q5",phòng trọ,cho thuê,12.0,0,cơ bản,tốt,1600000.0
"153 Nam Kỳ Khởi Nghĩa, Q1",chung cư,cho thuê,120.0,18,cơ bản,cũ,13300000.0
"1 Nguyễn Thị Minh Khai, Q5",phòng trọ,cho thuê,19.0,0,đầy đủ,mới,4100000.0
"73 Nguyễn Thị Minh Khai, Q9",phòng trọ,cho thuê,16.0,0,không có,cũ,900000.0
"106 Châu Văn Liêm, Q6",phòng trọ,cho thuê,9.0,0,không có,tốt,800000.0
"172 Võ Nguyên Giáp, Q7",phòng trọ,cho thuê,19.0,0,đầy đủ,cũ,1300000.0
"19 Lê Văn Duyệt, Q3",phòng trọ,cho thuê,14.0,0,cơ bản,cũ,1800000.0
"46 Âu Cơ, Q9",văn phòng,cho thuê,175.0,8,cơ bản,cũ,216400000.0
"186 Phạm Ngũ Lão, Q9",phòng trọ,cho thuê,15.0,0,đầy đủ,tốt,2700000.0
"99 Rừng Sác, Q9",phòng trọ,cho thuê,20.0,0,đầy đủ,tốt,2700000.0
"56 Võ Chí Công, Q1",phòng trọ,cho thuê,19.0,0,cơ bản,cũ,1300000.0
"190 Hàm Nghi, Q7",nhà nguyên căn,bán,30.0,4,không có,mới,9218600000.0
"69 Hai Bà Trưng, Q5",phòng trọ,cho thuê,10.0,0,cơ bản,cũ,1000000.0
"106 Trường Chinh, Q6",văn phòng,cho thuê,355.0,14,không có,mới,256000000.0
"95 CMT8, Q1",phòng trọ,cho thuê,18.0,0,cơ bản,mới,1600000.0
"177 Nguyễn Hữu Cảnh, Q8",phòng trọ,cho thuê,12.0,0,không có,tốt,1100000.0
"160 Lê Văn Duyệt, Q6",văn phòng,cho thuê,355.0,10,đầy đủ,cũ,161200000.0
"57 Nguyễn Thị Minh Khai, Q2",phòng trọ,cho thuê,11.0,0,cơ bản,cũ,1600000.0
"22 Phạm Văn Đồng, Q5",phòng trọ,cho thuê,14.0,0,cơ bản,tốt,2000000.0
"178 Nguyễn Thị Minh Khai, Q9",phòng trọ,cho thuê,19.0,0,đầy đủ,tốt,2400000.0
"120 Lạc Long Quân, Q3",phòng trọ,cho thuê,15.0,0,đầy đủ,mới,2300000.0
"1 Phạm Ngũ Lão, Q5",phòng trọ,cho thuê,10.0,0,cơ bản,tốt,1000000.0
"175 Lý Thường Kiệt, Q10",phòng trọ,cho thuê,16.0,0,đầy đủ,cũ,1200000.0
"111 Phạm Văn Đồng, Q10",nhà nguyên căn,cho thuê,37.0,2,đầy đủ,cũ,9800000.0
"83 Mê Linh, Q9",phòng trọ,cho thuê,15.0,0,đầy đủ,cũ,1500000.0
"43 Châu Văn Liêm, Q2",phòng trọ,cho thuê,15.0,0,không có,cũ,1800000.0
"52 Hai Bà Trưng, Q5",phòng trọ,cho thuê,10.0,0,đầy đủ,cũ,1700000.0
"190 Lý Tự Trọng, Q3",phòng trọ,cho thuê,17.0,0,không có,cũ,1700000.0
"159 Xô Viết Nghệ Tĩnh, Q1",nhà nguyên căn,bán,38.0,1,cơ bản,tốt,2176900000.0
"113 Mê Linh, Q6",nhà nguyên căn,bán,41.0,5,cơ bản,mới,15688900000.0
"73 Nguyễn Thị Minh Khai, Q10",phòng trọ,cho thuê,14.0,0,cơ bản,tốt,2000000.0
"170 CMT8, Q10",phòng trọ,cho thuê,19.0,0,đầy đủ,tốt,2100000.0
"71 Lạc Long Quân, Q7",phòng trọ,cho thuê,10.0,0,không có,tốt,1000000.0
"157 Hải Thượng Lãn Ông, Q2",phòng trọ,cho thuê,14.0,0,đầy đủ,tốt,900000.0
"18 Nguyễn Hữu Cảnh, Q3",phòng trọ,cho thuê,12.0,0,không có,tốt,1800000.0
"64 Âu Cơ, Q4",phòng trọ,cho thuê,17.0,0,không có,tốt,1100000.0
"49 Hai Bà Trưng, Q1",phòng trọ,cho thuê,20.0,0,không có,mới,3600000.0
"198 Cách Mạng Tháng Tám, Q4",phòng trọ,cho thuê,17.0,0,đầy đủ,mới,3500000.0
"15 Lam Sơn, Q9",nhà nguyên căn,cho thuê,43.0,1,đầy đủ,cũ,6500000.0
"58 Âu Cơ, Q10",chung cư,cho thuê,70.0,15,đầy đủ,mới,15900000.0
"32 Lê Lợi, Q10",phòng trọ,cho thuê,11.0,0,cơ bản,cũ,1700000.0
"183 Mai Chí Thọ, Q2",phòng trọ,cho thuê,12.0,0,không có,cũ,1400000.0
"19 Trường Chinh, Q2",phòng trọ,cho thuê,9.0,0,cơ bản,mới,900000.0
"185 Hai Bà Trưng, Q4",phòng trọ,cho thuê,15.0,0,đầy đủ,cũ,1700000.0
"77 CMT8, Q2",chung cư,bán,84.0,15,không có,mới,6674600000.0
"83 Trần Hưng Đạo, Q10",phòng trọ,cho thuê,17.0,0,đầy đủ,tốt,3300000.0
"2 Rừng Sác, Q5",nhà nguyên căn,cho thuê,43.0,1,đầy đủ,mới,8300000.0
"163 Trần Hưng Đạo, Q8",chung cư,bán,65.0,1,cơ bản,tốt,3527800000.0
"166 Dân Chủ, Q8",chung cư,cho thuê,124.0,12,cơ bản,tốt,6700000.0
"106 Cách Mạng Tháng Tám, Q1",phòng trọ,cho thuê,15.0,0,cơ bản,tốt,2400000.0
"15 Lam Sơn, Q4",phòng trọ,cho thuê,19.0,0,đầy đủ,cũ,2500000.0
"75 Âu Cơ, Q9",phòng trọ,cho thuê,17.0,0,đầy đủ,tốt,2500000.0
"2 Lê Văn Duyệt, Q7",văn phòng,cho thuê,250.0,12,đầy đủ,mới,187400000.0
"13 Hải Thượng Lãn Ông, Q1",phòng trọ,cho thuê,15.0,0,không có,mới,1700000.0
"191 Hải Thượng Lãn Ông, Q7",phòng trọ,cho thuê,13.0,0,đầy đủ,cũ,2100000.0
"28 Lý Tự Trọng, Q9",phòng trọ,cho thuê,9.0,0,cơ bản,mới,1600000.0
"1 Lê Văn Duyệt, Q6",phòng trọ,cho thuê,19.0,0,không có,tốt,1400000.0
"84 Quách Thị Trang, Q10",phòng trọ,cho thuê,11.0,0,không có,mới,700000.0
"14 Trần Hưng Đạo, Q9",phòng trọ,cho thuê,12.0,0,không có,tốt,1400000.0
"193 Châu Văn Liêm, Q8",nhà nguyên căn,cho thuê,40.0,5,đầy đủ,mới,21500000.0
"117 Nam Kỳ Khởi Nghĩa, Q9",nhà nguyên căn,cho thuê,29.0,5,đầy đủ,cũ,16600000.0
"45 Lý Tự Trọng, Q10",nhà nguyên căn,cho thuê,39.0,2,không có,mới,14800000.0
"6 Nguyễn Trãi, Q4",phòng trọ,cho thuê,12.0,0,cơ bản,mới,1700000.0
"169 Nam Kỳ Khởi Nghĩa, Q2",phòng trọ,cho thuê,20.0,0,không có,cũ,2800000.0
"21 Lê Duẩn, Q2",phòng trọ,cho thuê,18.0,0,đầy đủ,mới,1400000.0
"142 Lê Duẩn, Q9",phòng trọ,cho thuê,17.0,0,đầy đủ,mới,2500000.0
"90 Hùng Vương, Q3",văn phòng,cho thuê,190.0,13,cơ bản,mới,353700000.0
"185 Lý Thường Kiệt, Q4",phòng trọ,cho thuê,16.0,0,đầy đủ,cũ,1200000.0
"142 Quách Thị Trang, Q5",phòng trọ,cho thuê,14.0,0,không có,mới,1100000.0
"160 Châu Văn Liêm, Q6",phòng trọ,cho thuê,20.0,0,đầy đủ,tốt,1500000.0
"29 Tôn Đức Thắng, Q4",nhà nguyên căn,cho thuê,27.0,2,đầy đủ,cũ,7300000.0
"147 Châu Văn Liêm, Q10",phòng trọ,cho thuê,19.0,0,không có,tốt,2000000.0
"105 Âu Cơ, Q1",nhà nguyên căn,bán,40.0,4,không có,cũ,5931700000.0
"66 Võ Nguyên Giáp, Q8",chung cư,bán,84.0,14,không có,mới,2382400000.0
"66 Hải Thượng Lãn Ông, Q6",phòng trọ,cho thuê,19.0,0,cơ bản,cũ,900000.0
"97 Tôn Đức Thắng, Q10",phòng trọ,cho thuê,19.0,0,không có,mới,2100000.0
"5 Tôn Đức Thắng, Q1",phòng trọ,cho thuê,15.0,0,đầy đủ,cũ,2500000.0
"89 Lý Thường Kiệt, Q10",phòng trọ,cho thuê,9.0,0,cơ bản,cũ,1500000.0
"122 Nguyễn Hữu Cảnh, Q6",phòng trọ,cho thuê,19.0,0,không có,mới,1800000.0
"141 Hải Thượng Lãn Ông, Q9",phòng trọ,cho thuê,10.0,0,cơ bản,cũ,800000.0
"55 Phạm Ngũ Lão, Q5",phòng trọ,cho thuê,18.0,0,cơ bản,cũ,3400000.0
"120 Nguyễn Huệ, Q7",phòng trọ,cho thuê,11.0,0,đầy đủ,tốt,1900000.0
"19 Hải Thượng Lãn Ông, Q9",phòng trọ,cho thuê,10.0,0,cơ bản,tốt,1500000.0
"55 Hàm Nghi, Q8",phòng trọ,cho thuê,13.0,0,đầy đủ,mới,1700000.0
"181 Nguyễn Huệ, Q7",phòng trọ,cho thuê,19.0,0,đầy đủ,tốt,2100000.0
"25 Mê Linh, Q2",phòng trọ,cho thuê,13.0,0,không có,cũ,1800000.0
"170 Âu Cơ, Q8",chung cư,cho thuê,65.0,2,không có,tốt,4700000.0
"133 Lý Tự Trọng, Q10",phòng trọ,cho thuê,18.0,0,cơ bản,tốt,1800000.0
"74 Pasteur, Q8",phòng trọ,cho thuê,13.0,0,không có,tốt,1300000.0
"27 Võ Nguyên Giáp, Q5",phòng trọ,cho thuê,18.0,0,đầy đủ,tốt,2300000.0
"171 Lê Duẩn, Q8",nhà nguyên căn,bán,38.0,3,đầy đủ,tốt,2912100000.0
"53 Xô Viết Nghệ Tĩnh, Q3",phòng trọ,cho thuê,15.0,0,không có,cũ,1300000.0
"97 Lũy Bán Bích, Q6",phòng trọ,cho thuê,18.0,0,không có,tốt,1100000.0
"37 Võ Nguyên Giáp, Q10",văn phòng,cho thuê,370.0,18,cơ bản,mới,548400000.0
"173 Phạm Ngũ Lão, Q8",nhà nguyên căn,cho thuê,33.0,1,không có,tốt,3400000.0
"172 CMT8, Q4",phòng trọ,cho thuê,12.0,0,cơ bản,tốt,700000.0
"167 Mai Chí Thọ, Q4",phòng trọ,cho thuê,20.0,0,không có,tốt,2000000.0
"176 Lam Sơn, Q8",nhà nguyên căn,bán,45.0,1,không có,tốt,2778000000.0
"71 Âu Cơ, Q1",phòng trọ,cho thuê,19.0,0,cơ bản,cũ,1900000.0
"117 Nguyễn Văn Linh, Q9",phòng trọ,cho thuê,15.0,0,đầy đủ,tốt,1100000.0
"54 Mai Chí Thọ, Q9",phòng trọ,cho thuê,13.0,0,không có,tốt,1900000.0
"4 Công xã Paris, Q5",phòng trọ,cho thuê,11.0,0,đầy đủ,mới,1900000.0
"24 Lý Tự Trọng, Q1",nhà nguyên căn,cho thuê,31.0,5,không có,mới,26900000.0
"55 Hùng Vương, Q10",văn phòng,cho thuê,580.0,16,đầy đủ,mới,1281700000.0
"100 Châu Văn Liêm, Q8",phòng trọ,cho thuê,9.0,0,cơ bản,cũ,1000000.0
"184 CMT8, Q2",phòng trọ,cho thuê,12.0,0,cơ bản,mới,2200000.0
"29 Lê Văn Duyệt, Q3",văn phòng,cho thuê,255.0,8,cơ bản,mới,157300000.0
"72 Pasteur, Q4",phòng trọ,cho thuê,20.0,0,không có,cũ,1100000.0
"180 Phạm Ngũ Lão, Q3",nhà nguyên căn,cho thuê,33.0,3,đầy đủ,cũ,16400000.0
"89 Trường Chinh, Q7",phòng trọ,cho thuê,20.0,0,đầy đủ,tốt,1200000.0
"190 Mê Linh, Q9",phòng trọ,cho thuê,13.0,0,đầy đủ,cũ,1300000.0
"37 Nguyễn Huệ, Q1",phòng trọ,cho thuê,10.0,0,không có,mới,700000.0
"120 Bùi Viện, Q7",phòng trọ,cho thuê,18.0,0,cơ bản,cũ,1200000.0
"93 Nguyễn Hữu Cảnh, Q7",phòng trọ,cho thuê,14.0,0,cơ bản,mới,1800000.0
"160 Lý Thường Kiệt, Q10",phòng trọ,cho thuê,14.0,0,không có,tốt,1700000.0
"13 Xô Viết Nghệ Tĩnh, Q9",phòng trọ,cho thuê,20.0,0,không có,mới,1600000.0
"68 Mê Linh, Q9",phòng trọ,cho thuê,17.0,0,cơ bản,mới,1200000.0
"85 Quách Thị Trang, Q5",chung cư,bán,124.0,20,đầy đủ,tốt,11425800000.0
"84 Pasteur, Q7",văn phòng,cho thuê,225.0,4,đầy đủ,tốt,211800000.0
"121 Dân Chủ, Q8",phòng trọ,cho thuê,19.0,0,đầy đủ,tốt,3200000.0
"86 Trần Hưng Đạo, Q10",phòng trọ,cho thuê,13.0,0,không có,cũ,1500000.0
"174 Lam Sơn, Q4",phòng trọ,cho thuê,17.0,0,đầy đủ,mới,1800000.0
"2 Lê Lợi, Q8",phòng trọ,cho thuê,15.0,0,không có,tốt,1200000.0
"83 Châu Văn Liêm, Q8",nhà nguyên căn,cho thuê,43.0,1,đầy đủ,mới,6300000.0
"9 Lê Văn Duyệt, Q9",phòng trọ,cho thuê,10.0,0,cơ bản,tốt,1600000.0
"172 Bùi Viện, Q4",chung cư,bán,124.0,4,đầy đủ,tốt,5187000000.0
"13 Hàm Nghi, Q4",phòng trọ,cho thuê,18.0,0,không có,tốt,2300000.0
"1 Nguyễn Hữu Cảnh, Q8",chung cư,cho thuê,84.0,6,cơ bản,cũ,12700000.0
"77 Lê Duẩn, Q1",phòng trọ,cho thuê,9.0,0,không có,tốt,1600000.0
"94 Hàm Nghi, Q6",phòng trọ,cho thuê,16.0,0,đầy đủ,cũ,2500000.0
"177 Pasteur, Q7",phòng trọ,cho thuê,13.0,0,đầy đủ,mới,2600000.0
"81 Hàm Nghi, Q10",phòng trọ,cho thuê,10.0,0,cơ bản,tốt,1000000.0
"173 Mê Linh, Q9",phòng trọ,cho thuê,19.0,0,không có,cũ,900000.0
"49 Nguyễn Văn Linh, Q8",phòng trọ,cho thuê,14.0,0,đầy đủ,cũ,1700000.0
"157 Bùi Viện, Q2",phòng trọ,cho thuê,19.0,0,không có,mới,1700000.0
"98 Mê Linh, Q1",phòng trọ,cho thuê,19.0,0,không có,tốt,3300000.0
"99 Cách Mạng Tháng Tám, Q7",phòng trọ,cho thuê,11.0,0,cơ bản,cũ,1400000.0
"150 Đồng Khởi, Q2",phòng trọ,cho thuê,13.0,0,đầy đủ,mới,2000000.0
"94 Âu Cơ, Q10",phòng trọ,cho thuê,11.0,0,cơ bản,cũ,700000.0
"105 Lê Văn Duyệt, Q4",phòng trọ,cho thuê,13.0,0,không có,mới,2100000.0
"40 Hải Thượng Lãn Ông, Q8",phòng trọ,cho thuê,11.0,0,đầy đủ,tốt,1600000.0
"168 Mai Chí Thọ, Q2",phòng trọ,cho thuê,10.0,0,cơ bản,tốt,700000.0
"47 Hàm Nghi, Q9",phòng trọ,cho thuê,18.0,0,không có,mới,2000000.0
"100 Nguyễn Văn Linh, Q10",phòng trọ,cho thuê,19.0,0,cơ bản,tốt,1800000.0
"172 Lý Thường Kiệt, Q8",nhà nguyên căn,cho thuê,31.0,3,cơ bản,cũ,6100000.0
"81 Châu Văn Liêm, Q4",phòng trọ,cho thuê,20.0,0,không có,cũ,1800000.0
"159 CMT8, Q7",phòng trọ,cho thuê,14.0,0,cơ bản,tốt,1900000.0
"55 Đồng Khởi, Q1",nhà nguyên căn,bán,27.0,4,không có,mới,7599800000.0
"186 Hai Bà Trưng, Q6",phòng trọ,cho thuê,12.0,0,cơ bản,mới,1800000.0
"184 Nguyễn Huệ, Q9",phòng trọ,cho thuê,19.0,0,đầy đủ,tốt,3300000.0
"167 Lê Lợi, Q10",phòng trọ,cho thuê,12.0,0,không có,mới,2100000.0
"104 Võ Chí Công, Q10",chung cư,bán,70.0,5,đầy đủ,mới,3862000000.0
"76 Bùi Viện, Q3",phòng trọ,cho thuê,13.0,0,đầy đủ,mới,1100000.0
"128 Pasteur, Q8",phòng trọ,cho thuê,19.0,0,đầy đủ,mới,1300000.0
"121 Mê Linh, Q3",phòng trọ,cho thuê,16.0,0,không có,mới,3000000.0
"191 Lê Văn Duyệt, Q7",phòng trọ,cho thuê,10.0,0,không có,cũ,1400000.0
"31 Xô Viết Nghệ Tĩnh, Q2",phòng trọ,cho thuê,18.0,0,không có,tốt,1500000.0
"181 Lê Văn Duyệt, Q3",phòng trọ,cho thuê,12.0,0,không có,cũ,1600000.0
"81 Mê Linh, Q1",phòng trọ,cho thuê,11.0,0,đầy đủ,mới,2000000.0
"56 Trường Chinh, Q10",chung cư,cho thuê,70.0,1,đầy đủ,mới,18200000.0
"72 Cách Mạng Tháng Tám, Q3",nhà nguyên căn,bán,40.0,5,cơ bản,tốt,15214500000.0
"109 Phạm Văn Đồng, Q4",phòng trọ,cho thuê,12.0,0,đầy đủ,tốt,1100000.0
"7 Trường Chinh, Q8",phòng trọ,cho thuê,9.0,0,đầy đủ,tốt,1400000.0
"14 Nguyễn Huệ, Q6",phòng trọ,cho thuê,9.0,0,không có,tốt,600000.0
"49 Pasteur, Q9",phòng trọ,cho thuê,9.0,0,đầy đủ,cũ,1500000.0
"172 Tôn Đức Thắng, Q8",nhà nguyên căn,bán,33.0,3,đầy đủ,tốt,4695600000.0
"187 Cách Mạng Tháng Tám, Q7",phòng trọ,cho thuê,18.0,0,cơ bản,tốt,2300000.0
"49 Nguyễn Trãi, Q6",phòng trọ,cho thuê,12.0,0,đầy đủ,cũ,800000.0
"104 Mê Linh, Q3",phòng trọ,cho thuê,16.0,0,không có,cũ,1000000.0
"33 Mai Chí Thọ, Q1",phòng trọ,cho thuê,10.0,0,không có,mới,1200000.0
"73 Lam Sơn, Q8",phòng trọ,cho thuê,17.0,0,không có,mới,2200000.0
"108 Quốc tế, Q3",chung cư,cho thuê,84.0,3,không có,cũ,12800000.0
"35 Dân Chủ, Q8",phòng trọ,cho thuê,20.0,0,cơ bản,cũ,1700000.0
"51 Trần Hưng Đạo, Q5",phòng trọ,cho thuê,9.0,0,cơ bản,mới,1800000.0
"176 Rừng Sác, Q7",phòng trọ,cho thuê,15.0,0,không có,tốt,900000.0
"183 Lý Tự Trọng, Q1",phòng trọ,cho thuê,12.0,0,đầy đủ,cũ,1700000.0
"4 Hải Thượng Lãn Ông, Q3",phòng trọ,cho thuê,12.0,0,đầy đủ,mới,1400000.0
"192 Võ Chí Công, Q7",phòng trọ,cho thuê,18.0,0,cơ bản,cũ,1400000.0
"113 Âu Cơ, Q3",phòng trọ,cho thuê,17.0,0,không có,cũ,3000000.0
"146 Nguyễn Huệ, Q6",chung cư,bán,65.0,2,cơ bản,mới,4368000000.0
"50 Nguyễn Văn Linh, Q3",văn phòng,cho thuê,320.0,16,đầy đủ,tốt,510800000.0
"140 Trần Hưng Đạo, Q10",phòng trọ,cho thuê,13.0,0,đầy đủ,mới,2900000.0
"127 Phạm Văn Đồng, Q2",phòng trọ,cho thuê,10.0,0,không có,mới,1000000.0
"87 Trần Hưng Đạo, Q3",phòng trọ,cho thuê,13.0,0,không có,cũ,1700000.0
"127 Trường Chinh, Q7",phòng trọ,cho thuê,12.0,0,đầy đủ,tốt,1300000.0
"133 Lam Sơn, Q10",phòng trọ,cho thuê,14.0,0,cơ bản,mới,1800000.0
"118 Lý Tự Trọng, Q10",phòng trọ,cho thuê,9.0,0,không có,cũ,800000.0
"33 Hải Thượng Lãn Ông, Q2",nhà nguyên căn,cho thuê,41.0,3,cơ bản,mới,13600000.0
"194 Quốc tế, Q1",phòng trọ,cho thuê,10.0,0,không có,tốt,1800000.0
"155 Võ Nguyên Giáp, Q4",nhà nguyên căn,bán,39.0,4,đầy đủ,cũ,6292100000.0
"200 Mê Linh, Q5",nhà nguyên căn,bán,41.0,2,đầy đủ,mới,6007700000.0
"35 Hai Bà Trưng, Q7",chung cư,bán,90.0,5,không có,tốt,6351300000.0
"181 Trường Chinh, Q2",phòng trọ,cho thuê,11.0,0,cơ bản,tốt,900000.0
"109 Hải Thượng Lãn Ông, Q3",phòng trọ,cho thuê,19.0,0,cơ bản,cũ,2400000.0
"42 Võ Nguyên Giáp, Q9",phòng trọ,cho thuê,9.0,0,đầy đủ,tốt,600000.0
"75 Phạm Văn Đồng, Q4",phòng trọ,cho thuê,13.0,0,không có,mới,1900000.0
"174 Lý Thường Kiệt, Q7",phòng trọ,cho thuê,14.0,0,cơ bản,tốt,900000.0
"27 Lam Sơn, Q5",phòng trọ,cho thuê,13.0,0,cơ bản,cũ,1800000.0
"140 Đồng Khởi, Q3",phòng trọ,cho thuê,16.0,0,đầy đủ,mới,2800000.0
"108 Nam Kỳ Khởi Nghĩa, Q6",phòng trọ,cho thuê,12.0,0,cơ bản,mới,1400000.0
"152 Mai Chí Thọ, Q4",phòng trọ,cho thuê,20.0,0,cơ bản,cũ,2900000.0
"102 Nguyễn Văn Linh, Q9",phòng trọ,cho thuê,17.0,0,cơ bản,tốt,1100000.0
"46 Lũy Bán Bích, Q10",phòng trọ,cho thuê,14.0,0,không có,mới,2500000.0
"42 Võ Nguyên Giáp, Q4",phòng trọ,cho thuê,17.0,0,đầy đủ,tốt,1500000.0
"166 Quốc tế, Q4",phòng trọ,cho thuê,9.0,0,đầy đủ,cũ,800000.0
"63 Lam Sơn, Q3",phòng trọ,cho thuê,17.0,0,cơ bản,tốt,2500000.0
"138 Võ Nguyên Giáp, Q4",phòng trọ,cho thuê,10.0,0,cơ bản,cũ,1300000.0
"66 Nguyễn Văn Linh, Q3",nhà nguyên căn,bán,45.0,3,cơ bản,mới,13118800000.0
"148 Mê Linh, Q5",phòng trọ,cho thuê,12.0,0,đầy đủ,tốt,1500000.0
"37 Nguyễn Thị Minh Khai, Q10",phòng trọ,cho thuê,10.0,0,cơ bản,mới,1300000.0
"94 Công xã Paris, Q5",phòng trọ,cho thuê,13.0,0,không có,cũ,900000.0
"163 Lê Lợi, Q1",văn phòng,cho thuê,275.0,8,đầy đủ,mới,663500000.0
"56 CMT8, Q7",phòng trọ,cho thuê,17.0,0,không có,mới,2200000.0
"154 Công xã Paris, Q10",chung cư,cho thuê,84.0,18,đầy đủ,cũ,8200000.0
"152 Đồng Khởi, Q2",phòng trọ,cho thuê,20.0,0,cơ bản,cũ,2700000.0
"28 Dân Chủ, Q2",phòng trọ,cho thuê,11.0,0,đầy đủ,tốt,800000.0
"16 Trường Chinh, Q10",phòng trọ,cho thuê,16.0,0,không có,mới,2700000.0
"49 Nguyễn Văn Linh, Q3",phòng trọ,cho thuê,16.0,0,cơ bản,cũ,2300000.0
"76 Trường Chinh, Q4",phòng trọ,cho thuê,17.0,0,cơ bản,mới,2800000.0
"185 Lê Duẩn, Q2",chung cư,cho thuê,84.0,20,đầy đủ,mới,7300000.0
"26 Trường Chinh, Q8",phòng trọ,cho thuê,19.0,0,cơ bản,tốt,3000000.0
"160 Hàm Nghi, Q5",phòng trọ,cho thuê,15.0,0,cơ bản,mới,3200000.0
"6 Phạm Ngũ Lão, Q2",chung cư,cho thuê,84.0,16,cơ bản,mới,12100000.0
"133 Lạc Long Quân, Q1",phòng trọ,cho thuê,16.0,0,đầy đủ,mới,2500000.0
"57 Bùi Viện, Q8",phòng trọ,cho thuê,12.0,0,đầy đủ,tốt,1500000.0
"179 Dân Chủ, Q6",nhà nguyên căn,bán,42.0,3,cơ bản,tốt,5841700000.0
"104 Trường Chinh, Q9",phòng trọ,cho thuê,18.0,0,không có,tốt,1300000.0
"197 Tôn Đức Thắng, Q5",phòng trọ,cho thuê,12.0,0,không có,cũ,1300000.0
"22 Lũy Bán Bích, Q8",phòng trọ,cho thuê,11.0,0,đầy đủ,cũ,600000.0
"155 Nguyễn Thị Minh Khai, Q1",phòng trọ,cho thuê,17.0,0,không có,cũ,1800000.0
"83 Lạc Long Quân, Q6",phòng trọ,cho thuê,9.0,0,không có,cũ,500000.0
"135 Đồng Khởi, Q2",phòng trọ,cho thuê,20.0,0,không có,cũ,1900000.0
"11 Dân Chủ, Q2",phòng trọ,cho thuê,16.0,0,cơ bản,cũ,1900000.0
"60 Dân Chủ, Q5",phòng trọ,cho thuê,14.0,0,cơ bản,cũ,1200000.0
"179 Nam Kỳ Khởi Nghĩa, Q6",nhà nguyên căn,cho thuê,36.0,4,cơ bản,mới,11300000.0
"144 CMT8, Q7",phòng trọ,cho thuê,9.0,0,cơ bản,cũ,600000.0
"173 Nguyễn Văn Linh, Q9",phòng trọ,cho thuê,16.0,0,đầy đủ,cũ,1500000.0
"22 Châu Văn Liêm, Q5",phòng trọ,cho thuê,20.0,0,không có,cũ,2000000.0
"171 Trần Hưng Đạo, Q2",phòng trọ,cho thuê,18.0,0,không có,tốt,1100000.0
"55 Công xã Paris, Q9",phòng trọ,cho thuê,20.0,0,không có,cũ,2200000.0
"184 Lý Tự Trọng, Q2",phòng trọ,cho thuê,15.0,0,cơ bản,tốt,1800000.0
"112 Nguyễn Văn Linh, Q2",chung cư,bán,90.0,20,đầy đủ,tốt,4473800000.0
"195 Lê Văn Duyệt, Q4",phòng trọ,cho thuê,11.0,0,cơ bản,tốt,1800000.0
"138 Nguyễn Văn Linh, Q3",phòng trọ,cho thuê,13.0,0,đầy đủ,cũ,900000.0
"55 Bùi Viện, Q4",phòng trọ,cho thuê,12.0,0,đầy đủ,cũ,1100000.0
"82 Lê Văn Duyệt, Q9",phòng trọ,cho thuê,17.0,0,không có,mới,2800000.0
"12 Trường Chinh, Q1",phòng trọ,cho thuê,9.0,0,không có,cũ,600000.0
"75 Hải Thượng Lãn Ông, Q4",văn phòng,cho thuê,325.0,4,không có,cũ,201200000.0
"69 Hùng Vương, Q2",phòng trọ,cho thuê,12.0,0,đầy đủ,tốt,1600000.0
"63 Mai Chí Thọ, Q1",chung cư,bán,120.0,3,đầy đủ,cũ,11533000000.0
"13 Nam Kỳ Khởi Nghĩa, Q9",chung cư,bán,75.0,10,không có,cũ,1932100000.0
"179 Âu Cơ, Q2",phòng trọ,cho thuê,20.0,0,đầy đủ,mới,2400000.0
"134 Tôn Đức Thắng, Q8",nhà nguyên căn,bán,31.0,2,không có,mới,3554300000.0
"2 Châu Văn Liêm, Q1",nhà nguyên căn,bán,29.0,1,không có,cũ,1224900000.0
"193 Dân Chủ, Q10",phòng trọ,cho thuê,10.0,0,đầy đủ,tốt,1800000.0
"3 Lạc Long Quân, Q2",phòng trọ,cho thuê,15.0,0,cơ bản,mới,1500000.0
"163 Nguyễn Hữu Cảnh, Q1",phòng trọ,cho thuê,14.0,0,cơ bản,mới,3100000.0
"66 Âu Cơ, Q7",phòng trọ,cho thuê,17.0,0,không có,tốt,1700000.0
"139 Pasteur, Q9",phòng trọ,cho thuê,20.0,0,đầy đủ,cũ,3200000.0
"148 Lê Lợi, Q1",phòng trọ,cho thuê,14.0,0,đầy đủ,tốt,2600000.0
"40 Mê Linh, Q7",nhà nguyên căn,cho thuê,27.0,2,không có,cũ,6800000.0
"17 Hùng Vương, Q10",phòng trọ,cho thuê,18.0,0,không có,mới,3400000.0
"137 Trần Hưng Đạo, Q2",phòng trọ,cho thuê,20.0,0,đầy đủ,tốt,3400000.0
"64 Pasteur, Q1",phòng trọ,cho thuê,17.0,0,không có,cũ,1100000.0
"107 Châu Văn Liêm, Q1",phòng trọ,cho thuê,16.0,0,không có,mới,2500000.0
"13 Quốc tế, Q3",phòng trọ,cho thuê,18.0,0,đầy đủ,mới,3900000.0
"6 Trường Chinh, Q6",phòng trọ,cho thuê,20.0,0,không có,cũ,2600000.0
"92 CMT8, Q5",phòng trọ,cho thuê,19.0,0,cơ bản,tốt,2700000.0
"154 Mai Chí Thọ, Q5",phòng trọ,cho thuê,19.0,0,không có,cũ,2200000.0
"185 Pasteur, Q8",phòng trọ,cho thuê,14.0,0,cơ bản,cũ,1800000.0
"132 Nguyễn Huệ, Q6",phòng trọ,cho thuê,18.0,0,không có,cũ,1700000.0
"191 Lý Tự Trọng, Q3",phòng trọ,cho thuê,12.0,0,đầy đủ,tốt,800000.0
"86 Nguyễn Huệ, Q2",phòng trọ,cho thuê,18.0,0,không có,cũ,900000.0
"146 Mai Chí Thọ, Q3",phòng trọ,cho thuê,10.0,0,không có,mới,1100000.0
"12 Nam Kỳ Khởi Nghĩa, Q4",phòng trọ,cho thuê,19.0,0,đầy đủ,mới,3000000.0
"157 Phạm Ngũ Lão, Q9",văn phòng,cho thuê,390.0,6,đầy đủ,tốt,806800000.0
"156 Hải Thượng Lãn Ông, Q10",phòng trọ,cho thuê,17.0,0,đầy đủ,cũ,2100000.0
"137 Lạc Long Quân, Q6",phòng trọ,cho thuê,12.0,0,không có,tốt,1100000.0
"165 Nguyễn Huệ, Q1",phòng trọ,cho thuê,18.0,0,cơ bản,mới,4000000.0
"100 Nguyễn Thị Minh Khai, Q5",nhà nguyên căn,cho thuê,38.0,1,không có,cũ,6800000.0
"83 Hàm Nghi, Q4",chung cư,bán,90.0,2,cơ bản,cũ,2495300000.0
"67 Rừng Sác, Q10",phòng trọ,cho thuê,15.0,0,cơ bản,tốt,1700000.0
"129 Trần Hưng Đạo, Q7",phòng trọ,cho thuê,13.0,0,đầy đủ,mới,2400000.0
"15 Hùng Vương, Q7",văn phòng,cho thuê,295.0,8,không có,tốt,199000000.0
"49 Mê Linh, Q4",nhà nguyên căn,bán,35.0,4,đầy đủ,cũ,5942500000.0
"78 Lê Văn Duyệt, Q1",phòng trọ,cho thuê,9.0,0,cơ bản,tốt,1300000.0
"74 Bùi Viện, Q3",phòng trọ,cho thuê,13.0,0,không có,mới,1200000.0
"147 Âu Cơ, Q1",phòng trọ,cho thuê,10.0,0,không có,tốt,1500000.0
"152 Nguyễn Hữu Cảnh, Q4",chung cư,bán,90.0,14,đầy đủ,cũ,6473100000.0
"10 Hải Thượng Lãn Ông, Q7",phòng trọ,cho thuê,19.0,0,không có,cũ,1800000.0
"115 Nguyễn Huệ, Q6",nhà nguyên căn,cho thuê,29.0,5,không có,mới,12100000.0
"107 Quốc tế, Q5",phòng trọ,cho thuê,19.0,0,không có,tốt,1200000.0
"170 Phạm Văn Đồng, Q8",chung cư,bán,124.0,7,không có,cũ,7167600000.0
"134 Bùi Viện, Q5",văn phòng,cho thuê,500.0,10,không có,cũ,786900000.0
"42 Nam Kỳ Khởi Nghĩa, Q7",chung cư,bán,90.0,6,không có,tốt,5021500000.0
"110 Hải Thượng Lãn Ông, Q6",phòng trọ,cho thuê,20.0,0,không có,cũ,2600000.0
"198 Nam Kỳ Khởi Nghĩa, Q6",phòng trọ,cho thuê,11.0,0,đầy đủ,cũ,1600000.0
"35 Nguyễn Hữu Cảnh, Q6",phòng trọ,cho thuê,12.0,0,không có,mới,800000.0
"154 Mê Linh, Q4",phòng trọ,cho thuê,16.0,0,đầy đủ,mới,1700000.0
"88 Hùng Vương, Q4",phòng trọ,cho thuê,17.0,0,đầy đủ,cũ,1300000.0
"153 Rừng Sác, Q4",phòng trọ,cho thuê,12.0,0,không có,tốt,800000.0
"47 Lũy Bán Bích, Q5",chung cư,bán,75.0,8,đầy đủ,tốt,2779300000.0
"155 Quách Thị Trang, Q9",phòng trọ,cho thuê,14.0,0,cơ bản,mới,1500000.0
"31 Hai Bà Trưng, Q4",phòng trọ,cho thuê,9.0,0,cơ bản,mới,1400000.0
"166 Lạc Long Quân, Q5",nhà nguyên căn,cho thuê,29.0,5,không có,tốt,11800000.0
"87 Phạm Ngũ Lão, Q1",phòng trọ,cho thuê,15.0,0,cơ bản,cũ,1900000.0
"176 Tôn Đức Thắng, Q5",phòng trọ,cho thuê,13.0,0,không có,mới,2200000.0
"27 Đồng Khởi, Q3",chung cư,bán,65.0,11,không có,mới,5853300000.0
"129 Nguyễn Huệ, Q3",nhà nguyên căn,cho thuê,32.0,2,cơ bản,cũ,4500000.0
"163 Âu Cơ, Q4",phòng trọ,cho thuê,16.0,0,không có,cũ,900000.0
"163 Cách Mạng Tháng Tám, Q6",phòng trọ,cho thuê,17.0,0,cơ bản,mới,2100000.0
"137 Lam Sơn, Q3",phòng trọ,cho thuê,13.0,0,đầy đủ,tốt,1800000.0
"119 Lũy Bán Bích, Q10",phòng trọ,cho thuê,18.0,0,không có,cũ,2800000.0
"137 Mê Linh, Q4",phòng trọ,cho thuê,18.0,0,đầy đủ,mới,3100000.0
"54 Đồng Khởi, Q1",nhà nguyên căn,bán,41.0,4,cơ bản,cũ,13286500000.0
"87 Nguyễn Trãi, Q2",nhà nguyên căn,cho thuê,28.0,1,cơ bản,cũ,2500000.0
"57 Công xã Paris, Q3",phòng trọ,cho thuê,15.0,0,không có,mới,1100000.0
"163 Trần Hưng Đạo, Q7",chung cư,bán,70.0,4,cơ bản,mới,5700100000.0
"84 Rừng Sác, Q8",chung cư,bán,124.0,12,không có,cũ,7293600000.0
"110 Võ Chí Công, Q4",nhà nguyên căn,bán,41.0,2,đầy đủ,cũ,3393900000.0
"127 Lũy Bán Bích, Q2",văn phòng,cho thuê,145.0,18,không có,cũ,140200000.0
"60 Võ Chí Công, Q8",nhà nguyên căn,cho thuê,43.0,4,cơ bản,tốt,13100000.0
"96 Nguyễn Trãi, Q7",phòng trọ,cho thuê,13.0,0,đầy đủ,mới,2400000.0
"133 Hàm Nghi, Q4",phòng trọ,cho thuê,20.0,0,không có,mới,3400000.0
"118 Dân Chủ, Q2",phòng trọ,cho thuê,9.0,0,không có,mới,700000.0
"103 Lý Thường Kiệt, Q8",phòng trọ,cho thuê,11.0,0,đầy đủ,mới,1900000.0
"152 Hải Thượng Lãn Ông, Q6",chung cư,cho thuê,90.0,11,không có,tốt,11000000.0
"11 Rừng Sác, Q6",phòng trọ,cho thuê,17.0,0,cơ bản,tốt,2600000.0
"197 Nam Kỳ Khởi Nghĩa, Q8",phòng trọ,cho thuê,19.0,0,đầy đủ,cũ,1700000.0
"114 Pasteur, Q3",phòng trọ,cho thuê,20.0,0,cơ bản,tốt,2200000.0
"187 Hàm Nghi, Q5",chung cư,cho thuê,120.0,18,cơ bản,mới,8500000.0
"125 Châu Văn Liêm, Q2",phòng trọ,cho thuê,19.0,0,không có,cũ,2000000.0
"58 Nguyễn Hữu Cảnh, Q3",phòng trọ,cho thuê,12.0,0,không có,mới,900000.0
"82 Cách Mạng Tháng Tám, Q8",phòng trọ,cho thuê,11.0,0,đầy đủ,tốt,700000.0
"79 Phạm Văn Đồng, Q2",chung cư,cho thuê,84.0,15,cơ bản,cũ,8300000.0
"178 Pasteur, Q2",phòng trọ,cho thuê,17.0,0,không có,mới,2500000.0
"85 Âu Cơ, Q7",nhà nguyên căn,bán,44.0,4,không có,cũ,4445900000.0
"47 Lê Duẩn, Q7",phòng trọ,cho thuê,13.0,0,đầy đủ,mới,1600000.0
"28 Mai Chí Thọ, Q7",phòng trọ,cho thuê,15.0,0,cơ bản,cũ,1100000.0
"91 Nguyễn Văn Linh, Q7",nhà nguyên căn,cho thuê,27.0,1,cơ bản,tốt,4000000.0
"112 Phạm Văn Đồng, Q6",phòng trọ,cho thuê,13.0,0,cơ bản,tốt,1200000.0
"80 Lũy Bán Bích, Q6",phòng trọ,cho thuê,11.0,0,không có,tốt,900000.0
"12 Nguyễn Huệ, Q7",chung cư,cho thuê,124.0,10,cơ bản,mới,8600000.0
"123 Nguyễn Văn Linh, Q3",phòng trọ,cho thuê,15.0,0,không có,mới,2800000.0
"101 Dân Chủ, Q2",nhà nguyên căn,bán,28.0,4,không có,tốt,7467700000.0
"191 Cách Mạng Tháng Tám, Q5",phòng trọ,cho thuê,13.0,0,không có,cũ,2000000.0
"171 CMT8, Q6",phòng trọ,cho thuê,17.0,0,đầy đủ,cũ,1400000.0
"69 Công xã Paris, Q2",nhà nguyên căn,cho thuê,33.0,4,không có,mới,15200000.0
"123 Đồng Khởi, Q8",phòng trọ,cho thuê,18.0,0,không có,cũ,2400000.0
"175 Nguyễn Trãi, Q2",phòng trọ,cho thuê,17.0,0,cơ bản,cũ,1400000.0
"187 Võ Nguyên Giáp, Q9",phòng trọ,cho thuê,20.0,0,đầy đủ,cũ,2500000.0
"154 Nguyễn Thị Minh Khai, Q5",phòng trọ,cho thuê,9.0,0,không có,tốt,600000.0
"74 Lam Sơn, Q2",chung cư,cho thuê,70.0,19,đầy đủ,cũ,5400000.0
"84 Lý Thường Kiệt, Q3",phòng trọ,cho thuê,9.0,0,cơ bản,tốt,700000.0
"129 Đồng Khởi, Q5",nhà nguyên căn,bán,38.0,1,không có,cũ,1129100000.0
"139 Trần Hưng Đạo, Q2",phòng trọ,cho thuê,15.0,0,không có,tốt,1700000.0
"81 Cách Mạng Tháng Tám, Q10",phòng trọ,cho thuê,12.0,0,cơ bản,mới,1200000.0
"141 Lê Lợi, Q7",phòng trọ,cho thuê,9.0,0,không có,mới,700000.0
"124 CMT8, Q9",phòng trọ,cho thuê,20.0,0,không có,mới,3200000.0
"117 Mai Chí Thọ, Q3",chung cư,cho thuê,84.0,20,không có,tốt,7300000.0
"37 Võ Nguyên Giáp, Q5",phòng trọ,cho thuê,9.0,0,đầy đủ,cũ,1200000.0
"69 Quách Thị Trang, Q9",phòng trọ,cho thuê,13.0,0,đầy đủ,mới,2400000.0
"27 Nguyễn Trãi, Q7",phòng trọ,cho thuê,17.0,0,đầy đủ,mới,2900000.0
"154 CMT8, Q6",phòng trọ,cho thuê,16.0,0,đầy đủ,tốt,1100000.0
"94 Nguyễn Trãi, Q3",phòng trọ,cho thuê,11.0,0,cơ bản,tốt,1200000.0
"104 Dân Chủ, Q8",phòng trọ,cho thuê,20.0,0,đầy đủ,tốt,2400000.0
"20 Âu Cơ, Q8",nhà nguyên căn,cho thuê,37.0,1,đầy đủ,cũ,5400000.0
"121 Rừng Sác, Q6",chung cư,cho thuê,90.0,16,không có,tốt,5300000.0
"158 Quốc tế, Q1",phòng trọ,cho thuê,17.0,0,đầy đủ,cũ,3100000.0
"116 Lê Văn Duyệt, Q1",nhà nguyên căn,cho thuê,41.0,5,đầy đủ,mới,42500000.0
"68 Bùi Viện, Q10",nhà nguyên căn,bán,41.0,5,cơ bản,cũ,4963900000.0
"132 Châu Văn Liêm, Q3",phòng trọ,cho thuê,13.0,0,không có,cũ,1700000.0
"150 Tôn Đức Thắng, Q6",phòng trọ,cho thuê,20.0,0,đầy đủ,tốt,3200000.0
"7 Hàm Nghi, Q1",phòng trọ,cho thuê,15.0,0,không có,mới,2300000.0
"51 Quốc tế, Q10",phòng trọ,cho thuê,11.0,0,đầy đủ,tốt,1700000.0
"98 Võ Chí Công, Q9",chung cư,bán,70.0,12,đầy đủ,cũ,4208600000.0
"17 Võ Chí Công, Q4",phòng trọ,cho thuê,14.0,0,không có,tốt,1900000.0
"64 Cách Mạng Tháng Tám, Q10",phòng trọ,cho thuê,15.0,0,cơ bản,tốt,2500000.0
"124 Lê Lợi, Q7",nhà nguyên căn,bán,30.0,1,không có,cũ,777800000.0
"105 Bùi Viện, Q4",phòng trọ,cho thuê,20.0,0,không có,tốt,2800000.0
"179 Tôn Đức Thắng, Q10",phòng trọ,cho thuê,14.0,0,đầy đủ,cũ,1300000.0
"188 Rừng Sác, Q6",phòng trọ,cho thuê,10.0,0,cơ bản,cũ,1400000.0
"10 Nguyễn Trãi, Q7",phòng trọ,cho thuê,20.0,0,cơ bản,tốt,2100000.0
"20 Lê Văn Duyệt, Q2",phòng trọ,cho thuê,17.0,0,cơ bản,cũ,800000.0
"173 Bùi Viện, Q10",phòng trọ,cho thuê,15.0,0,không có,tốt,1300000.0
"148 Nguyễn Huệ, Q3",nhà nguyên căn,bán,27.0,3,cơ bản,cũ,2085500000.0
"91 CMT8, Q2",nhà nguyên căn,cho thuê,38.0,3,không có,mới,12800000.0
"153 Võ Nguyên Giáp, Q9",phòng trọ,cho thuê,18.0,0,không có,tốt,2300000.0
"182 Cách Mạng Tháng Tám, Q6",nhà nguyên căn,bán,36.0,5,không có,mới,13887300000.0
"33 Tôn Đức Thắng, Q7",phòng trọ,cho thuê,19.0,0,cơ bản,cũ,2400000.0
"174 Bùi Viện, Q8",chung cư,cho thuê,120.0,10,không có,tốt,6200000.0
"182 Phạm Ngũ Lão, Q10",phòng trọ,cho thuê,19.0,0,đầy đủ,cũ,2700000.0
"171 Hàm Nghi, Q9",phòng trọ,cho thuê,14.0,0,cơ bản,tốt,1100000.0
"62 Hai Bà Trưng, Q2",phòng trọ,cho thuê,15.0,0,không có,cũ,1400000.0
"9 Châu Văn Liêm, Q1",chung cư,cho thuê,65.0,7,đầy đủ,cũ,13500000.0
"85 Nguyễn Thị Minh Khai, Q5",phòng trọ,cho thuê,19.0,0,đầy đủ,mới,2800000.0
"114 Trần Hưng Đạo, Q7",phòng trọ,cho thuê,12.0,0,đầy đủ,tốt,1000000.0
"141 Dân Chủ, Q3",chung cư,bán,75.0,8,không có,cũ,2637300000.0
"153 Nam Kỳ Khởi Nghĩa, Q3",phòng trọ,cho thuê,10.0,0,không có,tốt,1100000.0
"101 Lê Duẩn, Q7",phòng trọ,cho thuê,11.0,0,đầy đủ,mới,1300000.0
"91 Xô Viết Nghệ Tĩnh, Q3",phòng trọ,cho thuê,9.0,0,không có,mới,700000.0
"10 CMT8, Q3",phòng trọ,cho thuê,13.0,0,không có,cũ,1500000.0
"188 Xô Viết Nghệ Tĩnh, Q10",phòng trọ,cho thuê,18.0,0,cơ bản,mới,2000000.0
"187 Rừng Sác, Q9",văn phòng,cho thuê,355.0,10,đầy đủ,cũ,487600000.0
"50 Trần Hưng Đạo, Q6",phòng trọ,cho thuê,20.0,0,cơ bản,mới,3000000.0
"149 Đồng Khởi, Q10",phòng trọ,cho thuê,11.0,0,đầy đủ,tốt,1400000.0
"72 Mai Chí Thọ, Q3",phòng trọ,cho thuê,15.0,0,cơ bản,cũ,1400000.0
"27 Công xã Paris, Q7",phòng trọ,cho thuê,20.0,0,đầy đủ,tốt,3500000.0
"74 CMT8, Q2",phòng trọ,cho thuê,18.0,0,cơ bản,cũ,2200000.0
"166 Phạm Văn Đồng, Q6",phòng trọ,cho thuê,18.0,0,đầy đủ,cũ,1900000.0
"54 CMT8, Q3",nhà nguyên căn,cho thuê,42.0,1,không có,mới,6300000.0
"1 Âu Cơ, Q4",phòng trọ,cho thuê,17.0,0,cơ bản,cũ,2300000.0
"6 Tôn Đức Thắng, Q3",phòng trọ,cho thuê,20.0,0,đầy đủ,mới,2800000.0
"175 Tôn Đức Thắng, Q1",phòng trọ,cho thuê,11.0,0,không có,mới,1600000.0
"1 Xô Viết Nghệ Tĩnh, Q6",nhà nguyên căn,bán,35.0,3,cơ bản,cũ,5232600000.0
"68 Nguyễn Thị Minh Khai, Q5",phòng trọ,cho thuê,18.0,0,không có,cũ,2100000.0
"165 CMT8, Q5",phòng trọ,cho thuê,13.0,0,đầy đủ,mới,2400000.0
"61 Võ Nguyên Giáp, Q1",phòng trọ,cho thuê,19.0,0,không có,cũ,2200000.0
"118 Nguyễn Văn Linh, Q7",văn phòng,bán,135.0,13,không có,mới,3647900000.0
"95 Mê Linh, Q5",nhà nguyên căn,cho thuê,37.0,4,không có,cũ,24500000.0
"56 Trường Chinh, Q3",phòng trọ,cho thuê,11.0,0,không có,tốt,1800000.0
"169 Bùi Viện, Q1",phòng trọ,cho thuê,17.0,0,không có,mới,2700000.0
"18 Quách Thị Trang, Q9",phòng trọ,cho thuê,15.0,0,đầy đủ,cũ,2100000.0
"130 Dân Chủ, Q10",phòng trọ,cho thuê,12.0,0,cơ bản,mới,2300000.0
"34 Mai Chí Thọ, Q8",phòng trọ,cho thuê,16.0,0,không có,mới,1800000.0
"11 Lê Lợi, Q10",nhà nguyên căn,bán,30.0,4,không có,tốt,4354500000.0
"138 Xô Viết Nghệ Tĩnh, Q2",phòng trọ,cho thuê,18.0,0,không có,tốt,2600000.0
"52 Lũy Bán Bích, Q3",phòng trọ,cho thuê,18.0,0,không có,tốt,3100000.0
"116 Lũy Bán Bích, Q2",phòng trọ,cho thuê,15.0,0,cơ bản,cũ,1800000.0
"158 Tôn Đức Thắng, Q1",nhà nguyên căn,bán,41.0,3,đầy đủ,tốt,7114600000.0
"141 Châu Văn Liêm, Q8",văn phòng,cho thuê,425.0,2,không có,tốt,235300000.0
"24 Dân Chủ, Q5",phòng trọ,cho thuê,10.0,0,đầy đủ,mới,2000000.0
"138 Công xã Paris, Q6",văn phòng,cho thuê,140.0,1,cơ bản,mới,125400000.0
"29 Nguyễn Văn Linh, Q6",nhà nguyên căn,cho thuê,37.0,4,không có,mới,16400000.0
"118 Hàm Nghi, Q4",phòng trọ,cho thuê,12.0,0,cơ bản,mới,2000000.0
"138 Mê Linh, Q6",phòng trọ,cho thuê,12.0,0,không có,mới,1700000.0
"25 Hàm Nghi, Q2",phòng trọ,cho thuê,9.0,0,không có,tốt,700000.0
"92 Nguyễn Trãi, Q8",phòng trọ,cho thuê,12.0,0,không có,tốt,1400000.0
"119 Châu Văn Liêm, Q7",phòng trọ,cho thuê,9.0,0,đầy đủ,tốt,900000.0
"54 Châu Văn Liêm, Q6",chung cư,bán,90.0,5,cơ bản,cũ,4051500000.0
"104 Tôn Đức Thắng, Q7",nhà nguyên căn,cho thuê,40.0,3,đầy đủ,mới,14800000.0
"76 Hàm Nghi, Q3",chung cư,cho thuê,124.0,17,không có,tốt,17300000.0
"134 Lam Sơn, Q4",phòng trọ,cho thuê,15.0,0,đầy đủ,cũ,1300000.0
"53 Quốc tế, Q3",phòng trọ,cho thuê,10.0,0,không có,mới,1000000.0
"180 Châu Văn Liêm, Q4",phòng trọ,cho thuê,17.0,0,không có,mới,1600000.0
"156 Nguyễn Thị Minh Khai, Q5",nhà nguyên căn,bán,37.0,1,không có,tốt,2321800000.0
"163 Lũy Bán Bích, Q7",văn phòng,cho thuê,310.0,16,cơ bản,mới,283900000.0
"191 Phạm Văn Đồng, Q1",phòng trọ,cho thuê,19.0,0,đầy đủ,cũ,3400000.0
"4 Công xã Paris, Q8",phòng trọ,cho thuê,9.0,0,cơ bản,cũ,600000.0
"107 Võ Chí Công, Q2",phòng trọ,cho thuê,18.0,0,cơ bản,tốt,1900000.0
"49 Lê Duẩn, Q5",phòng trọ,cho thuê,10.0,0,không có,cũ,800000.0
"157 Dân Chủ, Q4",phòng trọ,cho thuê,11.0,0,đầy đủ,tốt,700000.0
"49 CMT8, Q2",phòng trọ,cho thuê,16.0,0,cơ bản,mới,2400000.0
"181 Nguyễn Văn Linh, Q7",phòng trọ,cho thuê,16.0,0,cơ bản,tốt,2400000.0
"22 Âu Cơ, Q8",nhà nguyên căn,bán,32.0,5,đầy đủ,cũ,10710000000.0
"180 Lý Tự Trọng, Q5",phòng trọ,cho thuê,9.0,0,không có,cũ,1200000.0
"95 Trường Chinh, Q7",phòng trọ,cho thuê,12.0,0,đầy đủ,cũ,1400000.0
"131 Cách Mạng Tháng Tám, Q1",phòng trọ,cho thuê,12.0,0,đầy đủ,mới,2000000.0
"57 Hai Bà Trưng, Q1",phòng trọ,cho thuê,15.0,0,cơ bản,mới,3200000.0
"122 Lý Thường Kiệt, Q10",phòng trọ,cho thuê,10.0,0,đầy đủ,mới,2300000.0
"8 Lý Tự Trọng, Q3",phòng trọ,cho thuê,11.0,0,cơ bản,mới,1400000.0
"80 Phạm Văn Đồng, Q6",phòng trọ,cho thuê,10.0,0,cơ bản,cũ,1300000.0
"32 Đồng Khởi, Q2",phòng trọ,cho thuê,16.0,0,đầy đủ,cũ,1000000.0
"179 Trần Hưng Đạo, Q8",nhà nguyên căn,cho thuê,33.0,2,cơ bản,cũ,9200000.0
"97 Võ Nguyên Giáp, Q1",phòng trọ,cho thuê,16.0,0,không có,cũ,2400000.0
"20 Âu Cơ, Q3",nhà nguyên căn,bán,33.0,5,đầy đủ,cũ,6585400000.0
"139 Phạm Văn Đồng, Q9",văn phòng,cho thuê,595.0,8,không có,cũ,811500000.0
"102 Mai Chí Thọ, Q1",văn phòng,cho thuê,425.0,1,không có,mới,272000000.0
"61 Xô Viết Nghệ Tĩnh, Q7",chung cư,bán,84.0,19,đầy đủ,tốt,3856200000.0
"92 Lê Duẩn, Q6",phòng trọ,cho thuê,11.0,0,đầy đủ,mới,1900000.0
"137 Hùng Vương, Q9",phòng trọ,cho thuê,19.0,0,không có,mới,2500000.0
"163 Mê Linh, Q1",phòng trọ,cho thuê,14.0,0,không có,mới,2400000.0
"162 Hai Bà Trưng, Q1",phòng trọ,cho thuê,18.0,0,không có,mới,2700000.0
"4 Nguyễn Trãi, Q8",văn phòng,cho thuê,395.0,17,cơ bản,cũ,167800000.0
"172 Võ Nguyên Giáp, Q4",phòng trọ,cho thuê,13.0,0,không có,mới,1800000.0
"154 Cách Mạng Tháng Tám, Q3",nhà nguyên căn,cho thuê,32.0,2,không có,mới,8700000.0
"155 Phạm Văn Đồng, Q3",phòng trọ,cho thuê,10.0,0,không có,cũ,1100000.0
"80 Hai Bà Trưng, Q9",nhà nguyên căn,cho thuê,30.0,1,không có,cũ,2900000.0
"92 Công xã Paris, Q8",phòng trọ,cho thuê,9.0,0,không có,cũ,900000.0
"66 Nguyễn Huệ, Q9",phòng trọ,cho thuê,13.0,0,đầy đủ,cũ,1900000.0
"121 Hùng Vương, Q2",phòng trọ,cho thuê,9.0,0,không có,mới,800000.0
"107 Công xã Paris, Q4",phòng trọ,cho thuê,17.0,0,cơ bản,mới,1500000.0
"126 Quốc tế, Q8",phòng trọ,cho thuê,20.0,0,cơ bản,cũ,1600000.0
"173 Xô Viết Nghệ Tĩnh, Q9",phòng trọ,cho thuê,9.0,0,đầy đủ,mới,1600000.0
"26 Võ Chí Công, Q3",văn phòng,cho thuê,480.0,3,cơ bản,tốt,870600000.0
"15 Nam Kỳ Khởi Nghĩa, Q6",phòng trọ,cho thuê,20.0,0,đầy đủ,mới,3600000.0
"25 Cách Mạng Tháng Tám, Q4",phòng trọ,cho thuê,17.0,0,đầy đủ,cũ,2300000.0
"60 Tôn Đức Thắng, Q2",văn phòng,cho thuê,490.0,17,không có,mới,530100000.0
"184 Dân Chủ, Q10",phòng trọ,cho thuê,15.0,0,đầy đủ,mới,3400000.0
"66 Lý Tự Trọng, Q6",phòng trọ,cho thuê,17.0,0,đầy đủ,mới,2000000.0
"78 Âu Cơ, Q6",phòng trọ,cho thuê,19.0,0,cơ bản,tốt,2600000.0
"170 Lê Lợi, Q4",phòng trọ,cho thuê,15.0,0,đầy đủ,mới,2000000.0
"105 Xô Viết Nghệ Tĩnh, Q7",phòng trọ,cho thuê,10.0,0,cơ bản,tốt,1000000.0
"93 Xô Viết Nghệ Tĩnh, Q3",phòng trọ,cho thuê,18.0,0,đầy đủ,mới,1700000.0
"5 Lê Văn Duyệt, Q2",phòng trọ,cho thuê,14.0,0,không có,mới,800000.0
"100 Lũy Bán Bích, Q4",phòng trọ,cho thuê,13.0,0,không có,tốt,1400000.0
"12 Hai Bà Trưng, Q4",phòng trọ,cho thuê,17.0,0,cơ bản,mới,1200000.0
"189 Võ Chí Công, Q6",phòng trọ,cho thuê,13.0,0,đầy đủ,tốt,1300000.0
"48 Hàm Nghi, Q6",phòng trọ,cho thuê,9.0,0,không có,cũ,600000.0
"167 Phạm Văn Đồng, Q2",nhà nguyên căn,cho thuê,38.0,5,không có,mới,19800000.0
"74 Hải Thượng Lãn Ông, Q6",nhà nguyên căn,bán,27.0,5,đầy đủ,mới,11537000000.0
"88 Võ Nguyên Giáp, Q8",văn phòng,cho thuê,345.0,15,không có,cũ,268200000.0
"146 Nguyễn Trãi, Q8",phòng trọ,cho thuê,12.0,0,cơ bản,cũ,1400000.0
"136 Phạm Ngũ Lão, Q2",phòng trọ,cho thuê,17.0,0,không có,mới,2000000.0
"49 Rừng Sác, Q2",phòng trọ,cho thuê,10.0,0,đầy đủ,cũ,1600000.0
"157 Mê Linh, Q6",phòng trọ,cho thuê,17.0,0,đầy đủ,mới,3300000.0
"5 Mê Linh, Q9",nhà nguyên căn,bán,35.0,2,đầy đủ,cũ,2849400000.0
"122 CMT8, Q1",phòng trọ,cho thuê,11.0,0,đầy đủ,cũ,1500000.0
"84 Nguyễn Văn Linh, Q5",chung cư,bán,124.0,18,không có,mới,11174300000.0
"176 Võ Nguyên Giáp, Q7",phòng trọ,cho thuê,9.0,0,cơ bản,tốt,1200000.0
"177 Hùng Vương, Q10",chung cư,cho thuê,84.0,10,đầy đủ,tốt,16000000.0
"65 Hàm Nghi, Q4",văn phòng,bán,215.0,15,cơ bản,tốt,6691000000.0
"70 Trường Chinh, Q9",nhà nguyên căn,bán,42.0,3,đầy đủ,mới,3759500000.0
"195 Công xã Paris, Q4",nhà nguyên căn,bán,34.0,2,cơ bản,tốt,4646500000.0
"18 Rừng Sác, Q4",văn phòng,cho thuê,315.0,1,không có,cũ,293000000.0
"39 Đồng Khởi, Q3",nhà nguyên căn,cho thuê,34.0,5,đầy đủ,cũ,20100000.0
"140 Xô Viết Nghệ Tĩnh, Q2",phòng trọ,cho thuê,20.0,0,đầy đủ,mới,3200000.0
"22 Mê Linh, Q10",phòng trọ,cho thuê,13.0,0,đầy đủ,tốt,1300000.0
"163 Phạm Ngũ Lão, Q4",chung cư,bán,70.0,11,đầy đủ,cũ,3463600000.0
"124 Lý Tự Trọng, Q9",phòng trọ,cho thuê,20.0,0,không có,cũ,2300000.0
"50 Quốc tế, Q8",nhà nguyên căn,cho thuê,41.0,4,không có,cũ,17500000.0
"156 Nguyễn Văn Linh, Q4",phòng trọ,cho thuê,12.0,0,cơ bản,mới,1200000.0
"101 Lê Lợi, Q9",phòng trọ,cho thuê,9.0,0,đầy đủ,tốt,1700000.0
"81 Trường Chinh, Q2",chung cư,bán,120.0,17,đầy đủ,tốt,5445200000.0
"161 Dân Chủ, Q8",phòng trọ,cho thuê,18.0,0,không có,cũ,1800000.0
"110 Lý Thường Kiệt, Q1",nhà nguyên căn,bán,42.0,4,đầy đủ,tốt,16262100000.0
"84 Lạc Long Quân, Q1",phòng trọ,cho thuê,12.0,0,cơ bản,cũ,2000000.0
"199 Võ Nguyên Giáp, Q5",phòng trọ,cho thuê,20.0,0,đầy đủ,tốt,1700000.0
"182 Trường Chinh, Q3",phòng trọ,cho thuê,9.0,0,cơ bản,tốt,900000.0
"74 Võ Chí Công, Q4",phòng trọ,cho thuê,19.0,0,đầy đủ,cũ,1900000.0
"73 Rừng Sác, Q3",phòng trọ,cho thuê,16.0,0,đầy đủ,tốt,2700000.0
"147 Hàm Nghi, Q3",văn phòng,cho thuê,495.0,15,đầy đủ,mới,378400000.0
"159 Trường Chinh, Q9",phòng trọ,cho thuê,18.0,0,không có,tốt,1900000.0
"70 Hùng Vương, Q2",nhà nguyên căn,cho thuê,39.0,1,đầy đủ,mới,4900000.0
"14 Hàm Nghi, Q6",phòng trọ,cho thuê,18.0,0,không có,cũ,1200000.0
"119 Quốc tế, Q2",phòng trọ,cho thuê,15.0,0,không có,cũ,2000000.0
"89 Âu Cơ, Q5",phòng trọ,cho thuê,13.0,0,đầy đủ,tốt,1700000.0
"169 Hàm Nghi, Q1",phòng trọ,cho thuê,16.0,0,đầy đủ,cũ,2700000.0
"58 Trần Hưng Đạo, Q3",phòng trọ,cho thuê,19.0,0,không có,cũ,2900000.0
"184 Phạm Văn Đồng, Q7",phòng trọ,cho thuê,10.0,0,không có,tốt,600000.0
"57 Tôn Đức Thắng, Q2",chung cư,bán,124.0,18,cơ bản,mới,6221500000.0
"111 Công xã Paris, Q8",nhà nguyên căn,bán,42.0,4,cơ bản,tốt,4642700000.0
"22 Hùng Vương, Q6",nhà nguyên căn,cho thuê,38.0,3,cơ bản,mới,20600000.0
"151 Hai Bà Trưng, Q10",phòng trọ,cho thuê,17.0,0,không có,cũ,2500000.0
"137 Nguyễn Huệ, Q10",phòng trọ,cho thuê,17.0,0,cơ bản,mới,3200000.0
"128 Bùi Viện, Q7",phòng trọ,cho thuê,19.0,0,không có,mới,2300000.0
"80 Đồng Khởi, Q6",phòng trọ,cho thuê,18.0,0,cơ bản,tốt,1900000.0
"78 Pasteur, Q5",nhà nguyên căn,bán,40.0,2,đầy đủ,cũ,6091700000.0
"102 Quốc tế, Q2",phòng trọ,cho thuê,12.0,0,cơ bản,mới,1800000.0
"13 Lê Duẩn, Q4",phòng trọ,cho thuê,10.0,0,đầy đủ,mới,800000.0
"15 Phạm Ngũ Lão, Q4",phòng trọ,cho thuê,14.0,0,đầy đủ,cũ,1500000.0
"132 Âu Cơ, Q6",phòng trọ,cho thuê,18.0,0,đầy đủ,mới,3100000.0
"160 Bùi Viện, Q3",nhà nguyên căn,cho thuê,45.0,3,cơ bản,cũ,18500000.0
"66 Võ Chí Công, Q7",chung cư,bán,65.0,1,đầy đủ,cũ,4502000000.0
"177 Hải Thượng Lãn Ông, Q2",văn phòng,cho thuê,425.0,19,cơ bản,tốt,220900000.0
"29 Phạm Văn Đồng, Q9",phòng trọ,cho thuê,16.0,0,không có,mới,1300000.0
"104 Lũy Bán Bích, Q8",nhà nguyên căn,cho thuê,40.0,2,đầy đủ,cũ,11200000.0
"175 CMT8, Q2",phòng trọ,cho thuê,19.0,0,không có,cũ,1800000.0
"145 Lê Lợi, Q5",phòng trọ,cho thuê,9.0,0,đầy đủ,tốt,900000.0
"180 Lam Sơn, Q5",phòng trọ,cho thuê,15.0,0,đầy đủ,tốt,1600000.0
"102 Hàm Nghi, Q6",phòng trọ,cho thuê,10.0,0,không có,tốt,800000.0
"88 CMT8, Q9",phòng trọ,cho thuê,12.0,0,không có,cũ,1600000.0
"63 Hàm Nghi, Q4",phòng trọ,cho thuê,11.0,0,không có,mới,1300000.0
"33 Lý Thường Kiệt, Q8",phòng trọ,cho thuê,13.0,0,cơ bản,tốt,1100000.0
"148 Âu Cơ, Q8",phòng trọ,cho thuê,11.0,0,cơ bản,mới,1400000.0
"189 Lũy Bán Bích, Q2",phòng trọ,cho thuê,18.0,0,đầy đủ,tốt,2700000.0
"63 Xô Viết Nghệ Tĩnh, Q4",phòng trọ,cho thuê,18.0,0,không có,tốt,1800000.0
"187 Dân Chủ, Q10",phòng trọ,cho thuê,20.0,0,không có,mới,3800000.0
"61 Pasteur, Q5",phòng trọ,cho thuê,14.0,0,không có,tốt,1600000.0
"34 Âu Cơ, Q4",phòng trọ,cho thuê,17.0,0,không có,tốt,2100000.0
"121 Pasteur, Q6",phòng trọ,cho thuê,15.0,0,đầy đủ,cũ,1500000.0
"149 Trần Hưng Đạo, Q1",phòng trọ,cho thuê,11.0,0,cơ bản,mới,1300000.0
"145 Rừng Sác, Q3",phòng trọ,cho thuê,12.0,0,cơ bản,tốt,2100000.0
"22 Võ Nguyên Giáp, Q2",phòng trọ,cho thuê,13.0,0,đầy đủ,tốt,2000000.0
"110 Hùng Vương, Q6",phòng trọ,cho thuê,12.0,0,không có,mới,1700000.0
"180 Nguyễn Văn Linh, Q1",phòng trọ,cho thuê,9.0,0,không có,mới,700000.0
"160 Hàm Nghi, Q8",phòng trọ,cho thuê,14.0,0,không có,mới,1000000.0
"55 Mai Chí Thọ, Q8",phòng trọ,cho thuê,16.0,0,không có,cũ,1000000.0
"166 Nguyễn Văn Linh, Q5",phòng trọ,cho thuê,14.0,0,đầy đủ,tốt,2500000.0
"199 CMT8, Q3",phòng trọ,cho thuê,17.0,0,cơ bản,tốt,3000000.0
"94 Nam Kỳ Khởi Nghĩa, Q1",phòng trọ,cho thuê,11.0,0,đầy đủ,tốt,1500000.0
"51 Nguyễn Thị Minh Khai, Q4",phòng trọ,cho thuê,9.0,0,đầy đủ,tốt,700000.0
"168 Hùng Vương, Q8",phòng trọ,cho thuê,9.0,0,cơ bản,tốt,1200000.0
"164 Nguyễn Hữu Cảnh, Q2",phòng trọ,cho thuê,19.0,0,đầy đủ,cũ,2600000.0
"170 Hai Bà Trưng, Q3",phòng trọ,cho thuê,10.0,0,cơ bản,cũ,1500000.0
"75 Lê Văn Duyệt, Q5",phòng trọ,cho thuê,10.0,0,đầy đủ,mới,1500000.0
"140 Hai Bà Trưng, Q9",chung cư,bán,90.0,10,không có,tốt,2381900000.0
"58 Pasteur, Q2",phòng trọ,cho thuê,15.0,0,cơ bản,mới,1400000.0
"178 Võ Nguyên Giáp, Q7",phòng trọ,cho thuê,11.0,0,cơ bản,cũ,1400000.0
"152 Hùng Vương, Q1",phòng trọ,cho thuê,17.0,0,đầy đủ,cũ,2300000.0
"90 Xô Viết Nghệ Tĩnh, Q7",nhà nguyên căn,bán,27.0,5,không có,cũ,8333700000.0
"131 Hàm Nghi, Q1",chung cư,bán,120.0,14,cơ bản,tốt,9041800000.0
"70 Lũy Bán Bích, Q8",phòng trọ,cho thuê,17.0,0,không có,cũ,2100000.0
"119 Nguyễn Trãi, Q5",phòng trọ,cho thuê,11.0,0,đầy đủ,cũ,1200000.0
"71 Lê Lợi, Q7",phòng trọ,cho thuê,14.0,0,cơ bản,cũ,1600000.0
"104 Công xã Paris, Q2",phòng trọ,cho thuê,16.0,0,cơ bản,cũ,2100000.0
"13 Cách Mạng Tháng Tám, Q10",phòng trọ,cho thuê,9.0,0,không có,tốt,600000.0
"22 Tôn Đức Thắng, Q4",nhà nguyên căn,cho thuê,44.0,5,cơ bản,mới,34100000.0
"100 Phạm Văn Đồng, Q9",phòng trọ,cho thuê,20.0,0,cơ bản,tốt,3100000.0
"143 Trần Hưng Đạo, Q6",phòng trọ,cho thuê,10.0,0,đầy đủ,tốt,1100000.0
"152 Trường Chinh, Q7",phòng trọ,cho thuê,13.0,0,đầy đủ,cũ,1300000.0
"20 Châu Văn Liêm, Q3",nhà nguyên căn,cho thuê,32.0,1,cơ bản,tốt,2800000.0
"150 Công xã Paris, Q1",phòng trọ,cho thuê,18.0,0,không có,cũ,1300000.0
"174 Nguyễn Văn Linh, Q6",nhà nguyên căn,bán,40.0,1,cơ bản,mới,3261200000.0
"176 Lê Lợi, Q7",phòng trọ,cho thuê,13.0,0,đầy đủ,mới,2100000.0
"113 Châu Văn Liêm, Q5",chung cư,cho thuê,124.0,17,không có,mới,17200000.0
"159 CMT8, Q9",phòng trọ,cho thuê,12.0,0,đầy đủ,mới,1000000.0
"161 Võ Nguyên Giáp, Q7",nhà nguyên căn,bán,31.0,3,không có,cũ,4058200000.0
"3 Đồng Khởi, Q8",phòng trọ,cho thuê,11.0,0,không có,mới,1600000.0
"94 Lê Lợi, Q5",phòng trọ,cho thuê,16.0,0,cơ bản,tốt,1500000.0
"15 Phạm Ngũ Lão, Q9",chung cư,bán,65.0,8,không có,cũ,3678900000.0
"130 Hai Bà Trưng, Q9",phòng trọ,cho thuê,16.0,0,không có,mới,1500000.0
"162 Nguyễn Trãi, Q6",nhà nguyên căn,cho thuê,43.0,2,không có,mới,8600000.0
"39 Nguyễn Văn Linh, Q10",phòng trọ,cho thuê,15.0,0,cơ bản,mới,1100000.0
"182 Hai Bà Trưng, Q2",phòng trọ,cho thuê,11.0,0,cơ bản,tốt,900000.0
"99 Xô Viết Nghệ Tĩnh, Q4",phòng trọ,cho thuê,10.0,0,đầy đủ,mới,2000000.0
"134 Nguyễn Hữu Cảnh, Q6",phòng trọ,cho thuê,9.0,0,đầy đủ,mới,1100000.0
"119 Lê Lợi, Q6",nhà nguyên căn,bán,28.0,4,không có,cũ,3272000000.0
"135 Phạm Văn Đồng, Q2",phòng trọ,cho thuê,9.0,0,cơ bản,mới,700000.0
"135 Trường Chinh, Q7",phòng trọ,cho thuê,9.0,0,đầy đủ,cũ,500000.0
"134 Võ Chí Công, Q6",nhà nguyên căn,cho thuê,28.0,2,không có,mới,5300000.0
"89 Xô Viết Nghệ Tĩnh, Q8",văn phòng,cho thuê,410.0,3,cơ bản,cũ,275300000.0
"109 Lạc Long Quân, Q3",phòng trọ,cho thuê,19.0,0,đầy đủ,mới,2500000.0
"143 Quách Thị Trang, Q6",nhà nguyên căn,cho thuê,29.0,1,cơ bản,mới,5400000.0
"143 Cách Mạng Tháng Tám, Q7",phòng trọ,cho thuê,13.0,0,đầy đủ,tốt,2200000.0
"192 Bùi Viện, Q4",văn phòng,cho thuê,125.0,4,đầy đủ,mới,146300000.0
"5 Nguyễn Trãi, Q6",phòng trọ,cho thuê,9.0,0,đầy đủ,mới,1300000.0
"26 Nguyễn Thị Minh Khai, Q2",chung cư,bán,70.0,9,đầy đủ,tốt,3806400000.0
"158 Đồng Khởi, Q9",chung cư,bán,90.0,9,đầy đủ,tốt,4695800000.0
"41 Hải Thượng Lãn Ông, Q2",phòng trọ,cho thuê,18.0,0,không có,mới,2600000.0
"199 Lê Lợi, Q5",phòng trọ,cho thuê,15.0,0,không có,mới,1100000.0
"38 Quốc tế, Q1",phòng trọ,cho thuê,16.0,0,cơ bản,tốt,2300000.0
"128 Lạc Long Quân, Q9",phòng trọ,cho thuê,9.0,0,không có,mới,1100000.0
"132 Hải Thượng Lãn Ông, Q5",phòng trọ,cho thuê,12.0,0,không có,mới,1000000.0
"32 Châu Văn Liêm, Q2",phòng trọ,cho thuê,16.0,0,đầy đủ,tốt,2400000.0
"126 Tôn Đức Thắng, Q3",phòng trọ,cho thuê,11.0,0,đầy đủ,tốt,2300000.0
"82 Lạc Long Quân, Q1",chung cư,bán,124.0,6,đầy đủ,tốt,9964800000.0
"82 Xô Viết Nghệ Tĩnh, Q4",phòng trọ,cho thuê,17.0,0,cơ bản,cũ,1500000.0
"2 Phạm Ngũ Lão, Q8",phòng trọ,cho thuê,14.0,0,không có,mới,2000000.0
"58 Lý Thường Kiệt, Q5",phòng trọ,cho thuê,19.0,0,không có,tốt,1100000.0
"116 Trường Chinh, Q5",nhà nguyên căn,bán,44.0,4,cơ bản,tốt,14433000000.0
"126 Quách Thị Trang, Q6",phòng trọ,cho thuê,11.0,0,cơ bản,tốt,1600000.0
"31 Phạm Văn Đồng, Q9",phòng trọ,cho thuê,10.0,0,không có,mới,1000000.0
"140 Nguyễn Văn Linh, Q6",phòng trọ,cho thuê,18.0,0,không có,cũ,2400000.0
"96 Võ Nguyên Giáp, Q8",phòng trọ,cho thuê,11.0,0,không có,mới,1000000.0
"19 Lê Văn Duyệt, Q9",phòng trọ,cho thuê,11.0,0,không có,cũ,900000.0
"22 Công xã Paris, Q6",phòng trọ,cho thuê,13.0,0,đầy đủ,tốt,2200000.0
"186 CMT8, Q7",phòng trọ,cho thuê,15.0,0,cơ bản,mới,1500000.0
"136 Châu Văn Liêm, Q9",phòng trọ,cho thuê,18.0,0,đầy đủ,cũ,1600000.0
"128 Lạc Long Quân, Q10",phòng trọ,cho thuê,12.0,0,đầy đủ,tốt,1100000.0
"75 Lạc Long Quân, Q3",phòng trọ,cho thuê,18.0,0,đầy đủ,tốt,3400000.0
"9 Tôn Đức Thắng, Q2",nhà nguyên căn,bán,28.0,5,cơ bản,mới,10831900000.0
"70 Quách Thị Trang, Q4",phòng trọ,cho thuê,19.0,0,đầy đủ,cũ,1100000.0
"160 Lê Duẩn, Q5",nhà nguyên căn,cho thuê,42.0,2,cơ bản,cũ,8000000.0
"159 Rừng Sác, Q9",phòng trọ,cho thuê,15.0,0,cơ bản,cũ,700000.0
"170 Cách Mạng Tháng Tám, Q4",nhà nguyên căn,bán,39.0,5,cơ bản,mới,8658000000.0
"182 Nguyễn Văn Linh, Q1",phòng trọ,cho thuê,9.0,0,đầy đủ,tốt,1600000.0
"67 Võ Chí Công, Q6",phòng trọ,cho thuê,9.0,0,không có,mới,500000.0
"47 Trường Chinh, Q2",chung cư,bán,124.0,16,đầy đủ,mới,5049800000.0
"5 Công xã Paris, Q6",phòng trọ,cho thuê,16.0,0,không có,tốt,1000000.0
"143 Dân Chủ, Q6",phòng trọ,cho thuê,14.0,0,đầy đủ,cũ,2100000.0
"73 CMT8, Q9",phòng trọ,cho thuê,20.0,0,đầy đủ,tốt,3600000.0
"190 Lê Lợi, Q6",nhà nguyên căn,cho thuê,30.0,5,cơ bản,mới,22500000.0
"192 Nguyễn Hữu Cảnh, Q10",phòng trọ,cho thuê,12.0,0,cơ bản,mới,1900000.0
"40 Rừng Sác, Q3",chung cư,bán,120.0,17,cơ bản,cũ,6870000000.0
"68 Lê Lợi, Q6",phòng trọ,cho thuê,12.0,0,cơ bản,tốt,1300000.0
"133 Phạm Ngũ Lão, Q9",phòng trọ,cho thuê,10.0,0,không có,cũ,1000000.0
"4 Xô Viết Nghệ Tĩnh, Q5",phòng trọ,cho thuê,16.0,0,cơ bản,tốt,1500000.0
"4 Hai Bà Trưng, Q1",phòng trọ,cho thuê,11.0,0,không có,mới,1500000.0
"22 Lê Lợi, Q2",phòng trọ,cho thuê,19.0,0,không có,mới,1700000.0
"42 CMT8, Q1",phòng trọ,cho thuê,18.0,0,không có,cũ,2100000.0
"112 Võ Nguyên Giáp, Q1",chung cư,bán,75.0,3,cơ bản,mới,4032000000.0
"60 Pasteur, Q2",phòng trọ,cho thuê,14.0,0,đầy đủ,tốt,1800000.0
"4 Nguyễn Huệ, Q7",phòng trọ,cho thuê,19.0,0,đầy đủ,cũ,1800000.0
"104 Phạm Văn Đồng, Q8",phòng trọ,cho thuê,10.0,0,không có,cũ,1300000.0
"12 Đồng Khởi, Q10",phòng trọ,cho thuê,19.0,0,cơ bản,tốt,2700000.0
"194 Rừng Sác, Q2",phòng trọ,cho thuê,15.0,0,đầy đủ,tốt,1300000.0
"4 Nguyễn Thị Minh Khai, Q2",nhà nguyên căn,bán,28.0,1,đầy đủ,cũ,2050800000.0
"32 Lê Văn Duyệt, Q1",nhà nguyên căn,bán,28.0,1,cơ bản,mới,1933500000.0
"107 Rừng Sác, Q9",phòng trọ,cho thuê,13.0,0,cơ bản,cũ,1600000.0
"2 Lam Sơn, Q3",nhà nguyên căn,bán,40.0,5,không có,cũ,11223000000.0
"38 Lũy Bán Bích, Q7",phòng trọ,cho thuê,14.0,0,không có,cũ,1400000.0
"181 Mai Chí Thọ, Q8",phòng trọ,cho thuê,19.0,0,đầy đủ,tốt,3300000.0
"56 CMT8, Q9",phòng trọ,cho thuê,20.0,0,không có,mới,3000000.0
"31 Hải Thượng Lãn Ông, Q3",phòng trọ,cho thuê,15.0,0,không có,tốt,2300000.0
"141 Nam Kỳ Khởi Nghĩa, Q2",phòng trọ,cho thuê,15.0,0,đầy đủ,cũ,2400000.0
"173 Lam Sơn, Q6",phòng trọ,cho thuê,15.0,0,cơ bản,tốt,1700000.0
"30 Bùi Viện, Q1",phòng trọ,cho thuê,18.0,0,đầy đủ,tốt,3800000.0
"109 Nguyễn Huệ, Q7",nhà nguyên căn,cho thuê,44.0,5,cơ bản,tốt,30600000.0
"8 Hải Thượng Lãn Ông, Q9",phòng trọ,cho thuê,11.0,0,đầy đủ,cũ,1400000.0
"174 Tôn Đức Thắng, Q4",nhà nguyên căn,cho thuê,29.0,2,cơ bản,cũ,7600000.0
"57 Quốc tế, Q1",phòng trọ,cho thuê,10.0,0,cơ bản,mới,1000000.0
"74 CMT8, Q7",văn phòng,cho thuê,310.0,20,đầy đủ,cũ,526900000.0
"70 Nam Kỳ Khởi Nghĩa, Q7",phòng trọ,cho thuê,12.0,0,cơ bản,tốt,700000.0
"189 Âu Cơ, Q6",nhà nguyên căn,bán,30.0,5,đầy đủ,tốt,4500100000.0
"181 Xô Viết Nghệ Tĩnh, Q7",nhà nguyên căn,cho thuê,33.0,2,không có,mới,7000000.0
"128 Hùng Vương, Q7",phòng trọ,cho thuê,10.0,0,không có,mới,900000.0
"29 Nguyễn Thị Minh Khai, Q8",văn phòng,cho thuê,360.0,3,không có,tốt,195900000.0
"156 Lam Sơn, Q6",phòng trọ,cho thuê,11.0,0,đầy đủ,mới,1100000.0
"175 Lý Thường Kiệt, Q10",văn phòng,cho thuê,485.0,10,không có,mới,681900000.0
"168 Võ Nguyên Giáp, Q5",văn phòng,cho thuê,345.0,1,cơ bản,tốt,296500000.0
"192 Phạm Văn Đồng, Q8",phòng trọ,cho thuê,15.0,0,đầy đủ,tốt,2300000.0
"118 Nguyễn Trãi, Q2",văn phòng,cho thuê,510.0,13,đầy đủ,mới,774200000.0
"191 Cách Mạng Tháng Tám, Q8",phòng trọ,cho thuê,12.0,0,không có,tốt,900000.0
"81 Trần Hưng Đạo, Q7",chung cư,bán,84.0,7,đầy đủ,tốt,2531500000.0
"194 Âu Cơ, Q7",phòng trọ,cho thuê,15.0,0,không có,mới,800000.0
"140 Lý Tự Trọng, Q2",phòng trọ,cho thuê,14.0,0,không có,mới,2200000.0
"100 Âu Cơ, Q9",phòng trọ,cho thuê,10.0,0,đầy đủ,mới,1200000.0
"198 Trường Chinh, Q4",phòng trọ,cho thuê,19.0,0,cơ bản,mới,2500000.0
"97 Nguyễn Huệ, Q5",phòng trọ,cho thuê,19.0,0,đầy đủ,mới,3400000.0
"193 Nguyễn Huệ, Q5",phòng trọ,cho thuê,17.0,0,cơ bản,cũ,1400000.0
"158 Dân Chủ, Q7",phòng trọ,cho thuê,20.0,0,cơ bản,tốt,3200000.0
"8 Lê Lợi, Q8",nhà nguyên căn,bán,33.0,3,không có,tốt,5198800000.0
"85 Phạm Văn Đồng, Q4",phòng trọ,cho thuê,20.0,0,cơ bản,tốt,3000000.0
"46 Pasteur, Q8",phòng trọ,cho thuê,19.0,0,đầy đủ,tốt,2700000.0
"180 Rừng Sác, Q8",phòng trọ,cho thuê,20.0,0,cơ bản,mới,1200000.0
"37 Võ Nguyên Giáp, Q8",phòng trọ,cho thuê,15.0,0,cơ bản,mới,1400000.0
"14 Nguyễn Hữu Cảnh, Q1",phòng trọ,cho thuê,11.0,0,đầy đủ,tốt,1200000.0
"116 Quốc tế, Q10",phòng trọ,cho thuê,12.0,0,đầy đủ,tốt,2400000.0
"109 Bùi Viện, Q7",phòng trọ,cho thuê,10.0,0,cơ bản,mới,900000.0
"118 Công xã Paris, Q1",phòng trọ,cho thuê,9.0,0,cơ bản,tốt,1200000.0
"23 Quốc tế, Q1",phòng trọ,cho thuê,9.0,0,đầy đủ,tốt,700000.0
"128 Võ Nguyên Giáp, Q1",chung cư,bán,75.0,8,cơ bản,mới,5464400000.0
"193 Lê Duẩn, Q2",phòng trọ,cho thuê,12.0,0,đầy đủ,cũ,1600000.0
"5 Nguyễn Huệ, Q8",chung cư,cho thuê,65.0,11,cơ bản,mới,11200000.0
"47 Nguyễn Thị Minh Khai, Q10",phòng trọ,cho thuê,17.0,0,cơ bản,tốt,2300000.0
"173 Nguyễn Huệ, Q1",phòng trọ,cho thuê,17.0,0,đầy đủ,tốt,3800000.0
"200 Quách Thị Trang, Q6",chung cư,bán,65.0,20,đầy đủ,mới,2029100000.0
"111 Lũy Bán Bích, Q1",phòng trọ,cho thuê,19.0,0,đầy đủ,mới,4200000.0
"179 Lũy Bán Bích, Q10",chung cư,bán,124.0,10,không có,cũ,4545600000.0
"89 Nguyễn Hữu Cảnh, Q10",phòng trọ,cho thuê,10.0,0,cơ bản,tốt,1500000.0
"7 Trần Hưng Đạo, Q8",phòng trọ,cho thuê,20.0,0,không có,tốt,1800000.0
"99 Quốc tế, Q10",phòng trọ,cho thuê,11.0,0,cơ bản,cũ,1600000.0
"93 CMT8, Q8",văn phòng,cho thuê,280.0,9,cơ bản,tốt,171600000.0
"48 Tôn Đức Thắng, Q1",phòng trọ,cho thuê,15.0,0,cơ bản,tốt,2600000.0
"179 Trần Hưng Đạo, Q7",nhà nguyên căn,cho thuê,29.0,3,cơ bản,cũ,6900000.0
"106 Nam Kỳ Khởi Nghĩa, Q7",phòng trọ,cho thuê,10.0,0,cơ bản,mới,1400000.0
"190 Mai Chí Thọ, Q10",phòng trọ,cho thuê,18.0,0,đầy đủ,cũ,3500000.0
"33 Lam Sơn, Q9",phòng trọ,cho thuê,19.0,0,không có,cũ,2000000.0
"147 Lý Tự Trọng, Q3",nhà nguyên căn,cho thuê,41.0,3,cơ bản,cũ,10500000.0
"126 Lam Sơn, Q4",chung cư,cho thuê,70.0,16,không có,tốt,4000000.0
"194 Nguyễn Hữu Cảnh, Q10",nhà nguyên căn,bán,38.0,4,không có,tốt,11350000000.0
"196 Quốc tế, Q10",văn phòng,cho thuê,415.0,6,cơ bản,cũ,705900000.0
"6 Rừng Sác, Q9",phòng trọ,cho thuê,20.0,0,đầy đủ,cũ,1400000.0
"102 Võ Chí Công, Q1",phòng trọ,cho thuê,16.0,0,đầy đủ,mới,3600000.0
"193 Công xã Paris, Q5",phòng trọ,cho thuê,10.0,0,đầy đủ,tốt,2000000.0
"53 Xô Viết Nghệ Tĩnh, Q10",phòng trọ,cho thuê,15.0,0,đầy đủ,tốt,2300000.0
"47 Nguyễn Văn Linh, Q7",chung cư,bán,124.0,17,đầy đủ,cũ,8168800000.0
"101 Âu Cơ, Q2",phòng trọ,cho thuê,17.0,0,cơ bản,cũ,1400000.0
"164 Xô Viết Nghệ Tĩnh, Q8",chung cư,cho thuê,90.0,1,cơ bản,tốt,11800000.0
"39 Hùng Vương, Q9",văn phòng,cho thuê,575.0,17,đầy đủ,mới,370000000.0
"65 Bùi Viện, Q3",phòng trọ,cho thuê,12.0,0,không có,mới,1800000.0
"117 Công xã Paris, Q9",văn phòng,cho thuê,495.0,18,không có,cũ,415800000.0
"21 Nguyễn Văn Linh, Q8",phòng trọ,cho thuê,18.0,0,đầy đủ,mới,3000000.0
"12 Hải Thượng Lãn Ông, Q8",phòng trọ,cho thuê,11.0,0,cơ bản,cũ,1000000.0
"155 Âu Cơ, Q9",phòng trọ,cho thuê,14.0,0,đầy đủ,cũ,2300000.0
"182 Hùng Vương, Q7",phòng trọ,cho thuê,14.0,0,đầy đủ,tốt,1900000.0
"179 Nguyễn Huệ, Q3",phòng trọ,cho thuê,11.0,0,đầy đủ,mới,2100000.0
"117 Hải Thượng Lãn Ông, Q8",phòng trọ,cho thuê,18.0,0,cơ bản,cũ,2400000.0
"124 Võ Nguyên Giáp, Q10",phòng trọ,cho thuê,9.0,0,đầy đủ,cũ,1100000.0
"66 Nguyễn Thị Minh Khai, Q3",phòng trọ,cho thuê,10.0,0,không có,cũ,700000.0
"153 Lý Thường Kiệt, Q8",phòng trọ,cho thuê,11.0,0,cơ bản,cũ,600000.0
"96 Lý Thường Kiệt, Q9",chung cư,bán,124.0,16,không có,tốt,3458900000.0
"110 Âu Cơ, Q4",phòng trọ,cho thuê,13.0,0,đầy đủ,tốt,1100000.0
"187 Lý Thường Kiệt, Q9",phòng trọ,cho thuê,17.0,0,đầy đủ,mới,2400000.0
"72 Lê Duẩn, Q4",phòng trọ,cho thuê,19.0,0,đầy đủ,tốt,1500000.0
"11 Phạm Văn Đồng, Q2",phòng trọ,cho thuê,9.0,0,cơ bản,tốt,1200000.0
"184 Châu Văn Liêm, Q7",phòng trọ,cho thuê,11.0,0,cơ bản,tốt,900000.0
"24 Dân Chủ, Q8",phòng trọ,cho thuê,11.0,0,đầy đủ,tốt,1000000.0
"118 Quốc tế, Q9",phòng trọ,cho thuê,10.0,0,đầy đủ,mới,1400000.0
"190 Hải Thượng Lãn Ông, Q3",văn phòng,cho thuê,145.0,1,cơ bản,mới,295100000.0
"54 Xô Viết Nghệ Tĩnh, Q7",nhà nguyên căn,cho thuê,37.0,4,không có,cũ,16400000.0
"78 Trần Hưng Đạo, Q8",phòng trọ,cho thuê,11.0,0,đầy đủ,tốt,800000.0
"164 Trần Hưng Đạo, Q2",phòng trọ,cho thuê,12.0,0,đầy đủ,mới,900000.0
"162 Lê Duẩn, Q8",nhà nguyên căn,cho thuê,45.0,4,không có,tốt,22800000.0
"39 Dân Chủ, Q4",phòng trọ,cho thuê,14.0,0,cơ bản,tốt,900000.0
"155 Âu Cơ, Q10",phòng trọ,cho thuê,15.0,0,đầy đủ,mới,3000000.0
"165 Nguyễn Văn Linh, Q5",chung cư,bán,84.0,9,đầy đủ,cũ,2474200000.0
"63 Cách Mạng Tháng Tám, Q7",phòng trọ,cho thuê,15.0,0,đầy đủ,tốt,2300000.0
"161 Dân Chủ, Q7",nhà nguyên căn,cho thuê,38.0,3,đầy đủ,tốt,10300000.0
"132 Mai Chí Thọ, Q2",phòng trọ,cho thuê,16.0,0,không có,tốt,2400000.0
"195 Nguyễn Văn Linh, Q2",phòng trọ,cho thuê,13.0,0,đầy đủ,mới,1500000.0
"66 Phạm Ngũ Lão, Q3",phòng trọ,cho thuê,18.0,0,đầy đủ,tốt,1700000.0
"121 Trần Hưng Đạo, Q9",phòng trọ,cho thuê,10.0,0,đầy đủ,mới,1500000.0
"129 Dân Chủ, Q8",phòng trọ,cho thuê,9.0,0,cơ bản,mới,1600000.0
"156 Trường Chinh, Q5",phòng trọ,cho thuê,10.0,0,đầy đủ,cũ,1600000.0
"156 Nguyễn Thị Minh Khai, Q8",phòng trọ,cho thuê,14.0,0,đầy đủ,tốt,1500000.0
"57 CMT8, Q6",phòng trọ,cho thuê,10.0,0,đầy đủ,cũ,500000.0
"20 Hai Bà Trưng, Q3",chung cư,bán,65.0,3,đầy đủ,tốt,5940900000.0
"128 Công xã Paris, Q7",phòng trọ,cho thuê,20.0,0,không có,cũ,2500000.0
"187 Lý Thường Kiệt, Q10",phòng trọ,cho thuê,10.0,0,đầy đủ,tốt,1600000.0
"61 Trần Hưng Đạo, Q8",nhà nguyên căn,cho thuê,35.0,2,không có,tốt,5700000.0
"103 Phạm Văn Đồng, Q6",phòng trọ,cho thuê,17.0,0,không có,mới,1500000.0
"142 Lê Lợi, Q3",văn phòng,cho thuê,150.0,10,không có,cũ,115300000.0
"88 Lam Sơn, Q9",nhà nguyên căn,bán,30.0,4,cơ bản,mới,7088600000.0
"35 Phạm Văn Đồng, Q3",phòng trọ,cho thuê,17.0,0,cơ bản,tốt,3000000.0
"76 Lê Văn Duyệt, Q10",phòng trọ,cho thuê,10.0,0,không có,cũ,800000.0
"183 Hai Bà Trưng, Q1",phòng trọ,cho thuê,13.0,0,cơ bản,mới,2800000.0
"132 Phạm Văn Đồng, Q10",phòng trọ,cho thuê,20.0,0,không có,tốt,1700000.0
"49 Dân Chủ, Q7",văn phòng,cho thuê,370.0,17,cơ bản,cũ,241600000.0
"171 Tôn Đức Thắng, Q2",phòng trọ,cho thuê,16.0,0,không có,tốt,1200000.0
"108 Lạc Long Quân, Q10",văn phòng,cho thuê,165.0,14,không có,tốt,264100000.0
"80 CMT8, Q5",chung cư,bán,70.0,4,không có,cũ,3672400000.0
"190 Phạm Ngũ Lão, Q9",phòng trọ,cho thuê,18.0,0,cơ bản,cũ,2700000.0
"200 Lý Thường Kiệt, Q1",phòng trọ,cho thuê,20.0,0,cơ bản,tốt,2400000.0
"61 Nguyễn Thị Minh Khai, Q2",phòng trọ,cho thuê,19.0,0,đầy đủ,tốt,3200000.0
"79 Nguyễn Trãi, Q9",nhà nguyên căn,bán,45.0,3,không có,tốt,8321600000.0
"136 Rừng Sác, Q5",nhà nguyên căn,cho thuê,43.0,1,cơ bản,mới,4800000.0
"56 Lê Lợi, Q3",chung cư,bán,75.0,20,đầy đủ,mới,5754300000.0
"74 Pasteur, Q9",phòng trọ,cho thuê,19.0,0,đầy đủ,tốt,1700000.0
"143 Lê Duẩn, Q4",phòng trọ,cho thuê,13.0,0,không có,tốt,1200000.0
"187 Tôn Đức Thắng, Q10",nhà nguyên căn,bán,33.0,5,không có,cũ,5521800000.0
"94 Bùi Viện, Q7",phòng trọ,cho thuê,11.0,0,cơ bản,mới,1900000.0
"179 Nguyễn Hữu Cảnh, Q3",nhà nguyên căn,cho thuê,38.0,3,không có,mới,13800000.0
"167 Quách Thị Trang, Q8",phòng trọ,cho thuê,12.0,0,cơ bản,mới,900000.0
"11 Mai Chí Thọ, Q9",phòng trọ,cho thuê,19.0,0,cơ bản,mới,2000000.0
"131 Phạm Văn Đồng, Q5",nhà nguyên căn,cho thuê,45.0,2,cơ bản,mới,8100000.0
"17 Dân Chủ, Q2",phòng trọ,cho thuê,16.0,0,không có,cũ,2000000.0
"8 Rừng Sác, Q3",phòng trọ,cho thuê,17.0,0,đầy đủ,tốt,2200000.0
"29 Hải Thượng Lãn Ông, Q3",phòng trọ,cho thuê,15.0,0,đầy đủ,tốt,2900000.0
"158 Âu Cơ, Q8",phòng trọ,cho thuê,12.0,0,cơ bản,tốt,1300000.0
"195 Võ Chí Công, Q6",phòng trọ,cho thuê,18.0,0,đầy đủ,tốt,2100000.0
"138 Lý Thường Kiệt, Q7",phòng trọ,cho thuê,10.0,0,đầy đủ,mới,1800000.0
"74 Phạm Văn Đồng, Q7",phòng trọ,cho thuê,9.0,0,cơ bản,mới,1300000.0
"129 Hàm Nghi, Q6",chung cư,cho thuê,75.0,15,không có,mới,10300000.0
"73 Cách Mạng Tháng Tám, Q7",phòng trọ,cho thuê,18.0,0,cơ bản,mới,2700000.0
"63 Công xã Paris, Q1",phòng trọ,cho thuê,12.0,0,đầy đủ,tốt,1400000.0
"171 Lê Duẩn, Q10",phòng trọ,cho thuê,16.0,0,không có,mới,2600000.0
"31 Hùng Vương, Q8",phòng trọ,cho thuê,17.0,0,đầy đủ,cũ,2000000.0
"6 Lý Thường Kiệt, Q3",phòng trọ,cho thuê,13.0,0,không có,cũ,1600000.0
"2 Lê Lợi, Q9",phòng trọ,cho thuê,15.0,0,cơ bản,tốt,2000000.0
"109 Hải Thượng Lãn Ông, Q10",phòng trọ,cho thuê,20.0,0,cơ bản,cũ,1600000.0
"27 Phạm Văn Đồng, Q7",chung cư,bán,90.0,12,cơ bản,tốt,6522800000.0
"53 Phạm Ngũ Lão, Q10",văn phòng,cho thuê,485.0,3,không có,cũ,743600000.0
"95 Mê Linh, Q3",phòng trọ,cho thuê,11.0,0,cơ bản,tốt,1300000.0
"93 Nam Kỳ Khởi Nghĩa, Q4",phòng trọ,cho thuê,9.0,0,không có,mới,700000.0
"189 Hai Bà Trưng, Q10",nhà nguyên căn,cho thuê,38.0,4,cơ bản,cũ,23100000.0
"107 Đồng Khởi, Q2",phòng trọ,cho thuê,19.0,0,cơ bản,tốt,1800000.0
"51 Hàm Nghi, Q1",phòng trọ,cho thuê,18.0,0,không có,mới,2500000.0
"34 Lê Duẩn, Q7",phòng trọ,cho thuê,17.0,0,đầy đủ,mới,2200000.0
"65 Nguyễn Huệ, Q8",phòng trọ,cho thuê,15.0,0,đầy đủ,mới,2000000.0
"119 Lê Duẩn, Q10",phòng trọ,cho thuê,17.0,0,không có,mới,1300000.0
"100 Nguyễn Trãi, Q8",phòng trọ,cho thuê,17.0,0,đầy đủ,tốt,2500000.0
"124 Lê Lợi, Q10",phòng trọ,cho thuê,12.0,0,đầy đủ,mới,1200000.0
"197 Nguyễn Văn Linh, Q2",phòng trọ,cho thuê,19.0,0,cơ bản,cũ,1600000.0
"181 CMT8, Q6",phòng trọ,cho thuê,13.0,0,không có,cũ,1400000.0
"59 Võ Chí Công, Q5",phòng trọ,cho thuê,11.0,0,không có,cũ,1600000.0
"51 Nguyễn Hữu Cảnh, Q3",phòng trọ,cho thuê,15.0,0,đầy đủ,cũ,1600000.0
"153 CMT8, Q1",phòng trọ,cho thuê,17.0,0,cơ bản,cũ,1900000.0
"8 Xô Viết Nghệ Tĩnh, Q8",phòng trọ,cho thuê,11.0,0,đầy đủ,cũ,1200000.0
"82 Mai Chí Thọ, Q4",nhà nguyên căn,cho thuê,32.0,5,đầy đủ,tốt,12100000.0
"138 Tôn Đức Thắng, Q4",phòng trọ,cho thuê,15.0,0,cơ bản,tốt,1500000.0
"186 Phạm Văn Đồng, Q5",phòng trọ,cho thuê,12.0,0,đầy đủ,cũ,1300000.0
"70 Nguyễn Hữu Cảnh, Q9",nhà nguyên căn,bán,43.0,2,đầy đủ,cũ,2409000000.0
"48 Lý Tự Trọng, Q5",phòng trọ,cho thuê,15.0,0,đầy đủ,tốt,1500000.0
"90 Lam Sơn, Q9",phòng trọ,cho thuê,17.0,0,cơ bản,tốt,2200000.0
"188 Mê Linh, Q1",phòng trọ,cho thuê,14.0,0,đầy đủ,mới,2400000.0
"40 CMT8, Q8",chung cư,bán,75.0,20,đầy đủ,tốt,1727500000.0
"15 Lê Lợi, Q1",phòng trọ,cho thuê,17.0,0,không có,tốt,1800000.0
"159 Nguyễn Văn Linh, Q3",chung cư,cho thuê,70.0,10,cơ bản,tốt,8500000.0
"184 Âu Cơ, Q10",phòng trọ,cho thuê,20.0,0,không có,tốt,1300000.0
"15 Lũy Bán Bích, Q7",văn phòng,cho thuê,460.0,20,không có,mới,731900000.0
"49 Lê Duẩn, Q3",phòng trọ,cho thuê,10.0,0,đầy đủ,tốt,900000.0
"148 Lũy Bán Bích, Q3",phòng trọ,cho thuê,18.0,0,đầy đủ,mới,3500000.0
"10 Bùi Viện, Q4",phòng trọ,cho thuê,15.0,0,cơ bản,mới,2300000.0
"14 Châu Văn Liêm, Q9",nhà nguyên căn,bán,34.0,3,cơ bản,mới,7520300000.0
"113 Lê Duẩn, Q2",phòng trọ,cho thuê,17.0,0,cơ bản,mới,1600000.0
"78 Pasteur, Q8",nhà nguyên căn,bán,41.0,1,đầy đủ,mới,3890700000.0
"168 Quốc tế, Q1",phòng trọ,cho thuê,11.0,0,đầy đủ,mới,1800000.0
"158 Nguyễn Hữu Cảnh, Q6",chung cư,cho thuê,75.0,14,cơ bản,mới,10600000.0
"77 Xô Viết Nghệ Tĩnh, Q2",phòng trọ,cho thuê,9.0,0,cơ bản,tốt,1100000.0
"121 Tôn Đức Thắng, Q4",phòng trọ,cho thuê,19.0,0,đầy đủ,cũ,1300000.0
"2 Phạm Ngũ Lão, Q7",nhà nguyên căn,bán,29.0,3,không có,cũ,4682300000.0
"13 Nguyễn Trãi, Q3",văn phòng,cho thuê,365.0,6,cơ bản,mới,721800000.0
"119 Châu Văn Liêm, Q9",phòng trọ,cho thuê,17.0,0,cơ bản,mới,2200000.0
"171 Mê Linh, Q1",nhà nguyên căn,bán,40.0,1,không có,mới,3292400000.0
"195 Lê Lợi, Q4",phòng trọ,cho thuê,20.0,0,cơ bản,mới,2600000.0
"193 Xô Viết Nghệ Tĩnh, Q1",chung cư,bán,124.0,10,đầy đủ,mới,3714900000.0
"2 Bùi Viện, Q9",nhà nguyên căn,bán,42.0,5,cơ bản,tốt,11442600000.0
"33 Lũy Bán Bích, Q6",phòng trọ,cho thuê,17.0,0,cơ bản,tốt,2600000.0
"87 Võ Nguyên Giáp, Q2",nhà nguyên căn,bán,41.0,4,cơ bản,cũ,7547400000.0
"81 Nguyễn Trãi, Q4",phòng trọ,cho thuê,12.0,0,cơ bản,cũ,1800000.0
"162 Hùng Vương, Q10",phòng trọ,cho thuê,15.0,0,cơ bản,cũ,1000000.0
"48 Nguyễn Văn Linh, Q5",phòng trọ,cho thuê,20.0,0,đầy đủ,cũ,2600000.0
"118 Hai Bà Trưng, Q6",phòng trọ,cho thuê,13.0,0,đầy đủ,mới,2100000.0
"123 Âu Cơ, Q3",văn phòng,cho thuê,480.0,17,không có,cũ,718400000.0
"119 Châu Văn Liêm, Q4",nhà nguyên căn,bán,31.0,1,cơ bản,cũ,1355400000.0
"7 Hùng Vương, Q2",phòng trọ,cho thuê,13.0,0,đầy đủ,cũ,1500000.0
"103 Lê Lợi, Q1",phòng trọ,cho thuê,12.0,0,đầy đủ,tốt,1600000.0
"55 Nguyễn Thị Minh Khai, Q7",nhà nguyên căn,bán,34.0,2,cơ bản,cũ,2593900000.0
"180 Âu Cơ, Q1",phòng trọ,cho thuê,20.0,0,đầy đủ,tốt,2100000.0
"14 Lý Tự Trọng, Q5",phòng trọ,cho thuê,17.0,0,cơ bản,tốt,2600000.0
"48 Bùi Viện, Q8",phòng trọ,cho thuê,9.0,0,không có,tốt,600000.0
"81 Rừng Sác, Q7",phòng trọ,cho thuê,16.0,0,đầy đủ,cũ,2500000.0
"96 Lạc Long Quân, Q10",phòng trọ,cho thuê,10.0,0,đầy đủ,cũ,800000.0
"10 Quách Thị Trang, Q3",phòng trọ,cho thuê,9.0,0,cơ bản,tốt,1500000.0
"148 Tôn Đức Thắng, Q7",phòng trọ,cho thuê,15.0,0,cơ bản,cũ,1400000.0
"166 Nguyễn Văn Linh, Q8",phòng trọ,cho thuê,9.0,0,không có,mới,1000000.0
"4 Mê Linh, Q7",phòng trọ,cho thuê,19.0,0,không có,tốt,2800000.0
"51 Trường Chinh, Q4",phòng trọ,cho thuê,9.0,0,cơ bản,tốt,1200000.0
"119 Nguyễn Huệ, Q2",chung cư,bán,70.0,9,đầy đủ,mới,5138100000.0
"87 Nguyễn Huệ, Q6",phòng trọ,cho thuê,19.0,0,đầy đủ,cũ,2000000.0
"94 Hải Thượng Lãn Ông, Q9",phòng trọ,cho thuê,17.0,0,đầy đủ,mới,2000000.0
"200 Võ Chí Công, Q4",chung cư,bán,75.0,7,cơ bản,mới,3336500000.0
"161 Lam Sơn, Q9",phòng trọ,cho thuê,14.0,0,đầy đủ,mới,2600000.0
"199 Hùng Vương, Q10",chung cư,bán,70.0,13,cơ bản,cũ,2351500000.0
"56 Mê Linh, Q2",phòng trọ,cho thuê,13.0,0,cơ bản,mới,1100000.0
"151 Cách Mạng Tháng Tám, Q10",văn phòng,cho thuê,370.0,6,cơ bản,mới,921600000.0
"75 Lê Văn Duyệt, Q8",phòng trọ,cho thuê,15.0,0,không có,tốt,1900000.0
"123 Dân Chủ, Q9",nhà nguyên căn,cho thuê,33.0,5,đầy đủ,tốt,15900000.0
"165 Quách Thị Trang, Q5",phòng trọ,cho thuê,16.0,0,đầy đủ,tốt,1500000.0
"111 Hải Thượng Lãn Ông, Q10",phòng trọ,cho thuê,16.0,0,cơ bản,tốt,1700000.0
"125 Rừng Sác, Q4",phòng trọ,cho thuê,16.0,0,cơ bản,mới,1100000.0
"103 Nguyễn Huệ, Q8",phòng trọ,cho thuê,12.0,0,không có,cũ,1200000.0
"194 Mê Linh, Q10",nhà nguyên căn,cho thuê,31.0,1,không có,tốt,3700000.0
"102 Mê Linh, Q1",phòng trọ,cho thuê,18.0,0,cơ bản,cũ,3400000.0
"192 Tôn Đức Thắng, Q4",phòng trọ,cho thuê,16.0,0,không có,cũ,1800000.0
"3 Trường Chinh, Q1",phòng trọ,cho thuê,20.0,0,không có,mới,1700000.0
"31 Công xã Paris, Q8",phòng trọ,cho thuê,17.0,0,không có,tốt,2500000.0
"160 Nguyễn Huệ, Q4",phòng trọ,cho thuê,9.0,0,không có,cũ,500000.0
"74 Âu Cơ, Q7",nhà nguyên căn,cho thuê,41.0,3,đầy đủ,tốt,14400000.0
"124 Hải Thượng Lãn Ông, Q1",nhà nguyên căn,bán,45.0,2,không có,cũ,5788800000.0
"57 Mai Chí Thọ, Q5",phòng trọ,cho thuê,11.0,0,không có,tốt,1100000.0
"195 Quốc tế, Q7",phòng trọ,cho thuê,14.0,0,đầy đủ,cũ,1200000.0
"73 Lê Văn Duyệt, Q4",phòng trọ,cho thuê,14.0,0,đầy đủ,tốt,2300000.0
"4 Tôn Đức Thắng, Q1",phòng trọ,cho thuê,18.0,0,đầy đủ,mới,3400000.0
"98 Quách Thị Trang, Q3",phòng trọ,cho thuê,10.0,0,cơ bản,mới,1000000.0
"192 Âu Cơ, Q2",chung cư,cho thuê,90.0,13,đầy đủ,tốt,12700000.0
"16 Lý Thường Kiệt, Q5",văn phòng,cho thuê,285.0,7,không có,tốt,153400000.0
"71 Võ Nguyên Giáp, Q9",phòng trọ,cho thuê,15.0,0,cơ bản,tốt,1600000.0
"31 Dân Chủ, Q1",phòng trọ,cho thuê,20.0,0,không có,cũ,3000000.0
"185 Lê Văn Duyệt, Q3",phòng trọ,cho thuê,14.0,0,cơ bản,tốt,1900000.0
"49 Công xã Paris, Q4",chung cư,bán,120.0,5,không có,tốt,9295300000.0
"177 Mê Linh, Q10",phòng trọ,cho thuê,16.0,0,không có,cũ,2100000.0
"85 Mê Linh, Q1",phòng trọ,cho thuê,14.0,0,không có,mới,2500000.0
"134 Quốc tế, Q4",nhà nguyên căn,bán,27.0,5,đầy đủ,mới,5415000000.0
"57 Bùi Viện, Q9",nhà nguyên căn,bán,43.0,4,đầy đủ,mới,12219900000.0
"9 Quốc tế, Q6",nhà nguyên căn,cho thuê,41.0,2,không có,mới,9100000.0
"107 Hải Thượng Lãn Ông, Q1",phòng trọ,cho thuê,20.0,0,cơ bản,tốt,2500000.0
"40 Mai Chí Thọ, Q5",nhà nguyên căn,bán,36.0,2,không có,mới,2967900000.0
"18 Nguyễn Huệ, Q6",phòng trọ,cho thuê,16.0,0,không có,mới,1600000.0
"74 Bùi Viện, Q10",phòng trọ,cho thuê,19.0,0,đầy đủ,tốt,2400000.0
"104 Hàm Nghi, Q8",chung cư,bán,84.0,2,đầy đủ,cũ,4148700000.0
"161 Trần Hưng Đạo, Q10",phòng trọ,cho thuê,15.0,0,không có,tốt,2600000.0
"41 Hai Bà Trưng, Q8",phòng trọ,cho thuê,14.0,0,cơ bản,mới,2300000.0
"159 Pasteur, Q2",nhà nguyên căn,cho thuê,38.0,3,đầy đủ,mới,20600000.0
"38 Phạm Ngũ Lão, Q5",nhà nguyên căn,cho thuê,38.0,2,đầy đủ,tốt,8800000.0
"27 Hàm Nghi, Q7",phòng trọ,cho thuê,16.0,0,cơ bản,mới,2500000.0
"162 Bùi Viện, Q9",phòng trọ,cho thuê,19.0,0,cơ bản,cũ,1000000.0
"105 Xô Viết Nghệ Tĩnh, Q10",phòng trọ,cho thuê,16.0,0,không có,mới,1600000.0
"68 Mê Linh, Q1",phòng trọ,cho thuê,12.0,0,đầy đủ,tốt,900000.0
"182 Võ Nguyên Giáp, Q3",phòng trọ,cho thuê,18.0,0,đầy đủ,mới,3600000.0
"22 Võ Nguyên Giáp, Q3",chung cư,bán,84.0,19,không có,cũ,4369600000.0
"110 Xô Viết Nghệ Tĩnh, Q10",chung cư,bán,124.0,19,không có,mới,4713900000.0
"73 CMT8, Q3",chung cư,bán,65.0,6,cơ bản,mới,2902100000.0
"10 Lạc Long Quân, Q10",phòng trọ,cho thuê,17.0,0,không có,tốt,3000000.0
"136 Nam Kỳ Khởi Nghĩa, Q1",phòng trọ,cho thuê,11.0,0,không có,tốt,700000.0
"129 Châu Văn Liêm, Q5",phòng trọ,cho thuê,20.0,0,không có,tốt,3000000.0
"88 Nguyễn Hữu Cảnh, Q6",nhà nguyên căn,bán,38.0,2,cơ bản,tốt,3824000000.0
"116 CMT8, Q3",văn phòng,cho thuê,190.0,8,cơ bản,mới,366400000.0
"145 Nguyễn Trãi, Q10",phòng trọ,cho thuê,12.0,0,đầy đủ,tốt,1800000.0
"132 Công xã Paris, Q5",phòng trọ,cho thuê,17.0,0,không có,mới,2700000.0
"88 Võ Chí Công, Q6",phòng trọ,cho thuê,18.0,0,không có,mới,1800000.0
"54 Lý Tự Trọng, Q4",phòng trọ,cho thuê,11.0,0,cơ bản,tốt,1500000.0
"112 Nguyễn Trãi, Q2",nhà nguyên căn,cho thuê,34.0,4,không có,cũ,9100000.0
"36 Xô Viết Nghệ Tĩnh, Q9",phòng trọ,cho thuê,20.0,0,cơ bản,cũ,2300000.0
"24 Hai Bà Trưng, Q8",nhà nguyên căn,cho thuê,39.0,4,đầy đủ,tốt,11000000.0
"166 Lý Thường Kiệt, Q6",chung cư,bán,65.0,3,không có,tốt,2064100000.0
"4 Bùi Viện, Q3",phòng trọ,cho thuê,10.0,0,cơ bản,tốt,1700000.0
"98 Võ Nguyên Giáp, Q7",phòng trọ,cho thuê,10.0,0,không có,mới,1700000.0
"92 Rừng Sác, Q10",chung cư,bán,70.0,16,không có,mới,3343300000.0
"17 Tôn Đức Thắng, Q6",phòng trọ,cho thuê,10.0,0,đầy đủ,cũ,1700000.0
"91 Nguyễn Thị Minh Khai, Q10",chung cư,bán,120.0,8,không có,mới,7771100000.0
"70 Công xã Paris, Q6",phòng trọ,cho thuê,9.0,0,đầy đủ,mới,1000000.0
"39 Nguyễn Trãi, Q5",phòng trọ,cho thuê,12.0,0,cơ bản,tốt,1900000.0
"24 Công xã Paris, Q2",phòng trọ,cho thuê,10.0,0,không có,tốt,1200000.0
"125 Trần Hưng Đạo, Q4",chung cư,bán,65.0,2,không có,tốt,1703700000.0
"180 Lam Sơn, Q3",phòng trọ,cho thuê,15.0,0,đầy đủ,cũ,3400000.0
"37 Nam Kỳ Khởi Nghĩa, Q3",phòng trọ,cho thuê,12.0,0,không có,tốt,1600000.0
"42 Rừng Sác, Q2",chung cư,cho thuê,65.0,14,cơ bản,mới,6000000.0
"19 Xô Viết Nghệ Tĩnh, Q9",nhà nguyên căn,cho thuê,37.0,1,cơ bản,mới,4100000.0
"146 Nguyễn Thị Minh Khai, Q9",phòng trọ,cho thuê,12.0,0,cơ bản,cũ,1100000.0
"136 Lê Lợi, Q5",phòng trọ,cho thuê,16.0,0,cơ bản,tốt,1400000.0
"168 Nguyễn Văn Linh, Q8",phòng trọ,cho thuê,17.0,0,không có,cũ,1700000.0
"22 Trường Chinh, Q1",phòng trọ,cho thuê,12.0,0,cơ bản,mới,1800000.0
"96 Lam Sơn, Q7",nhà nguyên căn,bán,28.0,5,không có,cũ,8118300000.0
"153 Phạm Ngũ Lão, Q4",phòng trọ,cho thuê,17.0,0,không có,tốt,1200000.0
"189 Phạm Ngũ Lão, Q2",phòng trọ,cho thuê,15.0,0,đầy đủ,mới,1900000.0
"131 Hàm Nghi, Q3",phòng trọ,cho thuê,11.0,0,cơ bản,mới,1600000.0
"9 Quách Thị Trang, Q8",phòng trọ,cho thuê,20.0,0,cơ bản,mới,2800000.0
"77 Pasteur, Q6",phòng trọ,cho thuê,11.0,0,không có,mới,1900000.0
"78 Nguyễn Trãi, Q2",nhà nguyên căn,bán,43.0,5,cơ bản,tốt,5161600000.0
"186 Dân Chủ, Q3",phòng trọ,cho thuê,13.0,0,không có,tốt,2100000.0
"190 Nam Kỳ Khởi Nghĩa, Q9",văn phòng,cho thuê,355.0,3,đầy đủ,mới,449600000.0
"112 Công xã Paris, Q2",phòng trọ,cho thuê,14.0,0,cơ bản,mới,1800000.0
"151 Nguyễn Văn Linh, Q8",nhà nguyên căn,cho thuê,33.0,1,không có,tốt,4900000.0
"110 Pasteur, Q1",phòng trọ,cho thuê,13.0,0,đầy đủ,mới,2600000.0
"119 Lam Sơn, Q5",phòng trọ,cho thuê,9.0,0,cơ bản,cũ,1400000.0
"21 Pasteur, Q4",phòng trọ,cho thuê,15.0,0,không có,cũ,2000000.0
"107 Hàm Nghi, Q4",phòng trọ,cho thuê,14.0,0,đầy đủ,cũ,1100000.0
"77 Lý Thường Kiệt, Q8",phòng trọ,cho thuê,11.0,0,cơ bản,cũ,1200000.0
"34 Lý Thường Kiệt, Q2",phòng trọ,cho thuê,9.0,0,cơ bản,mới,1300000.0
"196 Lũy Bán Bích, Q5",phòng trọ,cho thuê,11.0,0,cơ bản,tốt,1400000.0
"46 Hải Thượng Lãn Ông, Q8",văn phòng,cho thuê,390.0,3,không có,mới,366100000.0
"199 Lê Văn Duyệt, Q9",phòng trọ,cho thuê,18.0,0,đầy đủ,cũ,2600000.0
"32 Nguyễn Hữu Cảnh, Q3",phòng trọ,cho thuê,19.0,0,đầy đủ,tốt,1800000.0
"166 Bùi Viện, Q8",phòng trọ,cho thuê,11.0,0,cơ bản,mới,1600000.0
"76 Nam Kỳ Khởi Nghĩa, Q9",văn phòng,cho thuê,145.0,10,đầy đủ,mới,196400000.0
"129 Nguyễn Hữu Cảnh, Q10",phòng trọ,cho thuê,14.0,0,cơ bản,tốt,1500000.0
"146 Công xã Paris, Q7",phòng trọ,cho thuê,15.0,0,đầy đủ,cũ,2100000.0
"199 Trường Chinh, Q6",phòng trọ,cho thuê,15.0,0,không có,mới,1400000.0
"200 Âu Cơ, Q7",phòng trọ,cho thuê,9.0,0,cơ bản,cũ,800000.0
"11 Quách Thị Trang, Q1",văn phòng,cho thuê,415.0,18,đầy đủ,tốt,322900000.0
"125 Cách Mạng Tháng Tám, Q4",văn phòng,cho thuê,570.0,20,cơ bản,mới,705000000.0
"179 Cách Mạng Tháng Tám, Q1",phòng trọ,cho thuê,15.0,0,đầy đủ,tốt,2300000.0
"4 Pasteur, Q4",phòng trọ,cho thuê,17.0,0,đầy đủ,cũ,1100000.0
"75 Hàm Nghi, Q8",phòng trọ,cho thuê,18.0,0,cơ bản,tốt,2000000.0
"130 Tôn Đức Thắng, Q1",nhà nguyên căn,cho thuê,39.0,1,cơ bản,cũ,3800000.0
"164 Bùi Viện, Q9",phòng trọ,cho thuê,19.0,0,cơ bản,tốt,2500000.0
"45 Rừng Sác, Q8",phòng trọ,cho thuê,16.0,0,đầy đủ,cũ,2400000.0
"102 Nguyễn Văn Linh, Q1",phòng trọ,cho thuê,19.0,0,đầy đủ,cũ,3100000.0
"115 Châu Văn Liêm, Q10",phòng trọ,cho thuê,17.0,0,cơ bản,tốt,1300000.0
"162 CMT8, Q1",văn phòng,cho thuê,390.0,4,đầy đủ,cũ,815700000.0
"200 Trần Hưng Đạo, Q4",phòng trọ,cho thuê,16.0,0,đầy đủ,cũ,2400000.0
"84 Pasteur, Q4",chung cư,cho thuê,120.0,10,đầy đủ,tốt,10100000.0
"152 Trường Chinh, Q9",phòng trọ,cho thuê,18.0,0,đầy đủ,mới,1300000.0
"15 Nguyễn Hữu Cảnh, Q3",nhà nguyên căn,cho thuê,45.0,3,không có,mới,19300000.0
"184 Nguyễn Hữu Cảnh, Q1",phòng trọ,cho thuê,18.0,0,đầy đủ,cũ,1400000.0
"182 Rừng Sác, Q7",phòng trọ,cho thuê,9.0,0,cơ bản,mới,600000.0
"196 Hải Thượng Lãn Ông, Q2",phòng trọ,cho thuê,19.0,0,không có,cũ,2500000.0
"10 CMT8, Q10",phòng trọ,cho thuê,20.0,0,cơ bản,tốt,3000000.0
"3 Nguyễn Văn Linh, Q9",văn phòng,cho thuê,345.0,15,cơ bản,mới,463000000.0
"114 Lũy Bán Bích, Q8",nhà nguyên căn,bán,27.0,4,cơ bản,cũ,4491500000.0
"116 Trường Chinh, Q3",phòng trọ,cho thuê,15.0,0,cơ bản,mới,1900000.0
"169 Nam Kỳ Khởi Nghĩa, Q5",phòng trọ,cho thuê,14.0,0,đầy đủ,cũ,2500000.0
"55 Cách Mạng Tháng Tám, Q10",phòng trọ,cho thuê,20.0,0,cơ bản,tốt,2600000.0
"98 CMT8, Q9",phòng trọ,cho thuê,19.0,0,đầy đủ,tốt,1200000.0
"195 Nguyễn Trãi, Q1",phòng trọ,cho thuê,19.0,0,đầy đủ,cũ,2700000.0
"23 Xô Viết Nghệ Tĩnh, Q8",phòng trọ,cho thuê,14.0,0,không có,cũ,1800000.0
"29 Hàm Nghi, Q5",phòng trọ,cho thuê,19.0,0,đầy đủ,tốt,1600000.0
"70 Trần Hưng Đạo, Q9",phòng trọ,cho thuê,18.0,0,đầy đủ,cũ,2300000.0
"71 Lạc Long Quân, Q7",chung cư,cho thuê,90.0,18,cơ bản,cũ,8300000.0
"193 Nguyễn Văn Linh, Q5",phòng trọ,cho thuê,9.0,0,không có,tốt,800000.0
"149 Nguyễn Huệ, Q7",phòng trọ,cho thuê,11.0,0,cơ bản,cũ,1400000.0
"12 Mê Linh, Q5",chung cư,bán,70.0,11,đầy đủ,mới,6368700000.0
"23 Phạm Ngũ Lão, Q3",văn phòng,bán,270.0,1,cơ bản,mới,25534600000.0
"66 Cách Mạng Tháng Tám, Q2",phòng trọ,cho thuê,13.0,0,đầy đủ,tốt,1700000.0
"117 Võ Nguyên Giáp, Q5",phòng trọ,cho thuê,11.0,0,đầy đủ,mới,1600000.0
"67 Trường Chinh, Q7",phòng trọ,cho thuê,16.0,0,không có,tốt,2300000.0
"138 Phạm Ngũ Lão, Q8",chung cư,bán,124.0,14,đầy đủ,cũ,3744500000.0
"43 Phạm Ngũ Lão, Q2",văn phòng,cho thuê,260.0,14,đầy đủ,tốt,188000000.0
"176 Lũy Bán Bích, Q2",phòng trọ,cho thuê,12.0,0,cơ bản,cũ,1400000.0
"86 Lý Thường Kiệt, Q9",nhà nguyên căn,cho thuê,45.0,4,đầy đủ,cũ,10600000.0
"162 Hàm Nghi, Q9",phòng trọ,cho thuê,19.0,0,cơ bản,mới,1200000.0
"177 Công xã Paris, Q6",phòng trọ,cho thuê,15.0,0,đầy đủ,tốt,2400000.0
"81 Hùng Vương, Q4",phòng trọ,cho thuê,9.0,0,cơ bản,cũ,800000.0
"89 Lê Lợi, Q2",phòng trọ,cho thuê,18.0,0,không có,mới,2400000.0
"164 Lê Lợi, Q9",chung cư,bán,84.0,4,không có,mới,5459500000.0
"116 Lý Thường Kiệt, Q6",phòng trọ,cho thuê,18.0,0,đầy đủ,tốt,2300000.0
"197 Nam Kỳ Khởi Nghĩa, Q10",phòng trọ,cho thuê,16.0,0,không có,mới,2300000.0
"163 Quốc tế, Q5",phòng trọ,cho thuê,16.0,0,cơ bản,cũ,2500000.0
"71 Quách Thị Trang, Q9",nhà nguyên căn,bán,34.0,4,cơ bản,mới,4473200000.0
"99 Lê Văn Duyệt, Q1",phòng trọ,cho thuê,14.0,0,không có,tốt,1800000.0
"192 Xô Viết Nghệ Tĩnh, Q6",phòng trọ,cho thuê,10.0,0,không có,tốt,1400000.0
"134 Rừng Sác, Q1",phòng trọ,cho thuê,9.0,0,không có,cũ,1300000.0
"159 Bùi Viện, Q2",phòng trọ,cho thuê,13.0,0,cơ bản,mới,1800000.0
"45 Nguyễn Trãi, Q4",phòng trọ,cho thuê,18.0,0,cơ bản,mới,1700000.0
"199 Quách Thị Trang, Q3",phòng trọ,cho thuê,17.0,0,đầy đủ,cũ,2800000.0
"97 Lạc Long Quân, Q6",phòng trọ,cho thuê,12.0,0,không có,mới,1700000.0
"160 Hàm Nghi, Q7",chung cư,cho thuê,84.0,3,không có,tốt,13000000.0
"51 Lũy Bán Bích, Q5",phòng trọ,cho thuê,9.0,0,cơ bản,cũ,1600000.0
"111 Dân Chủ, Q7",chung cư,bán,70.0,4,cơ bản,tốt,4139700000.0
"54 Võ Chí Công, Q2",phòng trọ,cho thuê,15.0,0,cơ bản,cũ,1700000.0
"161 Nguyễn Hữu Cảnh, Q6",phòng trọ,cho thuê,12.0,0,không có,tốt,1200000.0
"87 Tôn Đức Thắng, Q9",chung cư,bán,124.0,14,cơ bản,tốt,3873000000.0
"24 Mê Linh, Q6",phòng trọ,cho thuê,18.0,0,đầy đủ,cũ,3100000.0
"186 CMT8, Q4",phòng trọ,cho thuê,13.0,0,cơ bản,cũ,1900000.0
"177 Lê Lợi, Q2",phòng trọ,cho thuê,18.0,0,không có,tốt,2200000.0
"200 Nam Kỳ Khởi Nghĩa, Q7",phòng trọ,cho thuê,16.0,0,không có,cũ,1200000.0
"181 Lê Duẩn, Q7",phòng trọ,cho thuê,19.0,0,không có,mới,1600000.0
"140 Lũy Bán Bích, Q10",phòng trọ,cho thuê,10.0,0,đầy đủ,tốt,1800000.0
"162 Mai Chí Thọ, Q7",nhà nguyên căn,bán,34.0,3,không có,cũ,4372800000.0
"37 Nguyễn Trãi, Q4",phòng trọ,cho thuê,13.0,0,không có,cũ,1200000.0
"60 Phạm Văn Đồng, Q8",phòng trọ,cho thuê,14.0,0,không có,mới,2400000.0
"47 Đồng Khởi, Q9",chung cư,bán,90.0,11,đầy đủ,mới,4464900000.0
"21 Rừng Sác, Q2",phòng trọ,cho thuê,12.0,0,đầy đủ,tốt,1600000.0
"3 Hùng Vương, Q5",phòng trọ,cho thuê,13.0,0,đầy đủ,cũ,1400000.0
"140 Hai Bà Trưng, Q9",phòng trọ,cho thuê,20.0,0,cơ bản,mới,1400000.0
"37 Quách Thị Trang, Q9",phòng trọ,cho thuê,20.0,0,cơ bản,mới,2400000.0
"72 Công xã Paris, Q3",chung cư,cho thuê,124.0,16,đầy đủ,mới,23300000.0
"33 Âu Cơ, Q6",phòng trọ,cho thuê,9.0,0,không có,mới,700000.0
"44 Nguyễn Hữu Cảnh, Q7",phòng trọ,cho thuê,16.0,0,không có,tốt,2000000.0
"68 Hùng Vương, Q7",văn phòng,cho thuê,270.0,1,cơ bản,mới,434000000.0
"149 Nguyễn Trãi, Q3",phòng trọ,cho thuê,14.0,0,cơ bản,tốt,1000000.0
"37 Võ Chí Công, Q2",phòng trọ,cho thuê,11.0,0,đầy đủ,tốt,1000000.0
"97 Trần Hưng Đạo, Q4",phòng trọ,cho thuê,16.0,0,cơ bản,cũ,1200000.0
"182 Châu Văn Liêm, Q1",phòng trọ,cho thuê,11.0,0,đầy đủ,mới,1800000.0
"86 Đồng Khởi, Q6",nhà nguyên căn,bán,33.0,1,cơ bản,tốt,2417300000.0
"16 Mê Linh, Q6",nhà nguyên căn,cho thuê,36.0,3,đầy đủ,mới,12800000.0
"165 Võ Nguyên Giáp, Q8",phòng trọ,cho thuê,11.0,0,không có,tốt,1400000.0
"183 Phạm Ngũ Lão, Q5",phòng trọ,cho thuê,19.0,0,không có,mới,2900000.0
"126 Nguyễn Hữu Cảnh, Q8",văn phòng,cho thuê,560.0,1,không có,cũ,246600000.0
"183 Hàm Nghi, Q8",phòng trọ,cho thuê,14.0,0,cơ bản,tốt,1300000.0
"159 Quách Thị Trang, Q10",phòng trọ,cho thuê,19.0,0,không có,tốt,2300000.0
"162 Cách Mạng Tháng Tám, Q3",phòng trọ,cho thuê,10.0,0,không có,mới,1200000.0
"176 Dân Chủ, Q9",nhà nguyên căn,cho thuê,41.0,3,cơ bản,tốt,7400000.0
"194 Võ Nguyên Giáp, Q8",chung cư,bán,70.0,16,không có,cũ,3295500000.0
"182 Pasteur, Q2",phòng trọ,cho thuê,15.0,0,không có,cũ,800000.0
"48 Xô Viết Nghệ Tĩnh, Q5",phòng trọ,cho thuê,19.0,0,cơ bản,mới,2600000.0
"111 Pasteur, Q4",phòng trọ,cho thuê,16.0,0,không có,tốt,1600000.0
"198 Hải Thượng Lãn Ông, Q2",phòng trọ,cho thuê,15.0,0,cơ bản,mới,2700000.0
"37 Quách Thị Trang, Q10",phòng trọ,cho thuê,15.0,0,không có,cũ,1500000.0
"93 Xô Viết Nghệ Tĩnh, Q10",phòng trọ,cho thuê,19.0,0,không có,tốt,3300000.0
"10 Trường Chinh, Q5",chung cư,bán,75.0,14,không có,mới,6110500000.0
"69 Đồng Khởi, Q6",phòng trọ,cho thuê,14.0,0,đầy đủ,cũ,800000.0
"70 Tôn Đức Thắng, Q4",chung cư,cho thuê,84.0,6,đầy đủ,tốt,14200000.0
"196 Âu Cơ, Q8",nhà nguyên căn,bán,27.0,5,không có,cũ,8734600000.0
"147 Cách Mạng Tháng Tám, Q8",phòng trọ,cho thuê,16.0,0,không có,cũ,1000000.0
"57 Nam Kỳ Khởi Nghĩa, Q1",chung cư,cho thuê,75.0,19,không có,tốt,9900000.0
"53 Lê Duẩn, Q9",phòng trọ,cho thuê,18.0,0,cơ bản,mới,2500000.0
"100 Dân Chủ, Q1",phòng trọ,cho thuê,15.0,0,đầy đủ,mới,1900000.0
"160 Mai Chí Thọ, Q3",phòng trọ,cho thuê,17.0,0,đầy đủ,cũ,1200000.0
"8 Võ Nguyên Giáp, Q3",phòng trọ,cho thuê,20.0,0,không có,tốt,2500000.0
"142 Quách Thị Trang, Q10",phòng trọ,cho thuê,10.0,0,cơ bản,mới,2300000.0
"78 Lũy Bán Bích, Q10",văn phòng,cho thuê,500.0,12,cơ bản,cũ,321800000.0
"70 Nam Kỳ Khởi Nghĩa, Q4",phòng trọ,cho thuê,9.0,0,đầy đủ,tốt,1300000.0
"22 Đồng Khởi, Q9",phòng trọ,cho thuê,12.0,0,đầy đủ,mới,2500000.0
"91 Hàm Nghi, Q6",phòng trọ,cho thuê,18.0,0,cơ bản,tốt,2800000.0
"1 Rừng Sác, Q5",phòng trọ,cho thuê,12.0,0,cơ bản,mới,1600000.0
"25 Lê Lợi, Q1",phòng trọ,cho thuê,10.0,0,không có,tốt,1300000.0
"31 Xô Viết Nghệ Tĩnh, Q5",phòng trọ,cho thuê,20.0,0,cơ bản,mới,2900000.0
"160 Cách Mạng Tháng Tám, Q2",chung cư,bán,70.0,15,không có,mới,2711100000.0
"174 Pasteur, Q7",phòng trọ,cho thuê,15.0,0,cơ bản,cũ,1700000.0
"131 Phạm Văn Đồng, Q8",phòng trọ,cho thuê,11.0,0,cơ bản,cũ,900000.0
"184 Rừng Sác, Q5",phòng trọ,cho thuê,17.0,0,đầy đủ,tốt,1600000.0
"27 Lý Tự Trọng, Q9",phòng trọ,cho thuê,16.0,0,cơ bản,cũ,1800000.0
"199 Lý Thường Kiệt, Q5",phòng trọ,cho thuê,12.0,0,đầy đủ,mới,2600000.0
"174 Hùng Vương, Q8",nhà nguyên căn,cho thuê,35.0,5,không có,tốt,15200000.0
"83 CMT8, Q3",phòng trọ,cho thuê,18.0,0,đầy đủ,cũ,1700000.0
"109 Quốc tế, Q10",chung cư,cho thuê,84.0,7,cơ bản,tốt,10600000.0
"156 Rừng Sác, Q5",chung cư,bán,65.0,1,đầy đủ,tốt,5732100000.0
"175 Nam Kỳ Khởi Nghĩa, Q4",phòng trọ,cho thuê,10.0,0,cơ bản,mới,900000.0
"57 Lý Tự Trọng, Q6",nhà nguyên căn,bán,39.0,1,không có,tốt,2546900000.0
"123 Lê Văn Duyệt, Q5",phòng trọ,cho thuê,9.0,0,cơ bản,mới,800000.0
"186 Tôn Đức Thắng, Q1",chung cư,cho thuê,124.0,9,đầy đủ,mới,13600000.0
"97 Dân Chủ, Q7",phòng trọ,cho thuê,12.0,0,cơ bản,tốt,900000.0
"128 Cách Mạng Tháng Tám, Q3",phòng trọ,cho thuê,19.0,0,cơ bản,tốt,3000000.0
"108 Dân Chủ, Q8",phòng trọ,cho thuê,9.0,0,không có,tốt,800000.0
"128 Hùng Vương, Q10",phòng trọ,cho thuê,14.0,0,không có,tốt,1400000.0
"192 Cách Mạng Tháng Tám, Q2",phòng trọ,cho thuê,9.0,0,cơ bản,mới,1300000.0
"172 Lũy Bán Bích, Q6",nhà nguyên căn,cho thuê,39.0,1,đầy đủ,tốt,3600000.0
"91 Nguyễn Thị Minh Khai, Q3",phòng trọ,cho thuê,9.0,0,không có,cũ,600000.0
"188 Lê Văn Duyệt, Q7",phòng trọ,cho thuê,17.0,0,đầy đủ,tốt,3100000.0
"73 Rừng Sác, Q10",phòng trọ,cho thuê,17.0,0,đầy đủ,cũ,2600000.0
"109 Công xã Paris, Q9",nhà nguyên căn,cho thuê,29.0,1,đầy đủ,mới,2100000.0
"63 Lam Sơn, Q3",chung cư,bán,84.0,5,cơ bản,mới,3492600000.0
"108 Nam Kỳ Khởi Nghĩa, Q8",phòng trọ,cho thuê,18.0,0,không có,tốt,2700000.0
"136 Nguyễn Huệ, Q4",phòng trọ,cho thuê,18.0,0,cơ bản,tốt,2700000.0
"23 Nguyễn Huệ, Q9",nhà nguyên căn,bán,28.0,3,đầy đủ,tốt,2573800000.0
"131 Lê Văn Duyệt, Q6",phòng trọ,cho thuê,13.0,0,cơ bản,mới,1900000.0
"45 Lạc Long Quân, Q4",phòng trọ,cho thuê,10.0,0,không có,tốt,800000.0
"16 Pasteur, Q5",nhà nguyên căn,bán,36.0,1,đầy đủ,tốt,1298000000.0
"66 Hai Bà Trưng, Q2",nhà nguyên căn,bán,39.0,5,cơ bản,tốt,11467100000.0
"171 Lê Văn Duyệt, Q7",phòng trọ,cho thuê,14.0,0,đầy đủ,tốt,2100000.0
"76 Lam Sơn, Q8",chung cư,cho thuê,90.0,16,cơ bản,tốt,9700000.0
"141 Trường Chinh, Q7",phòng trọ,cho thuê,19.0,0,đầy đủ,cũ,2200000.0
"151 Tôn Đức Thắng, Q1",nhà nguyên căn,cho thuê,41.0,2,cơ bản,tốt,9300000.0
"91 Tôn Đức Thắng, Q2",nhà nguyên căn,cho thuê,37.0,3,không có,cũ,7000000.0
"117 Âu Cơ, Q2",chung cư,bán,75.0,13,đầy đủ,tốt,3457000000.0
"175 Rừng Sác, Q6",phòng trọ,cho thuê,12.0,0,đầy đủ,tốt,1400000.0
"35 Âu Cơ, Q6",phòng trọ,cho thuê,14.0,0,không có,tốt,1000000.0
"173 Trường Chinh, Q3",phòng trọ,cho thuê,19.0,0,không có,mới,2900000.0
"184 Hùng Vương, Q8",phòng trọ,cho thuê,14.0,0,đầy đủ,cũ,1400000.0
"86 Mê Linh, Q8",phòng trọ,cho thuê,18.0,0,đầy đủ,mới,1800000.0
"18 Xô Viết Nghệ Tĩnh, Q2",phòng trọ,cho thuê,11.0,0,đầy đủ,tốt,1500000.0
"83 Lê Lợi, Q5",phòng trọ,cho thuê,9.0,0,đầy đủ,cũ,900000.0
"78 CMT8, Q2",phòng trọ,cho thuê,20.0,0,đầy đủ,tốt,1400000.0
"88 Nguyễn Trãi, Q1",phòng trọ,cho thuê,10.0,0,cơ bản,cũ,1800000.0
"158 Nguyễn Văn Linh, Q9",phòng trọ,cho thuê,18.0,0,đầy đủ,cũ,2600000.0
"83 Mai Chí Thọ, Q6",nhà nguyên căn,bán,34.0,3,cơ bản,mới,4303100000.0
"66 Lý Thường Kiệt, Q2",phòng trọ,cho thuê,11.0,0,cơ bản,cũ,1600000.0
"175 Hàm Nghi, Q10",nhà nguyên căn,bán,33.0,2,đầy đủ,mới,7248200000.0
"182 CMT8, Q4",văn phòng,cho thuê,340.0,11,không có,cũ,323800000.0
"158 Rừng Sác, Q6",phòng trọ,cho thuê,13.0,0,đầy đủ,mới,2500000.0
"40 Công xã Paris, Q9",phòng trọ,cho thuê,14.0,0,cơ bản,tốt,1900000.0
"5 Âu Cơ, Q10",phòng trọ,cho thuê,17.0,0,không có,mới,2800000.0
"165 Tôn Đức Thắng, Q5",phòng trọ,cho thuê,19.0,0,cơ bản,tốt,2100000.0
"45 Hùng Vương, Q3",chung cư,bán,120.0,12,không có,tốt,6576700000.0
"112 Rừng Sác, Q2",phòng trọ,cho thuê,13.0,0,không có,tốt,2000000.0
"10 Xô Viết Nghệ Tĩnh, Q7",phòng trọ,cho thuê,12.0,0,không có,tốt,900000.0
"42 Võ Chí Công, Q8",phòng trọ,cho thuê,19.0,0,cơ bản,mới,2500000.0
"170 Võ Nguyên Giáp, Q1",phòng trọ,cho thuê,9.0,0,cơ bản,cũ,1400000.0
"110 CMT8, Q5",phòng trọ,cho thuê,11.0,0,không có,tốt,1800000.0
"171 Lý Thường Kiệt, Q2",phòng trọ,cho thuê,19.0,0,cơ bản,mới,2400000.0
"179 Nam Kỳ Khởi Nghĩa, Q8",phòng trọ,cho thuê,20.0,0,cơ bản,cũ,1500000.0
"155 Nguyễn Huệ, Q9",chung cư,cho thuê,75.0,12,cơ bản,mới,10200000.0
"76 Võ Nguyên Giáp, Q6",phòng trọ,cho thuê,12.0,0,không có,tốt,1100000.0
"111 Nguyễn Huệ, Q4",phòng trọ,cho thuê,13.0,0,cơ bản,cũ,1600000.0
"28 Dân Chủ, Q5",phòng trọ,cho thuê,17.0,0,đầy đủ,tốt,2100000.0
"183 Xô Viết Nghệ Tĩnh, Q3",phòng trọ,cho thuê,18.0,0,không có,cũ,2300000.0
"82 Trần Hưng Đạo, Q5",phòng trọ,cho thuê,19.0,0,không có,tốt,2300000.0
"13 Hải Thượng Lãn Ông, Q2",nhà nguyên căn,bán,33.0,4,không có,mới,4046600000.0
"166 Lê Duẩn, Q5",phòng trọ,cho thuê,14.0,0,cơ bản,tốt,1600000.0
"49 Lý Thường Kiệt, Q2",phòng trọ,cho thuê,20.0,0,đầy đủ,mới,2100000.0
"53 Mai Chí Thọ, Q10",phòng trọ,cho thuê,10.0,0,cơ bản,tốt,1100000.0
"90 Hùng Vương, Q1",phòng trọ,cho thuê,13.0,0,cơ bản,mới,2000000.0
"1 Lam Sơn, Q8",phòng trọ,cho thuê,20.0,0,cơ bản,tốt,1300000.0
"161 Dân Chủ, Q9",phòng trọ,cho thuê,19.0,0,đầy đủ,tốt,1900000.0
"174 Hàm Nghi, Q5",phòng trọ,cho thuê,17.0,0,cơ bản,cũ,1900000.0
"95 Rừng Sác, Q2",phòng trọ,cho thuê,17.0,0,không có,tốt,2000000.0
"81 Lạc Long Quân, Q4",nhà nguyên căn,cho thuê,39.0,4,không có,cũ,10100000.0
"135 Đồng Khởi, Q5",nhà nguyên căn,cho thuê,31.0,1,không có,tốt,3400000.0
"53 CMT8, Q7",phòng trọ,cho thuê,10.0,0,cơ bản,tốt,1000000.0
"30 Hàm Nghi, Q1",phòng trọ,cho thuê,14.0,0,cơ bản,tốt,1500000.0
"188 Mê Linh, Q6",chung cư,cho thuê,90.0,4,đầy đủ,mới,18300000.0
"154 Lý Thường Kiệt, Q2",nhà nguyên căn,cho thuê,30.0,2,không có,cũ,3700000.0
"199 Cách Mạng Tháng Tám, Q1",chung cư,bán,65.0,13,không có,tốt,4269400000.0
"62 Lê Duẩn, Q7",chung cư,cho thuê,90.0,17,không có,tốt,6100000.0
"88 Trường Chinh, Q5",phòng trọ,cho thuê,15.0,0,đầy đủ,tốt,1600000.0
"25 Mê Linh, Q8",chung cư,bán,124.0,6,cơ bản,mới,10483200000.0
"112 Pasteur, Q6",nhà nguyên căn,bán,36.0,2,cơ bản,cũ,2277200000.0
"44 Nguyễn Huệ, Q8",phòng trọ,cho thuê,11.0,0,không có,cũ,700000.0
"1 Âu Cơ, Q1",phòng trọ,cho thuê,9.0,0,đầy đủ,tốt,1300000.0
"15 Mê Linh, Q3",phòng trọ,cho thuê,9.0,0,cơ bản,tốt,900000.0
"171 Nguyễn Văn Linh, Q1",phòng trọ,cho thuê,15.0,0,đầy đủ,mới,2000000.0
"157 Hải Thượng Lãn Ông, Q10",chung cư,bán,75.0,6,đầy đủ,cũ,6132000000.0
"160 CMT8, Q6",nhà nguyên căn,cho thuê,45.0,1,đầy đủ,cũ,7300000.0
"84 Lũy Bán Bích, Q5",nhà nguyên căn,cho thuê,36.0,4,cơ bản,cũ,21200000.0
"198 Trần Hưng Đạo, Q9",phòng trọ,cho thuê,16.0,0,cơ bản,tốt,1300000.0
"194 Cách Mạng Tháng Tám, Q2",phòng trọ,cho thuê,13.0,0,cơ bản,mới,1100000.0
"164 Võ Nguyên Giáp, Q6",phòng trọ,cho thuê,11.0,0,không có,cũ,500000.0
"156 Trường Chinh, Q10",văn phòng,cho thuê,405.0,5,không có,tốt,292600000.0
"64 Nguyễn Trãi, Q7",chung cư,cho thuê,84.0,2,đầy đủ,tốt,9600000.0
"7 Rừng Sác, Q4",phòng trọ,cho thuê,10.0,0,đầy đủ,mới,800000.0
"73 Lý Thường Kiệt, Q3",phòng trọ,cho thuê,10.0,0,cơ bản,tốt,1200000.0
"170 Pasteur, Q8",phòng trọ,cho thuê,10.0,0,đầy đủ,tốt,700000.0
"27 Dân Chủ, Q5",chung cư,cho thuê,70.0,7,đầy đủ,mới,17000000.0
"89 Nguyễn Thị Minh Khai, Q1",văn phòng,cho thuê,450.0,8,đầy đủ,tốt,271300000.0
"173 Nguyễn Trãi, Q7",phòng trọ,cho thuê,17.0,0,cơ bản,mới,1800000.0
"27 Lam Sơn, Q9",phòng trọ,cho thuê,9.0,0,không có,cũ,800000.0
"196 Trường Chinh, Q5",chung cư,cho thuê,65.0,17,đầy đủ,tốt,9200000.0
"39 Công xã Paris, Q5",phòng trọ,cho thuê,10.0,0,không có,tốt,1100000.0
"119 Rừng Sác, Q3",phòng trọ,cho thuê,13.0,0,không có,cũ,1800000.0
"1 CMT8, Q7",phòng trọ,cho thuê,12.0,0,cơ bản,tốt,1100000.0
"110 Tôn Đức Thắng, Q2",phòng trọ,cho thuê,19.0,0,cơ bản,tốt,2900000.0
"113 Hàm Nghi, Q2",văn phòng,cho thuê,385.0,1,đầy đủ,tốt,373000000.0
"135 Nguyễn Hữu Cảnh, Q3",phòng trọ,cho thuê,20.0,0,đầy đủ,cũ,3400000.0
"195 Âu Cơ, Q6",phòng trọ,cho thuê,16.0,0,đầy đủ,tốt,2400000.0
"157 Lê Duẩn, Q6",phòng trọ,cho thuê,11.0,0,không có,mới,1600000.0
"33 Hai Bà Trưng, Q4",nhà nguyên căn,cho thuê,42.0,4,không có,mới,16600000.0
"112 Nguyễn Hữu Cảnh, Q9",phòng trọ,cho thuê,11.0,0,cơ bản,tốt,1200000.0
"47 Lạc Long Quân, Q4",nhà nguyên căn,cho thuê,45.0,5,cơ bản,tốt,16500000.0
"132 Công xã Paris, Q2",chung cư,bán,84.0,19,không có,tốt,3040700000.0
"191 Lê Lợi, Q10",phòng trọ,cho thuê,18.0,0,cơ bản,cũ,3400000.0
"22 Công xã Paris, Q5",nhà nguyên căn,bán,42.0,2,cơ bản,mới,3445500000.0
"116 Nguyễn Thị Minh Khai, Q6",chung cư,bán,120.0,20,không có,tốt,6743700000.0
"200 Mê Linh, Q10",phòng trọ,cho thuê,19.0,0,đầy đủ,cũ,3200000.0
"151 Nguyễn Thị Minh Khai, Q6",phòng trọ,cho thuê,17.0,0,không có,mới,2000000.0
"180 Châu Văn Liêm, Q1",phòng trọ,cho thuê,9.0,0,cơ bản,mới,1500000.0
"28 Hàm Nghi, Q7",chung cư,bán,70.0,11,đầy đủ,cũ,3552300000.0
"169 Phạm Ngũ Lão, Q10",chung cư,bán,75.0,15,đầy đủ,cũ,6389300000.0
"5 Lê Lợi, Q6",nhà nguyên căn,bán,33.0,1,đầy đủ,cũ,1883200000.0
"73 Dân Chủ, Q6",chung cư,bán,120.0,16,cơ bản,tốt,3327000000.0
"53 Nguyễn Thị Minh Khai, Q9",phòng trọ,cho thuê,9.0,0,cơ bản,mới,900000.0
"79 Trường Chinh, Q6",phòng trọ,cho thuê,12.0,0,cơ bản,mới,2100000.0
"92 Lạc Long Quân, Q10",phòng trọ,cho thuê,18.0,0,đầy đủ,mới,3900000.0
"59 Nam Kỳ Khởi Nghĩa, Q7",phòng trọ,cho thuê,11.0,0,cơ bản,tốt,700000.0
"101 Hàm Nghi, Q1",phòng trọ,cho thuê,10.0,0,cơ bản,cũ,1600000.0
"80 CMT8, Q2",phòng trọ,cho thuê,20.0,0,không có,cũ,1400000.0
"108 Hùng Vương, Q2",nhà nguyên căn,cho thuê,40.0,3,đầy đủ,tốt,19800000.0
"115 Nguyễn Huệ, Q8",nhà nguyên căn,bán,34.0,5,không có,cũ,6672800000.0
"87 Nguyễn Văn Linh, Q6",phòng trọ,cho thuê,12.0,0,không có,tốt,1800000.0
"30 Lạc Long Quân, Q4",nhà nguyên căn,cho thuê,28.0,4,đầy đủ,cũ,11100000.0
"115 Lý Tự Trọng, Q5",phòng trọ,cho thuê,19.0,0,đầy đủ,mới,2100000.0
"112 Võ Nguyên Giáp, Q6",văn phòng,cho thuê,405.0,12,không có,mới,500900000.0
"175 Lý Tự Trọng, Q6",phòng trọ,cho thuê,12.0,0,không có,mới,1100000.0
"148 Hàm Nghi, Q6",phòng trọ,cho thuê,12.0,0,không có,cũ,800000.0
"39 Châu Văn Liêm, Q9",phòng trọ,cho thuê,16.0,0,đầy đủ,cũ,1700000.0
"86 Nguyễn Huệ, Q5",phòng trọ,cho thuê,11.0,0,không có,cũ,1600000.0
"104 Lũy Bán Bích, Q10",phòng trọ,cho thuê,15.0,0,không có,tốt,1600000.0
"113 Nguyễn Huệ, Q3",phòng trọ,cho thuê,20.0,0,cơ bản,tốt,2900000.0
"75 Lạc Long Quân, Q10",phòng trọ,cho thuê,18.0,0,đầy đủ,cũ,3500000.0
"119 Lạc Long Quân, Q9",phòng trọ,cho thuê,17.0,0,không có,tốt,2500000.0
"138 Lý Thường Kiệt, Q4",nhà nguyên căn,cho thuê,27.0,3,đầy đủ,cũ,8100000.0
"139 Nguyễn Thị Minh Khai, Q7",phòng trọ,cho thuê,18.0,0,cơ bản,cũ,1500000.0
"114 Đồng Khởi, Q7",phòng trọ,cho thuê,11.0,0,cơ bản,cũ,700000.0
"158 Lý Tự Trọng, Q6",phòng trọ,cho thuê,9.0,0,đầy đủ,cũ,800000.0
"128 Lam Sơn, Q6",phòng trọ,cho thuê,14.0,0,cơ bản,cũ,1100000.0
"36 Nguyễn Thị Minh Khai, Q4",phòng trọ,cho thuê,13.0,0,đầy đủ,tốt,2000000.0
"190 Hàm Nghi, Q1",phòng trọ,cho thuê,14.0,0,đầy đủ,tốt,1100000.0
"75 Hàm Nghi, Q7",phòng trọ,cho thuê,15.0,0,đầy đủ,cũ,1900000.0
"88 Lạc Long Quân, Q1",phòng trọ,cho thuê,18.0,0,không có,mới,2400000.0
"104 Hai Bà Trưng, Q4",phòng trọ,cho thuê,14.0,0,đầy đủ,mới,1100000.0
"160 Hàm Nghi, Q10",phòng trọ,cho thuê,11.0,0,đầy đủ,mới,2300000.0
"10 Lê Văn Duyệt, Q9",phòng trọ,cho thuê,11.0,0,không có,tốt,1700000.0
"49 Trường Chinh, Q7",văn phòng,cho thuê,140.0,17,đầy đủ,cũ,165600000.0
"136 Hải Thượng Lãn Ông, Q9",nhà nguyên căn,bán,38.0,1,cơ bản,cũ,2645500000.0
"196 Hùng Vương, Q2",phòng trọ,cho thuê,19.0,0,đầy đủ,cũ,2900000.0
"23 Nguyễn Trãi, Q6",phòng trọ,cho thuê,17.0,0,không có,tốt,1500000.0
"182 Công xã Paris, Q4",phòng trọ,cho thuê,16.0,0,cơ bản,tốt,1300000.0
"163 Lý Tự Trọng, Q7",phòng trọ,cho thuê,11.0,0,không có,cũ,1000000.0
"25 Cách Mạng Tháng Tám, Q1",phòng trọ,cho thuê,12.0,0,không có,tốt,2000000.0
"141 Nguyễn Thị Minh Khai, Q4",phòng trọ,cho thuê,11.0,0,cơ bản,tốt,700000.0
"90 Nam Kỳ Khởi Nghĩa, Q6",phòng trọ,cho thuê,16.0,0,cơ bản,cũ,2300000.0
"105 Quách Thị Trang, Q6",văn phòng,cho thuê,430.0,16,cơ bản,mới,507600000.0
"183 Nguyễn Hữu Cảnh, Q4",nhà nguyên căn,cho thuê,41.0,1,cơ bản,tốt,5900000.0
"78 Nguyễn Hữu Cảnh, Q10",phòng trọ,cho thuê,10.0,0,cơ bản,mới,1900000.0
"46 Trần Hưng Đạo, Q4",phòng trọ,cho thuê,9.0,0,đầy đủ,cũ,1300000.0
"90 Công xã Paris, Q1",phòng trọ,cho thuê,15.0,0,đầy đủ,tốt,2200000.0
"19 Phạm Ngũ Lão, Q9",phòng trọ,cho thuê,12.0,0,cơ bản,mới,1300000.0
"114 Mê Linh, Q10",phòng trọ,cho thuê,15.0,0,đầy đủ,mới,1300000.0
"43 Lý Thường Kiệt, Q7",nhà nguyên căn,cho thuê,44.0,1,cơ bản,tốt,4100000.0
"44 Nguyễn Huệ, Q3",phòng trọ,cho thuê,11.0,0,không có,tốt,2000000.0
"171 CMT8, Q8",nhà nguyên căn,bán,27.0,3,đầy đủ,cũ,4399600000.0
"74 Nguyễn Thị Minh Khai, Q8",nhà nguyên căn,bán,34.0,2,cơ bản,cũ,3087900000.0
"10 Lê Văn Duyệt, Q10",phòng trọ,cho thuê,13.0,0,đầy đủ,cũ,2300000.0
"119 Xô Viết Nghệ Tĩnh, Q7",phòng trọ,cho thuê,19.0,0,cơ bản,cũ,2300000.0
"178 Pasteur, Q5",phòng trọ,cho thuê,13.0,0,đầy đủ,cũ,2700000.0
"26 Âu Cơ, Q3",phòng trọ,cho thuê,13.0,0,đầy đủ,cũ,1800000.0
"167 Âu Cơ, Q3",phòng trọ,cho thuê,17.0,0,cơ bản,mới,2200000.0
"32 Công xã Paris, Q9",chung cư,bán,65.0,10,không có,tốt,2485500000.0
"11 Pasteur, Q4",chung cư,bán,84.0,18,đầy đủ,tốt,2309500000.0
"104 Bùi Viện, Q5",phòng trọ,cho thuê,15.0,0,không có,tốt,1600000.0
"90 Âu Cơ, Q2",phòng trọ,cho thuê,9.0,0,cơ bản,tốt,800000.0
"3 Nguyễn Trãi, Q2",chung cư,bán,124.0,7,không có,tốt,9141200000.0
"148 Nam Kỳ Khởi Nghĩa, Q9",phòng trọ,cho thuê,9.0,0,đầy đủ,mới,1000000.0
"35 Nguyễn Huệ, Q5",phòng trọ,cho thuê,19.0,0,không có,mới,3000000.0
"8 Quốc tế, Q3",chung cư,cho thuê,75.0,3,không có,mới,15700000.0
"12 Lý Thường Kiệt, Q1",phòng trọ,cho thuê,20.0,0,không có,tốt,1800000.0
"97 Mê Linh, Q10",phòng trọ,cho thuê,11.0,0,đầy đủ,cũ,1200000.0
"140 Mai Chí Thọ, Q6",nhà nguyên căn,cho thuê,31.0,1,cơ bản,mới,5100000.0
"57 Nguyễn Thị Minh Khai, Q8",phòng trọ,cho thuê,9.0,0,đầy đủ,mới,600000.0
"129 Rừng Sác, Q2",chung cư,cho thuê,75.0,12,đầy đủ,mới,7000000.0
"18 Bùi Viện, Q4",văn phòng,cho thuê,185.0,18,không có,mới,182600000.0
"68 Lê Duẩn, Q7",chung cư,bán,84.0,17,không có,mới,4069300000.0
"61 Dân Chủ, Q7",phòng trọ,cho thuê,11.0,0,đầy đủ,mới,1900000.0
"60 Hàm Nghi, Q2",nhà nguyên căn,bán,27.0,4,cơ bản,tốt,3049100000.0
"84 Quốc tế, Q1",phòng trọ,cho thuê,15.0,0,cơ bản,mới,1600000.0
"99 Võ Chí Công, Q8",phòng trọ,cho thuê,16.0,0,đầy đủ,tốt,1600000.0
"188 Nguyễn Hữu Cảnh, Q4",chung cư,cho thuê,124.0,14,không có,mới,11600000.0
"16 CMT8, Q1",nhà nguyên căn,cho thuê,31.0,2,không có,mới,6900000.0
"177 Hải Thượng Lãn Ông, Q5",phòng trọ,cho thuê,15.0,0,không có,tốt,1800000.0
"78 Phạm Văn Đồng, Q8",phòng trọ,cho thuê,10.0,0,đầy đủ,mới,1300000.0
"151 Hai Bà Trưng, Q1",phòng trọ,cho thuê,14.0,0,cơ bản,tốt,2200000.0
"24 Võ Chí Công, Q6",phòng trọ,cho thuê,18.0,0,cơ bản,cũ,1000000.0
"105 Võ Chí Công, Q5",phòng trọ,cho thuê,11.0,0,cơ bản,tốt,900000.0
"137 Nguyễn Huệ, Q1",phòng trọ,cho thuê,20.0,0,đầy đủ,mới,2800000.0
"199 Trần Hưng Đạo, Q6",phòng trọ,cho thuê,11.0,0,cơ bản,cũ,700000.0
"43 Tôn Đức Thắng, Q4",phòng trọ,cho thuê,10.0,0,đầy đủ,tốt,1000000.0
"110 Mai Chí Thọ, Q10",phòng trọ,cho thuê,14.0,0,đầy đủ,cũ,1800000.0
"34 CMT8, Q6",chung cư,bán,70.0,1,đầy đủ,tốt,3873800000.0
"89 Nguyễn Văn Linh, Q6",phòng trọ,cho thuê,19.0,0,đầy đủ,tốt,1100000.0
"89 Lũy Bán Bích, Q9",nhà nguyên căn,cho thuê,33.0,1,cơ bản,cũ,4200000.0
"196 Lũy Bán Bích, Q8",phòng trọ,cho thuê,16.0,0,đầy đủ,tốt,2900000.0
"147 Lý Thường Kiệt, Q3",phòng trọ,cho thuê,15.0,0,đầy đủ,tốt,2100000.0
"121 Mai Chí Thọ, Q2",phòng trọ,cho thuê,16.0,0,cơ bản,cũ,1100000.0
"180 Nguyễn Huệ, Q2",phòng trọ,cho thuê,16.0,0,cơ bản,mới,2400000.0
"133 Tôn Đức Thắng, Q8",phòng trọ,cho thuê,9.0,0,đầy đủ,cũ,1400000.0
"30 CMT8, Q4",phòng trọ,cho thuê,18.0,0,đầy đủ,mới,1800000.0
"123 Hai Bà Trưng, Q4",phòng trọ,cho thuê,10.0,0,đầy đủ,tốt,1600000.0
"145 Nguyễn Thị Minh Khai, Q8",phòng trọ,cho thuê,19.0,0,không có,cũ,2200000.0
"15 Phạm Ngũ Lão, Q1",phòng trọ,cho thuê,12.0,0,đầy đủ,mới,2600000.0
"113 Nguyễn Thị Minh Khai, Q6",phòng trọ,cho thuê,20.0,0,cơ bản,mới,2500000.0
"16 Phạm Văn Đồng, Q10",nhà nguyên căn,cho thuê,28.0,4,không có,mới,17400000.0
"108 Công xã Paris, Q2",nhà nguyên căn,cho thuê,41.0,1,cơ bản,tốt,6600000.0
"76 Phạm Văn Đồng, Q4",phòng trọ,cho thuê,9.0,0,không có,mới,500000.0
"113 Pasteur, Q7",nhà nguyên căn,bán,38.0,4,đầy đủ,tốt,5337300000.0
"8 Mai Chí Thọ, Q7",phòng trọ,cho thuê,14.0,0,đầy đủ,mới,1900000.0
"38 Lê Duẩn, Q8",phòng trọ,cho thuê,18.0,0,không có,tốt,1200000.0
"9 Hàm Nghi, Q3",chung cư,bán,120.0,1,đầy đủ,cũ,6706700000.0
"40 Phạm Ngũ Lão, Q8",nhà nguyên căn,bán,45.0,1,cơ bản,cũ,1776000000.0
"189 Lê Lợi, Q1",nhà nguyên căn,cho thuê,28.0,4,đầy đủ,mới,16600000.0
"173 Dân Chủ, Q5",phòng trọ,cho thuê,18.0,0,không có,mới,2100000.0
"126 Quốc tế, Q8",chung cư,bán,124.0,3,đầy đủ,tốt,5984500000.0
"172 Trường Chinh, Q4",nhà nguyên căn,bán,31.0,1,đầy đủ,mới,1141000000.0
"79 Võ Nguyên Giáp, Q10",phòng trọ,cho thuê,11.0,0,cơ bản,cũ,1800000.0
"92 Nguyễn Huệ, Q4",phòng trọ,cho thuê,17.0,0,không có,cũ,1400000.0
"128 Trường Chinh, Q5",phòng trọ,cho thuê,20.0,0,cơ bản,tốt,2200000.0
"66 Nguyễn Trãi, Q7",phòng trọ,cho thuê,10.0,0,cơ bản,tốt,700000.0
"23 Công xã Paris, Q4",văn phòng,cho thuê,515.0,3,không có,cũ,548900000.0
"68 Nguyễn Huệ, Q1",phòng trọ,cho thuê,16.0,0,đầy đủ,cũ,2800000.0
"159 Tôn Đức Thắng, Q9",phòng trọ,cho thuê,15.0,0,không có,cũ,2000000.0
"180 Quốc tế, Q8",phòng trọ,cho thuê,12.0,0,đầy đủ,tốt,1900000.0
"171 Nguyễn Thị Minh Khai, Q9",phòng trọ,cho thuê,9.0,0,không có,mới,1400000.0
"147 Quách Thị Trang, Q6",nhà nguyên căn,bán,29.0,2,đầy đủ,mới,3669700000.0
"79 Tôn Đức Thắng, Q3",phòng trọ,cho thuê,14.0,0,cơ bản,mới,1700000.0
"141 Nguyễn Hữu Cảnh, Q5",phòng trọ,cho thuê,11.0,0,không có,mới,1900000.0
"161 Nguyễn Văn Linh, Q6",nhà nguyên căn,bán,43.0,4,đầy đủ,tốt,9595500000.0
"117 Võ Nguyên Giáp, Q8",phòng trọ,cho thuê,17.0,0,đầy đủ,tốt,1100000.0
"101 Công xã Paris, Q5",chung cư,bán,70.0,11,đầy đủ,mới,4929600000.0
"148 Lê Duẩn, Q3",nhà nguyên căn,bán,43.0,4,đầy đủ,tốt,10687300000.0
"21 Phạm Ngũ Lão, Q3",phòng trọ,cho thuê,9.0,0,không có,mới,1300000.0
"169 Hai Bà Trưng, Q7",phòng trọ,cho thuê,11.0,0,cơ bản,tốt,1700000.0
"188 Nguyễn Thị Minh Khai, Q10",phòng trọ,cho thuê,16.0,0,không có,cũ,1600000.0
"42 Âu Cơ, Q8",phòng trọ,cho thuê,18.0,0,không có,cũ,1700000.0
"66 Nguyễn Thị Minh Khai, Q10",phòng trọ,cho thuê,18.0,0,đầy đủ,cũ,1200000.0
"194 Lạc Long Quân, Q8",phòng trọ,cho thuê,19.0,0,đầy đủ,tốt,1500000.0
"33 Nguyễn Thị Minh Khai, Q2",phòng trọ,cho thuê,20.0,0,không có,tốt,1400000.0
"112 Châu Văn Liêm, Q3",phòng trọ,cho thuê,18.0,0,đầy đủ,cũ,1900000.0
"149 Lạc Long Quân, Q10",phòng trọ,cho thuê,19.0,0,không có,cũ,1400000.0
"152 Rừng Sác, Q4",nhà nguyên căn,bán,34.0,2,không có,mới,4216300000.0
"163 Quốc tế, Q8",phòng trọ,cho thuê,15.0,0,cơ bản,mới,2700000.0
"120 Trường Chinh, Q5",phòng trọ,cho thuê,16.0,0,cơ bản,cũ,2300000.0
"116 Cách Mạng Tháng Tám, Q1",phòng trọ,cho thuê,11.0,0,đầy đủ,cũ,1800000.0
"138 Xô Viết Nghệ Tĩnh, Q5",phòng trọ,cho thuê,18.0,0,cơ bản,tốt,2400000.0
"168 Võ Chí Công, Q4",phòng trọ,cho thuê,19.0,0,cơ bản,cũ,1200000.0
"194 Nguyễn Trãi, Q5",nhà nguyên căn,bán,42.0,4,cơ bản,cũ,4072400000.0
"180 Rừng Sác, Q9",phòng trọ,cho thuê,14.0,0,cơ bản,cũ,1200000.0
"176 CMT8, Q1",phòng trọ,cho thuê,16.0,0,đầy đủ,mới,2900000.0
"103 Phạm Văn Đồng, Q5",phòng trọ,cho thuê,11.0,0,cơ bản,mới,1200000.0
"47 Tôn Đức Thắng, Q8",phòng trọ,cho thuê,16.0,0,không có,cũ,1900000.0
"33 Phạm Ngũ Lão, Q2",nhà nguyên căn,bán,31.0,1,cơ bản,mới,1288000000.0
"98 Võ Nguyên Giáp, Q9",phòng trọ,cho thuê,15.0,0,đầy đủ,cũ,2400000.0
"200 Lam Sơn, Q2",phòng trọ,cho thuê,15.0,0,đầy đủ,tốt,2000000.0
"63 Trường Chinh, Q7",nhà nguyên căn,bán,33.0,2,đầy đủ,tốt,3578000000.0
"131 Công xã Paris, Q6",nhà nguyên căn,bán,35.0,4,cơ bản,mới,8354500000.0
"53 Trường Chinh, Q3",phòng trọ,cho thuê,17.0,0,cơ bản,mới,2600000.0
"42 Mê Linh, Q8",chung cư,cho thuê,70.0,10,đầy đủ,mới,6300000.0
"91 Rừng Sác, Q5",phòng trọ,cho thuê,9.0,0,đầy đủ,mới,1800000.0
"6 Phạm Văn Đồng, Q6",nhà nguyên căn,bán,30.0,4,không có,tốt,6229500000.0
"81 Pasteur, Q2",phòng trọ,cho thuê,9.0,0,đầy đủ,tốt,1600000.0
"102 Nguyễn Thị Minh Khai, Q9",phòng trọ,cho thuê,18.0,0,cơ bản,tốt,2900000.0
"81 Nguyễn Văn Linh, Q2",phòng trọ,cho thuê,16.0,0,đầy đủ,cũ,2500000.0
"88 Mai Chí Thọ, Q4",phòng trọ,cho thuê,11.0,0,cơ bản,tốt,1300000.0
"102 Trường Chinh, Q6",phòng trọ,cho thuê,19.0,0,cơ bản,cũ,2600000.0
"132 Nguyễn Văn Linh, Q7",phòng trọ,cho thuê,14.0,0,không có,tốt,1200000.0
"65 Phạm Ngũ Lão, Q5",nhà nguyên căn,bán,45.0,1,cơ bản,mới,2726000000.0
"68 Rừng Sác, Q8",phòng trọ,cho thuê,15.0,0,đầy đủ,mới,2400000.0
"163 Võ Chí Công, Q2",phòng trọ,cho thuê,13.0,0,đầy đủ,cũ,900000.0
"135 Quách Thị Trang, Q1",chung cư,bán,90.0,7,đầy đủ,cũ,4630600000.0
"85 Nguyễn Thị Minh Khai, Q9",phòng trọ,cho thuê,13.0,0,cơ bản,mới,800000.0
"134 Xô Viết Nghệ Tĩnh, Q4",chung cư,bán,120.0,7,không có,tốt,6483700000.0
"101 Đồng Khởi, Q9",chung cư,cho thuê,124.0,17,đầy đủ,tốt,18500000.0
"168 Rừng Sác, Q3",chung cư,cho thuê,70.0,8,cơ bản,cũ,10400000.0
"182 CMT8, Q9",phòng trọ,cho thuê,19.0,0,đầy đủ,tốt,2300000.0
"32 Đồng Khởi, Q5",phòng trọ,cho thuê,18.0,0,cơ bản,cũ,2500000.0
"154 Lý Tự Trọng, Q4",chung cư,bán,90.0,11,đầy đủ,tốt,6910800000.0
"32 Lũy Bán Bích, Q3",nhà nguyên căn,cho thuê,28.0,5,không có,tốt,9700000.0
"198 Châu Văn Liêm, Q5",phòng trọ,cho thuê,12.0,0,cơ bản,tốt,2100000.0
"90 Lê Duẩn, Q4",nhà nguyên căn,cho thuê,33.0,5,đầy đủ,cũ,26500000.0
"82 Lạc Long Quân, Q4",chung cư,bán,84.0,8,cơ bản,tốt,4330300000.0
"169 Phạm Văn Đồng, Q8",nhà nguyên căn,bán,41.0,5,không có,tốt,8084600000.0
"178 Tôn Đức Thắng, Q9",phòng trọ,cho thuê,13.0,0,không có,cũ,1000000.0
"158 Nguyễn Huệ, Q6",chung cư,bán,84.0,12,không có,mới,5224600000.0
"68 Dân Chủ, Q4",chung cư,bán,75.0,18,không có,mới,3348900000.0
"106 Phạm Văn Đồng, Q9",phòng trọ,cho thuê,16.0,0,đầy đủ,mới,2400000.0
"115 Nguyễn Văn Linh, Q7",phòng trọ,cho thuê,14.0,0,cơ bản,tốt,1500000.0
"134 Đồng Khởi, Q6",nhà nguyên căn,cho thuê,39.0,5,không có,tốt,19400000.0
"21 Nguyễn Văn Linh, Q9",phòng trọ,cho thuê,16.0,0,đầy đủ,mới,1800000.0
"19 Hai Bà Trưng, Q6",phòng trọ,cho thuê,10.0,0,không có,tốt,900000.0
"22 Lê Văn Duyệt, Q5",phòng trọ,cho thuê,20.0,0,đầy đủ,tốt,3900000.0
"24 Quốc tế, Q7",phòng trọ,cho thuê,17.0,0,cơ bản,cũ,2200000.0
"36 Lý Thường Kiệt, Q6",phòng trọ,cho thuê,17.0,0,đầy đủ,tốt,2200000.0
"123 Phạm Văn Đồng, Q10",phòng trọ,cho thuê,13.0,0,đầy đủ,mới,1400000.0
"121 Hùng Vương, Q5",phòng trọ,cho thuê,19.0,0,cơ bản,tốt,1500000.0
"176 Rừng Sác, Q1",phòng trọ,cho thuê,15.0,0,không có,tốt,2700000.0
"17 Nguyễn Thị Minh Khai, Q4",phòng trọ,cho thuê,16.0,0,đầy đủ,mới,1800000.0
"64 Hai Bà Trưng, Q5",phòng trọ,cho thuê,14.0,0,cơ bản,tốt,2500000.0
"64 Nam Kỳ Khởi Nghĩa, Q3",phòng trọ,cho thuê,20.0,0,đầy đủ,tốt,4000000.0
"46 Hàm Nghi, Q3",phòng trọ,cho thuê,10.0,0,cơ bản,cũ,1300000.0
"4 Mai Chí Thọ, Q8",nhà nguyên căn,cho thuê,29.0,2,cơ bản,mới,8200000.0
"121 Âu Cơ, Q8",văn phòng,cho thuê,590.0,3,đầy đủ,cũ,701000000.0
"13 Hùng Vương, Q2",phòng trọ,cho thuê,17.0,0,cơ bản,mới,2600000.0
"27 Lê Lợi, Q9",phòng trọ,cho thuê,9.0,0,cơ bản,tốt,900000.0
"23 Hai Bà Trưng, Q8",chung cư,bán,70.0,5,đầy đủ,tốt,3955700000.0
"198 Âu Cơ, Q7",phòng trọ,cho thuê,20.0,0,không có,cũ,1000000.0
"71 Đồng Khởi, Q2",phòng trọ,cho thuê,14.0,0,cơ bản,cũ,900000.0
"114 Lam Sơn, Q2",phòng trọ,cho thuê,17.0,0,đầy đủ,mới,2000000.0
"179 Nam Kỳ Khởi Nghĩa, Q7",phòng trọ,cho thuê,10.0,0,không có,tốt,1500000.0
"89 Mai Chí Thọ, Q2",phòng trọ,cho thuê,12.0,0,cơ bản,tốt,800000.0
"198 Công xã Paris, Q2",phòng trọ,cho thuê,17.0,0,cơ bản,cũ,2200000.0
"103 Dân Chủ, Q4",chung cư,bán,120.0,17,không có,mới,6299000000.0
"6 Mê Linh, Q5",phòng trọ,cho thuê,11.0,0,cơ bản,tốt,1900000.0
"21 Nguyễn Văn Linh, Q10",phòng trọ,cho thuê,18.0,0,đầy đủ,mới,2700000.0
"78 Mê Linh, Q9",phòng trọ,cho thuê,12.0,0,cơ bản,mới,1800000.0
"159 Rừng Sác, Q1",phòng trọ,cho thuê,11.0,0,cơ bản,mới,800000.0
"169 Lê Lợi, Q7",chung cư,cho thuê,65.0,19,đầy đủ,cũ,6000000.0
"164 Phạm Ngũ Lão, Q9",phòng trọ,cho thuê,16.0,0,đầy đủ,mới,1400000.0
"12 Hải Thượng Lãn Ông, Q10",nhà nguyên căn,cho thuê,27.0,5,cơ bản,tốt,16400000.0
"47 Hai Bà Trưng, Q5",phòng trọ,cho thuê,14.0,0,không có,mới,1600000.0
"168 Hàm Nghi, Q7",phòng trọ,cho thuê,10.0,0,đầy đủ,cũ,1500000.0
"40 Nguyễn Thị Minh Khai, Q6",chung cư,bán,70.0,15,không có,tốt,4649900000.0
"96 Phạm Ngũ Lão, Q7",nhà nguyên căn,cho thuê,28.0,5,cơ bản,cũ,9700000.0
"196 Hai Bà Trưng, Q10",chung cư,cho thuê,75.0,4,đầy đủ,mới,17800000.0
"148 Hai Bà Trưng, Q2",văn phòng,bán,220.0,4,cơ bản,tốt,14490900000.0
"176 Cách Mạng Tháng Tám, Q8",văn phòng,cho thuê,335.0,12,không có,tốt,245300000.0
"68 Võ Nguyên Giáp, Q1",văn phòng,cho thuê,165.0,9,cơ bản,mới,106300000.0
"181 Phạm Ngũ Lão, Q10",phòng trọ,cho thuê,20.0,0,không có,cũ,2900000.0
"87 Đồng Khởi, Q10",phòng trọ,cho thuê,19.0,0,đầy đủ,tốt,3500000.0
"10 Lê Lợi, Q9",phòng trọ,cho thuê,11.0,0,đầy đủ,cũ,1100000.0
"15 Võ Chí Công, Q3",phòng trọ,cho thuê,10.0,0,cơ bản,tốt,700000.0
"58 Xô Viết Nghệ Tĩnh, Q2",phòng trọ,cho thuê,16.0,0,không có,tốt,1600000.0
"59 Nguyễn Văn Linh, Q8",phòng trọ,cho thuê,20.0,0,không có,tốt,2800000.0
"49 Quách Thị Trang, Q5",phòng trọ,cho thuê,10.0,0,cơ bản,tốt,1400000.0
"147 Phạm Ngũ Lão, Q9",phòng trọ,cho thuê,13.0,0,đầy đủ,cũ,1900000.0
"186 Võ Chí Công, Q6",phòng trọ,cho thuê,10.0,0,đầy đủ,cũ,1500000.0
"129 Nam Kỳ Khởi Nghĩa, Q9",phòng trọ,cho thuê,14.0,0,cơ bản,tốt,1200000.0
"167 Trần Hưng Đạo, Q9",phòng trọ,cho thuê,15.0,0,đầy đủ,mới,1500000.0
"74 Quốc tế, Q2",chung cư,cho thuê,90.0,9,không có,cũ,4600000.0
"53 Lê Văn Duyệt, Q7",phòng trọ,cho thuê,16.0,0,cơ bản,tốt,2400000.0
"45 Lam Sơn, Q4",phòng trọ,cho thuê,20.0,0,cơ bản,tốt,2700000.0
"39 Lạc Long Quân, Q3",nhà nguyên căn,cho thuê,35.0,5,không có,mới,33900000.0
"27 Nguyễn Thị Minh Khai, Q7",phòng trọ,cho thuê,17.0,0,cơ bản,tốt,1000000.0
"186 Nguyễn Thị Minh Khai, Q1",phòng trọ,cho thuê,9.0,0,không có,mới,1300000.0
"165 Rừng Sác, Q9",phòng trọ,cho thuê,10.0,0,không có,tốt,1400000.0
"86 Bùi Viện, Q3",phòng trọ,cho thuê,18.0,0,đầy đủ,cũ,3600000.0
"138 Pasteur, Q8",phòng trọ,cho thuê,13.0,0,đầy đủ,cũ,1700000.0
"24 Nam Kỳ Khởi Nghĩa, Q10",phòng trọ,cho thuê,11.0,0,đầy đủ,tốt,1500000.0
"32 Lý Tự Trọng, Q10",chung cư,bán,75.0,5,đầy đủ,mới,8043500000.0
"2 Đồng Khởi, Q2",phòng trọ,cho thuê,14.0,0,không có,mới,1400000.0
"79 Quốc tế, Q7",phòng trọ,cho thuê,14.0,0,không có,mới,1900000.0
"69 Võ Chí Công, Q7",phòng trọ,cho thuê,12.0,0,cơ bản,cũ,1400000.0
"9 Trần Hưng Đạo, Q3",nhà nguyên căn,bán,42.0,1,đầy đủ,tốt,1798500000.0
"51 Lũy Bán Bích, Q3",phòng trọ,cho thuê,17.0,0,cơ bản,cũ,1800000.0
"132 Hai Bà Trưng, Q1",nhà nguyên căn,bán,28.0,3,đầy đủ,cũ,5093300000.0
"150 Trần Hưng Đạo, Q9",phòng trọ,cho thuê,17.0,0,đầy đủ,mới,1200000.0
"18 Phạm Ngũ Lão, Q2",phòng trọ,cho thuê,16.0,0,không có,mới,1800000.0
"118 Hải Thượng Lãn Ông, Q2",phòng trọ,cho thuê,12.0,0,cơ bản,mới,1800000.0
"17 Trường Chinh, Q8",phòng trọ,cho thuê,16.0,0,đầy đủ,mới,2100000.0
"67 Trường Chinh, Q4",phòng trọ,cho thuê,14.0,0,cơ bản,mới,2400000.0
"40 Rừng Sác, Q6",phòng trọ,cho thuê,15.0,0,đầy đủ,tốt,1700000.0
"167 Trần Hưng Đạo, Q10",phòng trọ,cho thuê,13.0,0,đầy đủ,tốt,1600000.0
"24 Hàm Nghi, Q2",nhà nguyên căn,bán,29.0,5,đầy đủ,tốt,6202600000.0
"88 Lý Tự Trọng, Q1",phòng trọ,cho thuê,18.0,0,đầy đủ,cũ,1600000.0
"59 Nguyễn Trãi, Q6",nhà nguyên căn,cho thuê,34.0,5,cơ bản,cũ,13900000.0
"1 Lam Sơn, Q1",chung cư,bán,124.0,5,không có,tốt,9114100000.0
"7 Nam Kỳ Khởi Nghĩa, Q10",phòng trọ,cho thuê,15.0,0,không có,tốt,2400000.0
"200 Phạm Ngũ Lão, Q3",phòng trọ,cho thuê,15.0,0,không có,tốt,2600000.0
"167 Võ Nguyên Giáp, Q3",văn phòng,cho thuê,235.0,13,cơ bản,mới,464300000.0
"74 Mê Linh, Q1",nhà nguyên căn,cho thuê,44.0,5,không có,mới,16700000.0
"19 Đồng Khởi, Q1",chung cư,cho thuê,65.0,5,đầy đủ,tốt,9300000.0
"79 Châu Văn Liêm, Q5",chung cư,cho thuê,65.0,8,không có,mới,7200000.0
"165 Rừng Sác, Q10",nhà nguyên căn,cho thuê,33.0,3,cơ bản,cũ,10800000.0
"13 CMT8, Q4",phòng trọ,cho thuê,10.0,0,không có,tốt,1200000.0
"180 Tôn Đức Thắng, Q3",phòng trọ,cho thuê,18.0,0,đầy đủ,cũ,2100000.0
"191 Quốc tế, Q10",phòng trọ,cho thuê,10.0,0,không có,cũ,900000.0
"32 Hùng Vương, Q2",phòng trọ,cho thuê,15.0,0,cơ bản,tốt,1500000.0
"28 Nguyễn Trãi, Q4",phòng trọ,cho thuê,9.0,0,đầy đủ,mới,1200000.0
"43 Nguyễn Trãi, Q7",văn phòng,cho thuê,545.0,1,không có,tốt,626900000.0
"132 Lý Thường Kiệt, Q1",phòng trọ,cho thuê,16.0,0,không có,cũ,2000000.0
"150 Trần Hưng Đạo, Q10",phòng trọ,cho thuê,16.0,0,cơ bản,cũ,2000000.0
"149 Lũy Bán Bích, Q7",phòng trọ,cho thuê,15.0,0,đầy đủ,mới,1900000.0
"96 Hai Bà Trưng, Q3",phòng trọ,cho thuê,17.0,0,đầy đủ,mới,2000000.0
"29 Nguyễn Trãi, Q10",phòng trọ,cho thuê,20.0,0,cơ bản,mới,2500000.0
"3 Dân Chủ, Q1",phòng trọ,cho thuê,16.0,0,không có,mới,3000000.0
"152 Đồng Khởi, Q8",phòng trọ,cho thuê,13.0,0,cơ bản,cũ,1600000.0
"57 Mê Linh, Q1",phòng trọ,cho thuê,19.0,0,cơ bản,tốt,2800000.0
"89 Đồng Khởi, Q9",nhà nguyên căn,bán,44.0,5,không có,mới,6144900000.0
"22 Võ Nguyên Giáp, Q5",phòng trọ,cho thuê,12.0,0,đầy đủ,cũ,2100000.0
"53 Hàm Nghi, Q1",phòng trọ,cho thuê,15.0,0,không có,tốt,1000000.0
"176 Lý Tự Trọng, Q1",nhà nguyên căn,cho thuê,36.0,2,đầy đủ,cũ,8200000.0
"1 Công xã Paris, Q4",phòng trọ,cho thuê,12.0,0,cơ bản,tốt,1400000.0
"150 Nam Kỳ Khởi Nghĩa, Q8",phòng trọ,cho thuê,17.0,0,cơ bản,cũ,1800000.0
"61 Võ Nguyên Giáp, Q4",chung cư,bán,75.0,12,không có,tốt,4354600000.0
"3 Nam Kỳ Khởi Nghĩa, Q1",phòng trọ,cho thuê,14.0,0,đầy đủ,mới,1700000.0
"162 Mê Linh, Q1",phòng trọ,cho thuê,13.0,0,không có,mới,1700000.0
"174 Hàm Nghi, Q8",phòng trọ,cho thuê,10.0,0,đầy đủ,mới,700000.0
"120 Lê Duẩn, Q10",phòng trọ,cho thuê,16.0,0,không có,mới,3000000.0
"200 Pasteur, Q10",chung cư,cho thuê,65.0,3,đầy đủ,mới,9900000.0
"30 Phạm Ngũ Lão, Q1",phòng trọ,cho thuê,17.0,0,không có,tốt,2300000.0
"14 Hải Thượng Lãn Ông, Q10",phòng trọ,cho thuê,12.0,0,không có,tốt,2300000.0
"14 Lê Lợi, Q8",phòng trọ,cho thuê,17.0,0,cơ bản,tốt,1700000.0
"59 Công xã Paris, Q6",phòng trọ,cho thuê,12.0,0,đầy đủ,mới,1200000.0
"135 Đồng Khởi, Q8",nhà nguyên căn,bán,39.0,4,đầy đủ,cũ,7611000000.0
"40 Mê Linh, Q1",phòng trọ,cho thuê,16.0,0,cơ bản,tốt,1000000.0
"102 Pasteur, Q4",phòng trọ,cho thuê,18.0,0,đầy đủ,tốt,2200000.0
"184 Lê Lợi, Q5",phòng trọ,cho thuê,17.0,0,đầy đủ,tốt,3100000.0
"190 Hai Bà Trưng, Q5",phòng trọ,cho thuê,9.0,0,cơ bản,tốt,1500000.0
"11 Rừng Sác, Q7",phòng trọ,cho thuê,16.0,0,cơ bản,tốt,2400000.0
"51 Xô Viết Nghệ Tĩnh, Q2",phòng trọ,cho thuê,13.0,0,cơ bản,tốt,800000.0
"46 Võ Chí Công, Q4",phòng trọ,cho thuê,10.0,0,cơ bản,cũ,1200000.0
"183 Võ Nguyên Giáp, Q2",nhà nguyên căn,bán,33.0,2,không có,mới,2791100000.0
"169 Lê Lợi, Q4",phòng trọ,cho thuê,15.0,0,đầy đủ,tốt,2700000.0
"43 Nam Kỳ Khởi Nghĩa, Q10",nhà nguyên căn,cho thuê,33.0,5,đầy đủ,tốt,29900000.0
"89 Quách Thị Trang, Q2",chung cư,cho thuê,65.0,7,đầy đủ,tốt,10100000.0
"61 Võ Nguyên Giáp, Q2",phòng trọ,cho thuê,19.0,0,không có,mới,1700000.0
"169 Lam Sơn, Q4",phòng trọ,cho thuê,16.0,0,cơ bản,mới,2500000.0
"48 Nguyễn Huệ, Q9",nhà nguyên căn,cho thuê,28.0,3,cơ bản,tốt,13400000.0
"167 Dân Chủ, Q10",phòng trọ,cho thuê,11.0,0,cơ bản,mới,1300000.0
"91 Hai Bà Trưng, Q2",phòng trọ,cho thuê,16.0,0,cơ bản,mới,1500000.0
"76 Hàm Nghi, Q10",phòng trọ,cho thuê,15.0,0,không có,mới,1200000.0
"97 Lê Duẩn, Q8",phòng trọ,cho thuê,10.0,0,cơ bản,cũ,900000.0
"43 Cách Mạng Tháng Tám, Q2",nhà nguyên căn,cho thuê,36.0,2,cơ bản,cũ,9500000.0
"10 Hải Thượng Lãn Ông, Q1",phòng trọ,cho thuê,20.0,0,không có,mới,3000000.0
"60 Âu Cơ, Q6",phòng trọ,cho thuê,13.0,0,không có,tốt,700000.0
"158 Tôn Đức Thắng, Q2",phòng trọ,cho thuê,19.0,0,cơ bản,cũ,1300000.0
"39 Dân Chủ, Q1",nhà nguyên căn,bán,34.0,3,không có,tốt,4300500000.0
"188 Nguyễn Trãi, Q9",phòng trọ,cho thuê,11.0,0,đầy đủ,tốt,1900000.0
"192 Hải Thượng Lãn Ông, Q7",chung cư,cho thuê,65.0,9,cơ bản,tốt,10000000.0
"23 Quốc tế, Q7",văn phòng,bán,365.0,16,cơ bản,cũ,7946900000.0
"59 Đồng Khởi, Q8",phòng trọ,cho thuê,20.0,0,cơ bản,cũ,1200000.0
"152 Lam Sơn, Q4",phòng trọ,cho thuê,10.0,0,cơ bản,cũ,1300000.0
"55 Nguyễn Hữu Cảnh, Q1",chung cư,cho thuê,124.0,1,đầy đủ,tốt,16500000.0
"53 Võ Nguyên Giáp, Q7",phòng trọ,cho thuê,17.0,0,đầy đủ,mới,3300000.0
"142 Quốc tế, Q4",phòng trọ,cho thuê,10.0,0,đầy đủ,cũ,1500000.0
"61 Châu Văn Liêm, Q8",phòng trọ,cho thuê,13.0,0,cơ bản,tốt,1800000.0
"17 Quốc tế, Q6",nhà nguyên căn,bán,38.0,3,không có,mới,8106900000.0
"127 Phạm Văn Đồng, Q3",nhà nguyên căn,cho thuê,34.0,4,không có,cũ,16900000.0
"48 Nguyễn Huệ, Q10",phòng trọ,cho thuê,16.0,0,đầy đủ,tốt,1700000.0
"159 Lê Duẩn, Q2",phòng trọ,cho thuê,17.0,0,cơ bản,mới,2700000.0
"39 Nam Kỳ Khởi Nghĩa, Q1",phòng trọ,cho thuê,10.0,0,không có,mới,1300000.0
"173 Nguyễn Thị Minh Khai, Q6",chung cư,bán,75.0,16,đầy đủ,mới,3688500000.0
"99 Nam Kỳ Khởi Nghĩa, Q8",phòng trọ,cho thuê,19.0,0,cơ bản,cũ,1500000.0
"167 Nguyễn Huệ, Q6",phòng trọ,cho thuê,10.0,0,cơ bản,tốt,1000000.0
"85 Lê Lợi, Q8",phòng trọ,cho thuê,14.0,0,đầy đủ,cũ,1900000.0
"200 Lê Duẩn, Q3",phòng trọ,cho thuê,12.0,0,không có,cũ,900000.0
"116 Nguyễn Thị Minh Khai, Q2",chung cư,bán,75.0,20,đầy đủ,mới,4253500000.0
"21 Nam Kỳ Khởi Nghĩa, Q2",phòng trọ,cho thuê,17.0,0,cơ bản,mới,2300000.0
"150 Lam Sơn, Q3",chung cư,bán,65.0,20,cơ bản,mới,2157200000.0
"153 Nguyễn Thị Minh Khai, Q2",nhà nguyên căn,bán,42.0,5,cơ bản,cũ,13555100000.0
"42 Đồng Khởi, Q8",nhà nguyên căn,bán,28.0,1,đầy đủ,tốt,2231200000.0
"2 Mai Chí Thọ, Q10",chung cư,bán,84.0,10,cơ bản,tốt,4342700000.0
"17 Trường Chinh, Q3",phòng trọ,cho thuê,10.0,0,đầy đủ,tốt,1200000.0
"142 Lý Thường Kiệt, Q7",phòng trọ,cho thuê,16.0,0,không có,cũ,1800000.0
"72 Hàm Nghi, Q1",phòng trọ,cho thuê,11.0,0,không có,tốt,1100000.0
"151 Mê Linh, Q4",phòng trọ,cho thuê,18.0,0,đầy đủ,tốt,2600000.0
"188 Nguyễn Trãi, Q10",phòng trọ,cho thuê,14.0,0,không có,tốt,1800000.0
"1 Lạc Long Quân, Q4",phòng trọ,cho thuê,14.0,0,đầy đủ,tốt,1900000.0
"112 Mai Chí Thọ, Q1",chung cư,bán,75.0,7,cơ bản,cũ,2342600000.0
"155 Hùng Vương, Q3",nhà nguyên căn,cho thuê,43.0,5,không có,tốt,37200000.0
"145 Lê Lợi, Q10",phòng trọ,cho thuê,14.0,0,cơ bản,mới,3000000.0
"169 Quốc tế, Q7",nhà nguyên căn,cho thuê,34.0,4,cơ bản,tốt,15400000.0
"174 Hàm Nghi, Q2",chung cư,bán,120.0,11,đầy đủ,tốt,4870600000.0
"150 Nguyễn Huệ, Q6",phòng trọ,cho thuê,20.0,0,đầy đủ,tốt,1500000.0
"48 Công xã Paris, Q9",nhà nguyên căn,cho thuê,44.0,5,cơ bản,tốt,34000000.0
"68 Lê Lợi, Q8",nhà nguyên căn,cho thuê,43.0,5,đầy đủ,tốt,26200000.0
"188 Lê Văn Duyệt, Q4",phòng trọ,cho thuê,20.0,0,cơ bản,cũ,2700000.0
"97 Võ Nguyên Giáp, Q2",phòng trọ,cho thuê,15.0,0,cơ bản,tốt,1400000.0
"186 Dân Chủ, Q9",phòng trọ,cho thuê,11.0,0,đầy đủ,tốt,1100000.0
"34 Rừng Sác, Q8",nhà nguyên căn,bán,32.0,2,cơ bản,tốt,4722500000.0
"193 Trường Chinh, Q2",phòng trọ,cho thuê,14.0,0,không có,cũ,900000.0
"165 Tôn Đức Thắng, Q3",phòng trọ,cho thuê,20.0,0,không có,cũ,1400000.0
"77 Pasteur, Q5",phòng trọ,cho thuê,20.0,0,cơ bản,cũ,2300000.0
"138 Bùi Viện, Q8",phòng trọ,cho thuê,15.0,0,đầy đủ,tốt,2300000.0
"120 CMT8, Q7",phòng trọ,cho thuê,12.0,0,đầy đủ,mới,2200000.0
"27 Cách Mạng Tháng Tám, Q9",phòng trọ,cho thuê,15.0,0,cơ bản,cũ,2100000.0
"43 Xô Viết Nghệ Tĩnh, Q6",chung cư,bán,124.0,6,đầy đủ,tốt,10667700000.0
"108 Âu Cơ, Q3",phòng trọ,cho thuê,17.0,0,cơ bản,mới,2900000.0
"128 Lê Lợi, Q10",phòng trọ,cho thuê,19.0,0,đầy đủ,mới,3700000.0
"149 Lê Lợi, Q8",chung cư,bán,65.0,5,không có,mới,5027300000.0
"67 Nguyễn Trãi, Q4",văn phòng,cho thuê,495.0,7,đầy đủ,mới,1077300000.0
"70 Châu Văn Liêm, Q9",phòng trọ,cho thuê,19.0,0,cơ bản,tốt,2100000.0
"63 Hải Thượng Lãn Ông, Q2",phòng trọ,cho thuê,17.0,0,đầy đủ,mới,3200000.0
"102 Nguyễn Trãi, Q9",phòng trọ,cho thuê,14.0,0,cơ bản,tốt,1500000.0
"48 Châu Văn Liêm, Q1",chung cư,bán,75.0,2,cơ bản,mới,3342400000.0
"68 Nguyễn Văn Linh, Q5",chung cư,bán,75.0,11,cơ bản,cũ,4960700000.0
"103 Đồng Khởi, Q7",phòng trọ,cho thuê,14.0,0,không có,tốt,1100000.0
"20 Nguyễn Thị Minh Khai, Q6",phòng trọ,cho thuê,17.0,0,không có,mới,1000000.0
"25 Nguyễn Trãi, Q2",phòng trọ,cho thuê,10.0,0,cơ bản,tốt,1200000.0
"20 Pasteur, Q7",nhà nguyên căn,bán,43.0,4,đầy đủ,tốt,6864300000.0
"121 Bùi Viện, Q8",phòng trọ,cho thuê,14.0,0,không có,mới,1000000.0
"4 Nguyễn Thị Minh Khai, Q5",nhà nguyên căn,bán,28.0,5,đầy đủ,mới,6496500000.0
"148 Trần Hưng Đạo, Q1",phòng trọ,cho thuê,20.0,0,không có,mới,2500000.0
"161 Lý Tự Trọng, Q1",phòng trọ,cho thuê,15.0,0,không có,tốt,1200000.0
"196 Hai Bà Trưng, Q7",phòng trọ,cho thuê,9.0,0,cơ bản,cũ,900000.0
"175 Nguyễn Huệ, Q1",nhà nguyên căn,cho thuê,36.0,1,cơ bản,cũ,6600000.0
"137 Lạc Long Quân, Q4",chung cư,bán,90.0,11,cơ bản,mới,5161300000.0
"32 Quách Thị Trang, Q4",phòng trọ,cho thuê,16.0,0,không có,tốt,1800000.0
"122 Lê Duẩn, Q5",phòng trọ,cho thuê,20.0,0,không có,tốt,2300000.0
"22 Mai Chí Thọ, Q6",nhà nguyên căn,cho thuê,29.0,2,đầy đủ,cũ,8800000.0
"186 Nam Kỳ Khởi Nghĩa, Q10",phòng trọ,cho thuê,9.0,0,cơ bản,cũ,1300000.0
"139 Lý Tự Trọng, Q7",chung cư,bán,70.0,9,cơ bản,tốt,2680500000.0
"144 Quốc tế, Q10",chung cư,bán,120.0,7,đầy đủ,mới,9483900000.0
"84 Đồng Khởi, Q5",phòng trọ,cho thuê,17.0,0,cơ bản,cũ,1900000.0
"178 Pasteur, Q8",phòng trọ,cho thuê,9.0,0,đầy đủ,cũ,1000000.0
"129 Lũy Bán Bích, Q9",phòng trọ,cho thuê,9.0,0,đầy đủ,tốt,1100000.0
"85 Nguyễn Trãi, Q9",phòng trọ,cho thuê,12.0,0,không có,cũ,1000000.0
"61 Rừng Sác, Q7",chung cư,bán,75.0,3,cơ bản,tốt,2688700000.0
"15 Nguyễn Hữu Cảnh, Q9",phòng trọ,cho thuê,19.0,0,đầy đủ,mới,1600000.0
"43 Pasteur, Q5",nhà nguyên căn,bán,36.0,2,không có,tốt,4281600000.0
"41 Hai Bà Trưng, Q9",phòng trọ,cho thuê,15.0,0,không có,tốt,1300000.0
"84 CMT8, Q3",chung cư,cho thuê,120.0,9,đầy đủ,cũ,9900000.0
"192 Mai Chí Thọ, Q10",phòng trọ,cho thuê,15.0,0,cơ bản,tốt,2200000.0
"125 Tôn Đức Thắng, Q4",phòng trọ,cho thuê,18.0,0,đầy đủ,mới,3200000.0
"104 Bùi Viện, Q8",phòng trọ,cho thuê,11.0,0,đầy đủ,tốt,1100000.0
"192 Nguyễn Trãi, Q8",phòng trọ,cho thuê,11.0,0,không có,cũ,1200000.0
"5 Lam Sơn, Q5",nhà nguyên căn,bán,29.0,3,không có,cũ,5787100000.0
"58 Lý Thường Kiệt, Q9",phòng trọ,cho thuê,10.0,0,đầy đủ,mới,1600000.0
"118 Đồng Khởi, Q3",phòng trọ,cho thuê,19.0,0,cơ bản,mới,1500000.0
"125 Nguyễn Văn Linh, Q2",phòng trọ,cho thuê,19.0,0,không có,mới,2000000.0
"132 Xô Viết Nghệ Tĩnh, Q7",nhà nguyên căn,bán,34.0,5,không có,tốt,7261100000.0
"99 Mai Chí Thọ, Q1",phòng trọ,cho thuê,19.0,0,không có,tốt,2100000.0
"69 Hùng Vương, Q3",phòng trọ,cho thuê,15.0,0,không có,tốt,1300000.0
"189 Lý Thường Kiệt, Q1",phòng trọ,cho thuê,16.0,0,cơ bản,cũ,1900000.0
"190 Nguyễn Trãi, Q9",phòng trọ,cho thuê,13.0,0,đầy đủ,mới,2000000.0
"33 Tôn Đức Thắng, Q1",phòng trọ,cho thuê,18.0,0,cơ bản,tốt,2000000.0
"116 Nam Kỳ Khởi Nghĩa, Q3",phòng trọ,cho thuê,17.0,0,không có,cũ,900000.0
"8 Hàm Nghi, Q7",chung cư,cho thuê,124.0,8,không có,tốt,6900000.0
"100 Lý Tự Trọng, Q7",phòng trọ,cho thuê,11.0,0,đầy đủ,mới,1500000.0
"97 Lê Duẩn, Q3",phòng trọ,cho thuê,12.0,0,đầy đủ,tốt,2100000.0
"154 Trần Hưng Đạo, Q3",phòng trọ,cho thuê,12.0,0,không có,cũ,1800000.0
"66 Võ Nguyên Giáp, Q8",phòng trọ,cho thuê,13.0,0,không có,tốt,800000.0
"24 Hai Bà Trưng, Q9",phòng trọ,cho thuê,15.0,0,không có,cũ,2000000.0
"44 Quốc tế, Q5",chung cư,bán,84.0,11,đầy đủ,tốt,6669900000.0
"179 Âu Cơ, Q3",phòng trọ,cho thuê,17.0,0,cơ bản,cũ,2800000.0
"175 Nguyễn Trãi, Q8",phòng trọ,cho thuê,10.0,0,cơ bản,mới,800000.0
"107 Lê Lợi, Q1",phòng trọ,cho thuê,19.0,0,cơ bản,cũ,3400000.0
"76 Hai Bà Trưng, Q2",nhà nguyên căn,cho thuê,31.0,5,đầy đủ,mới,14900000.0
"108 Tôn Đức Thắng, Q4",phòng trọ,cho thuê,19.0,0,cơ bản,tốt,3000000.0
"85 Nguyễn Trãi, Q10",phòng trọ,cho thuê,16.0,0,cơ bản,mới,2100000.0
"196 Lý Tự Trọng, Q2",phòng trọ,cho thuê,12.0,0,cơ bản,mới,2000000.0
"127 Nguyễn Trãi, Q9",chung cư,bán,75.0,15,không có,tốt,2062900000.0
"99 Hải Thượng Lãn Ông, Q2",nhà nguyên căn,cho thuê,30.0,1,cơ bản,mới,3500000.0
"178 Mê Linh, Q2",chung cư,bán,70.0,14,cơ bản,tốt,2055800000.0
"138 Tôn Đức Thắng, Q1",phòng trọ,cho thuê,11.0,0,không có,cũ,1600000.0
"51 Nguyễn Văn Linh, Q6",nhà nguyên căn,bán,39.0,2,không có,mới,3556400000.0
"98 Cách Mạng Tháng Tám, Q4",phòng trọ,cho thuê,19.0,0,không có,cũ,1300000.0
"28 Nguyễn Thị Minh Khai, Q1",phòng trọ,cho thuê,19.0,0,đầy đủ,cũ,1400000.0
"55 Dân Chủ, Q5",phòng trọ,cho thuê,9.0,0,không có,mới,1600000.0
"69 Mê Linh, Q7",phòng trọ,cho thuê,16.0,0,đầy đủ,tốt,2800000.0
"160 Lê Lợi, Q6",phòng trọ,cho thuê,16.0,0,đầy đủ,mới,3000000.0
"145 Trường Chinh, Q8",phòng trọ,cho thuê,14.0,0,không có,tốt,900000.0
"130 Trần Hưng Đạo, Q4",phòng trọ,cho thuê,11.0,0,cơ bản,cũ,1100000.0
"72 Quốc tế, Q6",chung cư,bán,120.0,11,cơ bản,mới,8937100000.0
"76 Lý Thường Kiệt, Q2",phòng trọ,cho thuê,9.0,0,không có,tốt,1000000.0
"129 Hai Bà Trưng, Q4",phòng trọ,cho thuê,12.0,0,cơ bản,tốt,1000000.0
"152 Nguyễn Huệ, Q6",phòng trọ,cho thuê,14.0,0,đầy đủ,mới,1700000.0
"90 Lam Sơn, Q1",phòng trọ,cho thuê,20.0,0,không có,cũ,1500000.0
"82 Hải Thượng Lãn Ông, Q2",phòng trọ,cho thuê,20.0,0,đầy đủ,tốt,1500000.0
"97 Cách Mạng Tháng Tám, Q7",chung cư,cho thuê,84.0,16,cơ bản,tốt,4500000.0
"41 Bùi Viện, Q5",phòng trọ,cho thuê,11.0,0,không có,tốt,1800000.0
"113 Lý Thường Kiệt, Q1",phòng trọ,cho thuê,13.0,0,đầy đủ,tốt,1100000.0
"96 Lý Thường Kiệt, Q8",phòng trọ,cho thuê,18.0,0,không có,cũ,1200000.0
"190 Lê Duẩn, Q1",nhà nguyên căn,bán,32.0,1,đầy đủ,tốt,1088700000.0
"191 Phạm Ngũ Lão, Q3",chung cư,cho thuê,90.0,10,không có,cũ,14500000.0
"127 Lý Thường Kiệt, Q7",phòng trọ,cho thuê,16.0,0,cơ bản,tốt,2600000.0
"48 Lạc Long Quân, Q10",phòng trọ,cho thuê,16.0,0,cơ bản,mới,2000000.0
"147 Nguyễn Thị Minh Khai, Q7",phòng trọ,cho thuê,12.0,0,đầy đủ,tốt,800000.0
"106 Lý Tự Trọng, Q5",nhà nguyên căn,cho thuê,36.0,5,cơ bản,tốt,18100000.0
"140 Bùi Viện, Q8",phòng trọ,cho thuê,16.0,0,đầy đủ,tốt,2100000.0
"194 Châu Văn Liêm, Q9",phòng trọ,cho thuê,15.0,0,đầy đủ,mới,2500000.0
"193 Hùng Vương, Q10",nhà nguyên căn,cho thuê,42.0,3,cơ bản,tốt,11000000.0
"155 Công xã Paris, Q3",nhà nguyên căn,cho thuê,34.0,1,không có,mới,4400000.0
"43 Nguyễn Văn Linh, Q6",phòng trọ,cho thuê,11.0,0,cơ bản,cũ,1500000.0
"28 Nguyễn Huệ, Q2",phòng trọ,cho thuê,11.0,0,không có,cũ,1300000.0
"113 Trần Hưng Đạo, Q4",phòng trọ,cho thuê,12.0,0,cơ bản,mới,1400000.0
"62 Hai Bà Trưng, Q8",phòng trọ,cho thuê,9.0,0,cơ bản,tốt,1400000.0
"199 Phạm Ngũ Lão, Q4",phòng trọ,cho thuê,15.0,0,đầy đủ,mới,2900000.0
"83 Nguyễn Văn Linh, Q7",phòng trọ,cho thuê,10.0,0,đầy đủ,cũ,1700000.0
"117 Võ Chí Công, Q2",chung cư,bán,84.0,20,cơ bản,mới,2205000000.0
"76 Lạc Long Quân, Q8",phòng trọ,cho thuê,14.0,0,cơ bản,mới,1200000.0
"30 Trường Chinh, Q9",phòng trọ,cho thuê,11.0,0,không có,cũ,1000000.0
"44 Lạc Long Quân, Q6",phòng trọ,cho thuê,14.0,0,không có,mới,900000.0
"45 Quốc tế, Q8",nhà nguyên căn,cho thuê,44.0,3,cơ bản,mới,14800000.0
"200 Lũy Bán Bích, Q10",phòng trọ,cho thuê,12.0,0,cơ bản,cũ,1600000.0
"47 Hùng Vương, Q2",phòng trọ,cho thuê,20.0,0,không có,cũ,1800000.0
"20 Xô Viết Nghệ Tĩnh, Q5",nhà nguyên căn,bán,40.0,5,không có,tốt,15958000000.0
"73 Cách Mạng Tháng Tám, Q5",chung cư,cho thuê,84.0,11,cơ bản,cũ,5300000.0
"180 Võ Nguyên Giáp, Q9",phòng trọ,cho thuê,20.0,0,cơ bản,mới,3300000.0
"147 Nguyễn Thị Minh Khai, Q5",chung cư,bán,75.0,11,đầy đủ,mới,4986300000.0
"49 Võ Chí Công, Q1",chung cư,bán,90.0,7,đầy đủ,mới,6174300000.0
"77 Lý Thường Kiệt, Q9",phòng trọ,cho thuê,16.0,0,không có,mới,2400000.0
"51 Trường Chinh, Q1",phòng trọ,cho thuê,13.0,0,đầy đủ,mới,2100000.0
"46 Võ Nguyên Giáp, Q6",phòng trọ,cho thuê,18.0,0,không có,mới,1100000.0
"198 Hùng Vương, Q6",phòng trọ,cho thuê,18.0,0,cơ bản,tốt,2600000.0
"56 Cách Mạng Tháng Tám, Q9",phòng trọ,cho thuê,17.0,0,không có,tốt,1400000.0
"109 Xô Viết Nghệ Tĩnh, Q10",phòng trọ,cho thuê,17.0,0,không có,cũ,1200000.0
"60 Hai Bà Trưng, Q4",phòng trọ,cho thuê,14.0,0,đầy đủ,mới,2200000.0
"52 Nguyễn Huệ, Q3",phòng trọ,cho thuê,15.0,0,đầy đủ,tốt,2800000.0
"193 Nguyễn Huệ, Q9",nhà nguyên căn,cho thuê,43.0,1,cơ bản,cũ,5600000.0
"87 Nguyễn Trãi, Q3",phòng trọ,cho thuê,10.0,0,đầy đủ,mới,1100000.0
"140 Nam Kỳ Khởi Nghĩa, Q1",phòng trọ,cho thuê,17.0,0,không có,cũ,2500000.0
"109 Võ Nguyên Giáp, Q5",chung cư,bán,120.0,9,không có,cũ,9133700000.0
"52 Bùi Viện, Q6",văn phòng,bán,205.0,11,đầy đủ,mới,14904300000.0
"42 Nam Kỳ Khởi Nghĩa, Q4",phòng trọ,cho thuê,18.0,0,cơ bản,cũ,1900000.0
"191 Phạm Ngũ Lão, Q4",phòng trọ,cho thuê,14.0,0,cơ bản,mới,1600000.0
"57 CMT8, Q8",phòng trọ,cho thuê,15.0,0,không có,mới,1900000.0
"106 Võ Chí Công, Q4",văn phòng,cho thuê,390.0,11,không có,tốt,515300000.0
"16 Mê Linh, Q5",phòng trọ,cho thuê,17.0,0,đầy đủ,cũ,1700000.0
"60 Lý Thường Kiệt, Q9",phòng trọ,cho thuê,15.0,0,không có,mới,2500000.0
"88 Võ Nguyên Giáp, Q1",phòng trọ,cho thuê,12.0,0,đầy đủ,mới,2000000.0
"126 Nam Kỳ Khởi Nghĩa, Q5",phòng trọ,cho thuê,20.0,0,đầy đủ,cũ,1600000.0
"150 Công xã Paris, Q2",nhà nguyên căn,bán,40.0,1,đầy đủ,cũ,2354100000.0
"35 Nguyễn Huệ, Q3",nhà nguyên căn,bán,27.0,4,đầy đủ,cũ,7652100000.0
"73 Lê Văn Duyệt, Q1",phòng trọ,cho thuê,20.0,0,đầy đủ,cũ,3200000.0
"61 Tôn Đức Thắng, Q4",văn phòng,cho thuê,480.0,12,cơ bản,mới,918600000.0
"14 Nguyễn Văn Linh, Q7",phòng trọ,cho thuê,14.0,0,đầy đủ,cũ,1200000.0
"1 Lê Văn Duyệt, Q10",phòng trọ,cho thuê,9.0,0,đầy đủ,cũ,1600000.0
"145 Cách Mạng Tháng Tám, Q9",phòng trọ,cho thuê,16.0,0,không có,mới,1900000.0
"76 Lê Văn Duyệt, Q7",chung cư,bán,84.0,19,cơ bản,cũ,3887700000.0
"92 Mai Chí Thọ, Q7",phòng trọ,cho thuê,14.0,0,đầy đủ,cũ,1300000.0
"5 Hải Thượng Lãn Ông, Q7",phòng trọ,cho thuê,20.0,0,đầy đủ,mới,3900000.0
"119 Hàm Nghi, Q7",phòng trọ,cho thuê,18.0,0,cơ bản,mới,3400000.0
"131 Lũy Bán Bích, Q10",nhà nguyên căn,cho thuê,36.0,5,đầy đủ,mới,20400000.0
"55 CMT8, Q4",phòng trọ,cho thuê,20.0,0,cơ bản,tốt,1200000.0
"101 Trường Chinh, Q9",phòng trọ,cho thuê,19.0,0,không có,mới,2400000.0
"116 Mai Chí Thọ, Q3",chung cư,bán,124.0,17,đầy đủ,cũ,4294500000.0
"23 Xô Viết Nghệ Tĩnh, Q9",phòng trọ,cho thuê,11.0,0,cơ bản,mới,1500000.0
"101 Hải Thượng Lãn Ông, Q2",phòng trọ,cho thuê,9.0,0,đầy đủ,mới,1600000.0
"200 Âu Cơ, Q5",văn phòng,cho thuê,460.0,19,đầy đủ,cũ,865700000.0
"60 Bùi Viện, Q5",phòng trọ,cho thuê,17.0,0,không có,cũ,1700000.0
"93 Châu Văn Liêm, Q8",văn phòng,cho thuê,375.0,8,cơ bản,mới,381700000.0
"51 Nguyễn Huệ, Q6",phòng trọ,cho thuê,11.0,0,đầy đủ,cũ,1100000.0
"66 Hùng Vương, Q9",phòng trọ,cho thuê,13.0,0,không có,mới,1800000.0
"87 Cách Mạng Tháng Tám, Q5",văn phòng,cho thuê,595.0,15,không có,mới,750900000.0
"8 Phạm Văn Đồng, Q2",phòng trọ,cho thuê,16.0,0,không có,cũ,1500000.0
"28 Quách Thị Trang, Q9",phòng trọ,cho thuê,13.0,0,đầy đủ,tốt,1300000.0
"26 Trường Chinh, Q1",nhà nguyên căn,cho thuê,38.0,5,đầy đủ,tốt,29100000.0
"118 Hùng Vương, Q2",phòng trọ,cho thuê,13.0,0,cơ bản,tốt,2000000.0
"139 Trần Hưng Đạo, Q3",phòng trọ,cho thuê,10.0,0,đầy đủ,tốt,1700000.0
"184 Công xã Paris, Q7",phòng trọ,cho thuê,14.0,0,đầy đủ,tốt,1800000.0
"116 Bùi Viện, Q2",phòng trọ,cho thuê,10.0,0,cơ bản,cũ,700000.0
"124 Nguyễn Huệ, Q3",phòng trọ,cho thuê,13.0,0,đầy đủ,mới,2500000.0
"57 Võ Nguyên Giáp, Q5",phòng trọ,cho thuê,18.0,0,đầy đủ,mới,2700000.0
"67 CMT8, Q2",nhà nguyên căn,bán,45.0,3,cơ bản,mới,10137500000.0
"47 Nguyễn Huệ, Q2",phòng trọ,cho thuê,11.0,0,đầy đủ,mới,1900000.0
"113 Phạm Ngũ Lão, Q5",phòng trọ,cho thuê,19.0,0,cơ bản,mới,1400000.0
"158 CMT8, Q5",phòng trọ,cho thuê,13.0,0,đầy đủ,tốt,1100000.0
"193 Công xã Paris, Q9",nhà nguyên căn,bán,37.0,4,không có,cũ,4238000000.0
"68 Lý Tự Trọng, Q7",phòng trọ,cho thuê,10.0,0,cơ bản,cũ,800000.0
"110 Hùng Vương, Q7",phòng trọ,cho thuê,9.0,0,không có,cũ,500000.0
"174 Xô Viết Nghệ Tĩnh, Q8",nhà nguyên căn,bán,39.0,1,không có,tốt,1054300000.0
"185 Đồng Khởi, Q4",phòng trọ,cho thuê,16.0,0,cơ bản,cũ,1700000.0
"50 CMT8, Q2",phòng trọ,cho thuê,19.0,0,không có,mới,2200000.0
"179 Lê Lợi, Q2",phòng trọ,cho thuê,20.0,0,cơ bản,mới,3400000.0
"44 Phạm Văn Đồng, Q2",văn phòng,cho thuê,590.0,4,đầy đủ,tốt,340500000.0
"32 Phạm Văn Đồng, Q3",phòng trọ,cho thuê,20.0,0,cơ bản,cũ,1200000.0
"148 Bùi Viện, Q5",phòng trọ,cho thuê,12.0,0,không có,cũ,1000000.0
"186 Nguyễn Văn Linh, Q6",phòng trọ,cho thuê,13.0,0,không có,tốt,1800000.0
"188 Lê Lợi, Q7",phòng trọ,cho thuê,20.0,0,đầy đủ,cũ,1700000.0
"115 Lê Văn Duyệt, Q10",phòng trọ,cho thuê,10.0,0,đầy đủ,tốt,800000.0
"65 Võ Nguyên Giáp, Q6",phòng trọ,cho thuê,16.0,0,cơ bản,tốt,1300000.0
"188 CMT8, Q10",phòng trọ,cho thuê,10.0,0,đầy đủ,tốt,900000.0
"138 Nguyễn Hữu Cảnh, Q1",văn phòng,bán,530.0,2,cơ bản,cũ,41780300000.0
"189 Pasteur, Q10",phòng trọ,cho thuê,20.0,0,cơ bản,mới,3300000.0
"77 Lạc Long Quân, Q3",phòng trọ,cho thuê,20.0,0,cơ bản,mới,1900000.0
"25 Pasteur, Q10",phòng trọ,cho thuê,9.0,0,cơ bản,mới,1500000.0
"104 Hùng Vương, Q8",nhà nguyên căn,cho thuê,35.0,4,đầy đủ,cũ,15000000.0
"170 Nguyễn Trãi, Q2",phòng trọ,cho thuê,16.0,0,cơ bản,mới,1000000.0
"3 Lê Lợi, Q5",phòng trọ,cho thuê,16.0,0,không có,tốt,1100000.0
"124 Đồng Khởi, Q5",nhà nguyên căn,bán,38.0,1,cơ bản,mới,2649200000.0
"27 Lê Duẩn, Q9",phòng trọ,cho thuê,15.0,0,đầy đủ,mới,1400000.0
"191 Nguyễn Hữu Cảnh, Q5",phòng trọ,cho thuê,17.0,0,đầy đủ,cũ,1700000.0
"77 Phạm Văn Đồng, Q10",phòng trọ,cho thuê,9.0,0,cơ bản,mới,1200000.0
"141 Nguyễn Hữu Cảnh, Q3",phòng trọ,cho thuê,17.0,0,cơ bản,cũ,1700000.0
"47 Công xã Paris, Q2",phòng trọ,cho thuê,15.0,0,cơ bản,tốt,900000.0
"174 Nguyễn Văn Linh, Q7",nhà nguyên căn,bán,34.0,1,cơ bản,tốt,2557600000.0
"122 Nguyễn Trãi, Q6",phòng trọ,cho thuê,12.0,0,đầy đủ,tốt,1300000.0
"87 Cách Mạng Tháng Tám, Q2",phòng trọ,cho thuê,14.0,0,không có,tốt,1200000.0
"45 Hai Bà Trưng, Q3",phòng trọ,cho thuê,16.0,0,đầy đủ,tốt,2800000.0
"140 Xô Viết Nghệ Tĩnh, Q8",phòng trọ,cho thuê,11.0,0,cơ bản,tốt,1700000.0
"27 Lê Duẩn, Q4",phòng trọ,cho thuê,11.0,0,đầy đủ,tốt,700000.0
"165 Võ Nguyên Giáp, Q9",phòng trọ,cho thuê,11.0,0,cơ bản,tốt,1600000.0
"111 Lê Văn Duyệt, Q1",phòng trọ,cho thuê,14.0,0,không có,tốt,2200000.0
"107 Đồng Khởi, Q5",phòng trọ,cho thuê,9.0,0,đầy đủ,cũ,900000.0
"140 Trường Chinh, Q2",phòng trọ,cho thuê,15.0,0,không có,cũ,1700000.0
"190 Nguyễn Hữu Cảnh, Q6",phòng trọ,cho thuê,20.0,0,cơ bản,mới,3600000.0
"198 Công xã Paris, Q6",phòng trọ,cho thuê,10.0,0,đầy đủ,cũ,1000000.0
"175 Lạc Long Quân, Q7",phòng trọ,cho thuê,11.0,0,không có,mới,1100000.0
"71 Lũy Bán Bích, Q4",chung cư,cho thuê,65.0,11,không có,tốt,8400000.0
"157 Nguyễn Thị Minh Khai, Q6",nhà nguyên căn,cho thuê,37.0,4,cơ bản,cũ,12700000.0
"59 Xô Viết Nghệ Tĩnh, Q2",chung cư,bán,70.0,1,không có,mới,5516000000.0
"134 Võ Chí Công, Q7",phòng trọ,cho thuê,19.0,0,không có,tốt,1000000.0
"4 Nguyễn Huệ, Q5",văn phòng,bán,160.0,5,đầy đủ,cũ,5100300000.0
"67 Nguyễn Văn Linh, Q6",văn phòng,cho thuê,525.0,7,cơ bản,tốt,979400000.0
"102 Nguyễn Thị Minh Khai, Q7",chung cư,bán,120.0,15,đầy đủ,cũ,6864900000.0
"47 Quách Thị Trang, Q9",phòng trọ,cho thuê,16.0,0,cơ bản,mới,1900000.0
"185 Âu Cơ, Q1",chung cư,cho thuê,75.0,18,không có,tốt,8900000.0
"94 Nguyễn Hữu Cảnh, Q3",văn phòng,bán,285.0,3,đầy đủ,tốt,10451100000.0
"5 Nguyễn Trãi, Q7",nhà nguyên căn,bán,43.0,1,cơ bản,tốt,1310300000.0
"62 Trần Hưng Đạo, Q6",nhà nguyên căn,bán,39.0,2,đầy đủ,tốt,4289100000.0
"35 Pasteur, Q7",phòng trọ,cho thuê,16.0,0,đầy đủ,cũ,2400000.0
"86 Mai Chí Thọ, Q5",văn phòng,cho thuê,575.0,17,cơ bản,cũ,457500000.0
"2 Nguyễn Hữu Cảnh, Q3",phòng trọ,cho thuê,19.0,0,không có,mới,3500000.0
"70 Cách Mạng Tháng Tám, Q2",nhà nguyên căn,cho thuê,36.0,1,đầy đủ,mới,4400000.0
"39 Công xã Paris, Q7",phòng trọ,cho thuê,10.0,0,cơ bản,cũ,1000000.0
"86 CMT8, Q2",phòng trọ,cho thuê,16.0,0,đầy đủ,mới,2000000.0
"132 Phạm Ngũ Lão, Q5",phòng trọ,cho thuê,17.0,0,không có,cũ,1600000.0
"75 Nguyễn Thị Minh Khai, Q7",phòng trọ,cho thuê,11.0,0,cơ bản,tốt,1500000.0
"120 Lý Thường Kiệt, Q6",nhà nguyên căn,bán,28.0,3,đầy đủ,mới,7277100000.0
"136 Rừng Sác, Q9",phòng trọ,cho thuê,13.0,0,đầy đủ,cũ,2200000.0
"47 Rừng Sác, Q10",phòng trọ,cho thuê,20.0,0,đầy đủ,cũ,3300000.0
"1 Võ Nguyên Giáp, Q10",nhà nguyên căn,bán,39.0,4,cơ bản,mới,9391700000.0
"107 Nguyễn Hữu Cảnh, Q3",phòng trọ,cho thuê,10.0,0,không có,mới,1900000.0
"103 Âu Cơ, Q8",phòng trọ,cho thuê,17.0,0,đầy đủ,cũ,2000000.0
"96 Rừng Sác, Q1",phòng trọ,cho thuê,12.0,0,cơ bản,mới,2100000.0
"170 Trần Hưng Đạo, Q4",nhà nguyên căn,cho thuê,38.0,2,đầy đủ,mới,8300000.0
"138 Hai Bà Trưng, Q1",phòng trọ,cho thuê,13.0,0,không có,tốt,1500000.0
"107 Võ Chí Công, Q3",phòng trọ,cho thuê,14.0,0,đầy đủ,mới,1900000.0
"5 CMT8, Q3",phòng trọ,cho thuê,16.0,0,không có,tốt,2700000.0
"99 Lũy Bán Bích, Q3",phòng trọ,cho thuê,16.0,0,cơ bản,mới,1100000.0
"18 Pasteur, Q7",phòng trọ,cho thuê,9.0,0,đầy đủ,cũ,1100000.0
"101 Phạm Văn Đồng, Q5",phòng trọ,cho thuê,20.0,0,đầy đủ,cũ,3400000.0
"96 Rừng Sác, Q7",chung cư,bán,90.0,13,cơ bản,cũ,1842800000.0
"130 Xô Viết Nghệ Tĩnh, Q3",phòng trọ,cho thuê,13.0,0,cơ bản,tốt,900000.0
"198 Lê Lợi, Q2",phòng trọ,cho thuê,20.0,0,cơ bản,mới,3400000.0
"80 Dân Chủ, Q4",nhà nguyên căn,cho thuê,38.0,1,đầy đủ,mới,6700000.0
"83 Công xã Paris, Q4",phòng trọ,cho thuê,11.0,0,cơ bản,tốt,1500000.0
"196 Âu Cơ, Q10",phòng trọ,cho thuê,14.0,0,đầy đủ,mới,2300000.0
"67 Hải Thượng Lãn Ông, Q6",nhà nguyên căn,bán,44.0,3,cơ bản,tốt,4297500000.0
"108 Dân Chủ, Q9",phòng trọ,cho thuê,18.0,0,không có,mới,1500000.0
"42 Rừng Sác, Q2",phòng trọ,cho thuê,14.0,0,cơ bản,tốt,2000000.0
"123 Pasteur, Q7",phòng trọ,cho thuê,10.0,0,không có,tốt,1200000.0
"57 Lý Thường Kiệt, Q2",phòng trọ,cho thuê,17.0,0,không có,mới,2600000.0
"63 Trường Chinh, Q9",phòng trọ,cho thuê,12.0,0,đầy đủ,cũ,900000.0
"115 Trường Chinh, Q2",nhà nguyên căn,bán,29.0,2,cơ bản,mới,4089000000.0
"85 Lam Sơn, Q7",phòng trọ,cho thuê,12.0,0,đầy đủ,cũ,800000.0
"155 Rừng Sác, Q5",văn phòng,cho thuê,590.0,18,không có,mới,891500000.0
"191 Hai Bà Trưng, Q6",nhà nguyên căn,bán,31.0,1,đầy đủ,mới,1485300000.0
"180 Phạm Ngũ Lão, Q7",nhà nguyên căn,cho thuê,30.0,1,cơ bản,mới,4800000.0
"166 Xô Viết Nghệ Tĩnh, Q10",phòng trọ,cho thuê,19.0,0,đầy đủ,mới,3200000.0
"133 Phạm Văn Đồng, Q5",chung cư,bán,84.0,20,không có,tốt,2883100000.0
"28 Trần Hưng Đạo, Q6",phòng trọ,cho thuê,10.0,0,cơ bản,tốt,1100000.0
"27 Hai Bà Trưng, Q6",nhà nguyên căn,cho thuê,40.0,5,đầy đủ,cũ,29000000.0
"18 Lạc Long Quân, Q3",phòng trọ,cho thuê,11.0,0,đầy đủ,tốt,1500000.0
"22 Lê Văn Duyệt, Q3",nhà nguyên căn,cho thuê,37.0,3,không có,mới,17400000.0
"184 Xô Viết Nghệ Tĩnh, Q7",phòng trọ,cho thuê,13.0,0,không có,mới,1600000.0
"159 Âu Cơ, Q6",phòng trọ,cho thuê,19.0,0,đầy đủ,tốt,1600000.0
"174 Hùng Vương, Q10",phòng trọ,cho thuê,17.0,0,không có,cũ,2300000.0
"93 Mai Chí Thọ, Q10",văn phòng,cho thuê,355.0,4,đầy đủ,mới,821300000.0
"98 Trường Chinh, Q7",phòng trọ,cho thuê,14.0,0,cơ bản,mới,900000.0
"60 Xô Viết Nghệ Tĩnh, Q5",phòng trọ,cho thuê,13.0,0,đầy đủ,tốt,1600000.0
"103 Hai Bà Trưng, Q3",chung cư,bán,124.0,14,không có,tốt,8494500000.0
"32 Hai Bà Trưng, Q7",nhà nguyên căn,cho thuê,32.0,2,đầy đủ,cũ,8400000.0
"37 Âu Cơ, Q6",phòng trọ,cho thuê,12.0,0,không có,tốt,1200000.0
"132 Rừng Sác, Q6",phòng trọ,cho thuê,11.0,0,đầy đủ,tốt,800000.0
"60 Nguyễn Thị Minh Khai, Q2",phòng trọ,cho thuê,13.0,0,không có,tốt,1200000.0
"163 Phạm Ngũ Lão, Q7",phòng trọ,cho thuê,14.0,0,đầy đủ,mới,2700000.0
"32 Hùng Vương, Q6",phòng trọ,cho thuê,12.0,0,cơ bản,cũ,1600000.0
"99 Tôn Đức Thắng, Q7",phòng trọ,cho thuê,10.0,0,không có,mới,1100000.0
"143 Cách Mạng Tháng Tám, Q1",nhà nguyên căn,cho thuê,45.0,1,cơ bản,tốt,4200000.0
"116 Xô Viết Nghệ Tĩnh, Q2",phòng trọ,cho thuê,9.0,0,cơ bản,mới,700000.0
"154 Lê Duẩn, Q1",phòng trọ,cho thuê,14.0,0,không có,cũ,900000.0
"184 Võ Nguyên Giáp, Q3",phòng trọ,cho thuê,9.0,0,cơ bản,cũ,1100000.0
"155 Hải Thượng Lãn Ông, Q6",phòng trọ,cho thuê,15.0,0,đầy đủ,mới,2000000.0
"126 Đồng Khởi, Q5",phòng trọ,cho thuê,15.0,0,không có,tốt,2100000.0
"102 Võ Chí Công, Q2",phòng trọ,cho thuê,15.0,0,cơ bản,mới,2100000.0
"173 Lê Lợi, Q7",nhà nguyên căn,bán,38.0,2,đầy đủ,tốt,5890200000.0
"117 Trần Hưng Đạo, Q6",nhà nguyên căn,cho thuê,27.0,4,đầy đủ,mới,15400000.0
"132 Nguyễn Văn Linh, Q4",phòng trọ,cho thuê,19.0,0,không có,mới,2200000.0
"130 Lý Tự Trọng, Q6",phòng trọ,cho thuê,9.0,0,không có,tốt,1100000.0
"173 Phạm Văn Đồng, Q5",phòng trọ,cho thuê,14.0,0,cơ bản,cũ,2400000.0
"184 Lê Lợi, Q8",phòng trọ,cho thuê,12.0,0,không có,cũ,1600000.0
"55 Hai Bà Trưng, Q5",nhà nguyên căn,bán,31.0,1,cơ bản,tốt,2586000000.0
"58 Pasteur, Q8",phòng trọ,cho thuê,19.0,0,đầy đủ,mới,3700000.0
"15 Hai Bà Trưng, Q7",phòng trọ,cho thuê,19.0,0,cơ bản,mới,2500000.0
"39 Trường Chinh, Q2",phòng trọ,cho thuê,18.0,0,đầy đủ,tốt,2300000.0
"96 Âu Cơ, Q2",phòng trọ,cho thuê,12.0,0,cơ bản,tốt,1800000.0
"58 Lê Duẩn, Q2",phòng trọ,cho thuê,14.0,0,không có,mới,1400000.0
"115 Rừng Sác, Q6",phòng trọ,cho thuê,17.0,0,đầy đủ,mới,3200000.0
"167 Phạm Văn Đồng, Q3",phòng trọ,cho thuê,13.0,0,cơ bản,tốt,1300000.0
"5 Lý Tự Trọng, Q8",phòng trọ,cho thuê,20.0,0,không có,cũ,1800000.0
"147 Tôn Đức Thắng, Q6",phòng trọ,cho thuê,9.0,0,cơ bản,mới,900000.0
"12 Mê Linh, Q9",chung cư,bán,70.0,20,cơ bản,tốt,4559100000.0
"25 Âu Cơ, Q7",phòng trọ,cho thuê,9.0,0,cơ bản,cũ,500000.0
"120 Xô Viết Nghệ Tĩnh, Q10",văn phòng,cho thuê,275.0,2,cơ bản,mới,314900000.0
"184 Võ Chí Công, Q9",chung cư,bán,70.0,15,không có,tốt,2130700000.0
"108 Hàm Nghi, Q2",nhà nguyên căn,cho thuê,29.0,3,cơ bản,cũ,7500000.0
"140 Nguyễn Huệ, Q3",chung cư,bán,84.0,5,không có,mới,3337600000.0
"135 Nam Kỳ Khởi Nghĩa, Q7",nhà nguyên căn,cho thuê,43.0,1,đầy đủ,cũ,3100000.0
"24 Quốc tế, Q4",phòng trọ,cho thuê,9.0,0,cơ bản,mới,1300000.0
"24 Nguyễn Huệ, Q5",phòng trọ,cho thuê,15.0,0,cơ bản,cũ,2600000.0
"86 Mê Linh, Q10",phòng trọ,cho thuê,15.0,0,cơ bản,mới,2100000.0
"51 Xô Viết Nghệ Tĩnh, Q6",phòng trọ,cho thuê,14.0,0,đầy đủ,mới,2400000.0
"80 Châu Văn Liêm, Q7",nhà nguyên căn,cho thuê,30.0,2,cơ bản,cũ,4800000.0
"190 Võ Chí Công, Q2",phòng trọ,cho thuê,17.0,0,không có,cũ,2300000.0
"127 Hai Bà Trưng, Q10",phòng trọ,cho thuê,17.0,0,không có,tốt,1300000.0
"35 Hai Bà Trưng, Q1",phòng trọ,cho thuê,17.0,0,không có,tốt,1200000.0
"162 Quách Thị Trang, Q5",phòng trọ,cho thuê,19.0,0,đầy đủ,tốt,2800000.0
"188 Võ Chí Công, Q3",chung cư,cho thuê,90.0,11,cơ bản,mới,6500000.0
"113 Mai Chí Thọ, Q5",phòng trọ,cho thuê,20.0,0,cơ bản,tốt,2800000.0
"78 Quốc tế, Q2",phòng trọ,cho thuê,15.0,0,không có,cũ,900000.0
"86 Hải Thượng Lãn Ông, Q6",nhà nguyên căn,cho thuê,35.0,5,cơ bản,cũ,13700000.0
"77 Võ Chí Công, Q7",nhà nguyên căn,bán,35.0,2,đầy đủ,mới,4241300000.0
"69 Lũy Bán Bích, Q7",phòng trọ,cho thuê,13.0,0,đầy đủ,tốt,1500000.0
"103 Hùng Vương, Q6",phòng trọ,cho thuê,19.0,0,đầy đủ,cũ,2600000.0
"77 Lê Văn Duyệt, Q3",phòng trọ,cho thuê,11.0,0,đầy đủ,mới,1300000.0
"24 Lê Duẩn, Q2",phòng trọ,cho thuê,17.0,0,không có,cũ,1900000.0
"13 Võ Chí Công, Q6",nhà nguyên căn,cho thuê,33.0,2,không có,cũ,8500000.0
"132 Cách Mạng Tháng Tám, Q3",nhà nguyên căn,cho thuê,42.0,5,cơ bản,tốt,38700000.0
"185 Xô Viết Nghệ Tĩnh, Q10",phòng trọ,cho thuê,9.0,0,đầy đủ,cũ,900000.0
"121 Lê Lợi, Q5",phòng trọ,cho thuê,9.0,0,không có,cũ,1500000.0
"128 Trần Hưng Đạo, Q5",phòng trọ,cho thuê,15.0,0,không có,cũ,2500000.0
"133 Nguyễn Huệ, Q1",chung cư,bán,120.0,3,cơ bản,tốt,5579500000.0
"66 Võ Nguyên Giáp, Q7",nhà nguyên căn,cho thuê,36.0,4,cơ bản,tốt,11000000.0
"196 Cách Mạng Tháng Tám, Q2",phòng trọ,cho thuê,17.0,0,đầy đủ,cũ,1900000.0
"145 Quách Thị Trang, Q5",phòng trọ,cho thuê,17.0,0,không có,cũ,2400000.0
"32 Tôn Đức Thắng, Q4",phòng trọ,cho thuê,12.0,0,cơ bản,mới,1800000.0
"32 Hàm Nghi, Q2",phòng trọ,cho thuê,16.0,0,đầy đủ,mới,2300000.0
"109 Cách Mạng Tháng Tám, Q9",phòng trọ,cho thuê,20.0,0,đầy đủ,tốt,2000000.0
"166 Lý Tự Trọng, Q6",phòng trọ,cho thuê,14.0,0,cơ bản,mới,900000.0
"38 Lũy Bán Bích, Q1",phòng trọ,cho thuê,12.0,0,không có,tốt,1400000.0
"84 Lê Văn Duyệt, Q6",nhà nguyên căn,cho thuê,32.0,3,không có,mới,5600000.0
"184 Trần Hưng Đạo, Q2",phòng trọ,cho thuê,14.0,0,cơ bản,mới,1700000.0
"91 Lam Sơn, Q8",phòng trọ,cho thuê,11.0,0,cơ bản,tốt,900000.0
"163 Hai Bà Trưng, Q3",phòng trọ,cho thuê,9.0,0,cơ bản,cũ,600000.0
"118 Lê Văn Duyệt, Q4",chung cư,bán,65.0,11,cơ bản,mới,3840800000.0
"168 Hàm Nghi, Q10",phòng trọ,cho thuê,15.0,0,cơ bản,cũ,2100000.0
"199 Nguyễn Thị Minh Khai, Q4",chung cư,bán,124.0,1,cơ bản,mới,9133900000.0
"197 Cách Mạng Tháng Tám, Q1",phòng trọ,cho thuê,14.0,0,cơ bản,tốt,2000000.0
"151 Rừng Sác, Q6",phòng trọ,cho thuê,15.0,0,không có,mới,900000.0
"44 Đồng Khởi, Q7",nhà nguyên căn,bán,27.0,1,cơ bản,cũ,1302300000.0
"140 Nguyễn Huệ, Q4",phòng trọ,cho thuê,16.0,0,không có,cũ,2100000.0
"193 Phạm Ngũ Lão, Q8",phòng trọ,cho thuê,17.0,0,đầy đủ,mới,1300000.0
"53 Lê Văn Duyệt, Q4",phòng trọ,cho thuê,18.0,0,không có,cũ,1500000.0
"15 Tôn Đức Thắng, Q4",phòng trọ,cho thuê,11.0,0,cơ bản,tốt,1700000.0
"24 Công xã Paris, Q5",phòng trọ,cho thuê,9.0,0,cơ bản,tốt,1200000.0
"60 Nguyễn Huệ, Q5",phòng trọ,cho thuê,9.0,0,cơ bản,mới,1400000.0
"69 Nguyễn Hữu Cảnh, Q4",nhà nguyên căn,cho thuê,45.0,5,cơ bản,tốt,28800000.0
"194 Võ Nguyên Giáp, Q5",phòng trọ,cho thuê,14.0,0,cơ bản,cũ,800000.0
"16 Công xã Paris, Q3",phòng trọ,cho thuê,18.0,0,không có,cũ,1300000.0
"176 Nguyễn Huệ, Q5",văn phòng,cho thuê,175.0,11,đầy đủ,cũ,165100000.0
"183 Lý Thường Kiệt, Q2",phòng trọ,cho thuê,11.0,0,cơ bản,cũ,600000.0
"67 Nguyễn Trãi, Q3",chung cư,cho thuê,124.0,11,không có,cũ,17500000.0
"151 Xô Viết Nghệ Tĩnh, Q10",phòng trọ,cho thuê,20.0,0,cơ bản,tốt,2400000.0
"119 Trần Hưng Đạo, Q6",phòng trọ,cho thuê,18.0,0,không có,tốt,2700000.0
"189 Dân Chủ, Q4",phòng trọ,cho thuê,13.0,0,cơ bản,cũ,800000.0
"86 Mai Chí Thọ, Q10",chung cư,cho thuê,65.0,1,không có,mới,9400000.0
"106 Lê Duẩn, Q6",nhà nguyên căn,bán,43.0,2,không có,cũ,4609500000.0
"132 Đồng Khởi, Q7",phòng trọ,cho thuê,20.0,0,đầy đủ,cũ,1800000.0
"187 Lê Duẩn, Q5",nhà nguyên căn,bán,40.0,5,cơ bản,mới,15054600000.0
"130 Võ Nguyên Giáp, Q10",chung cư,cho thuê,90.0,9,cơ bản,mới,7800000.0
"178 Nguyễn Huệ, Q8",phòng trọ,cho thuê,19.0,0,đầy đủ,tốt,1300000.0
"63 Rừng Sác, Q5",văn phòng,cho thuê,305.0,6,cơ bản,mới,227000000.0
"22 Lê Lợi, Q8",nhà nguyên căn,cho thuê,38.0,5,cơ bản,tốt,27100000.0
"150 Nguyễn Văn Linh, Q6",phòng trọ,cho thuê,11.0,0,đầy đủ,tốt,1700000.0
"194 Rừng Sác, Q8",phòng trọ,cho thuê,13.0,0,cơ bản,mới,1700000.0
"118 Mê Linh, Q6",phòng trọ,cho thuê,15.0,0,cơ bản,mới,2400000.0
"62 Lạc Long Quân, Q1",phòng trọ,cho thuê,16.0,0,đầy đủ,cũ,2600000.0
"38 Nguyễn Thị Minh Khai, Q9",phòng trọ,cho thuê,10.0,0,không có,mới,1400000.0
"52 Nguyễn Hữu Cảnh, Q4",phòng trọ,cho thuê,18.0,0,cơ bản,tốt,1800000.0
"179 Phạm Văn Đồng, Q7",phòng trọ,cho thuê,10.0,0,cơ bản,tốt,1200000.0
"175 Nam Kỳ Khởi Nghĩa, Q8",chung cư,cho thuê,124.0,2,đầy đủ,mới,22900000.0
"22 Lam Sơn, Q8",phòng trọ,cho thuê,9.0,0,cơ bản,mới,1500000.0
"117 Phạm Ngũ Lão, Q8",phòng trọ,cho thuê,9.0,0,không có,tốt,1200000.0
"52 Võ Chí Công, Q4",phòng trọ,cho thuê,9.0,0,không có,tốt,700000.0
"34 Hai Bà Trưng, Q5",nhà nguyên căn,cho thuê,30.0,1,không có,mới,3800000.0
"138 Nguyễn Trãi, Q6",phòng trọ,cho thuê,18.0,0,đầy đủ,tốt,2700000.0
"158 Nam Kỳ Khởi Nghĩa, Q1",phòng trọ,cho thuê,11.0,0,đầy đủ,tốt,2100000.0
"193 Mê Linh, Q9",nhà nguyên căn,bán,41.0,2,đầy đủ,cũ,6144800000.0
"141 Nam Kỳ Khởi Nghĩa, Q8",phòng trọ,cho thuê,11.0,0,cơ bản,cũ,1600000.0
"138 Lạc Long Quân, Q10",phòng trọ,cho thuê,10.0,0,cơ bản,mới,1100000.0
"75 Nguyễn Trãi, Q1",phòng trọ,cho thuê,19.0,0,không có,tốt,3300000.0
"109 Trường Chinh, Q5",phòng trọ,cho thuê,13.0,0,đầy đủ,cũ,2700000.0
"19 Quách Thị Trang, Q7",phòng trọ,cho thuê,20.0,0,không có,cũ,2100000.0
"152 Lê Lợi, Q8",chung cư,bán,75.0,15,cơ bản,cũ,4159100000.0
"102 Mai Chí Thọ, Q8",phòng trọ,cho thuê,19.0,0,cơ bản,cũ,2200000.0
"36 Trần Hưng Đạo, Q3",phòng trọ,cho thuê,9.0,0,cơ bản,mới,1500000.0
"147 Xô Viết Nghệ Tĩnh, Q1",phòng trọ,cho thuê,9.0,0,đầy đủ,tốt,1400000.0
"58 Lạc Long Quân, Q7",văn phòng,cho thuê,425.0,9,không có,mới,334000000.0
"122 Phạm Ngũ Lão, Q3",phòng trọ,cho thuê,20.0,0,đầy đủ,mới,3500000.0
"160 Võ Nguyên Giáp, Q5",phòng trọ,cho thuê,11.0,0,đầy đủ,tốt,900000.0
"98 Nguyễn Huệ, Q8",chung cư,bán,120.0,4,đầy đủ,tốt,7017200000.0
"105 Lũy Bán Bích, Q5",phòng trọ,cho thuê,15.0,0,đầy đủ,cũ,1700000.0
"186 Phạm Ngũ Lão, Q2",phòng trọ,cho thuê,14.0,0,cơ bản,mới,1100000.0
"147 Trần Hưng Đạo, Q5",phòng trọ,cho thuê,19.0,0,đầy đủ,tốt,1700000.0
"163 Cách Mạng Tháng Tám, Q9",phòng trọ,cho thuê,16.0,0,đầy đủ,tốt,2300000.0
"92 Bùi Viện, Q1",nhà nguyên căn,bán,28.0,3,không có,tốt,2784000000.0
"58 Hải Thượng Lãn Ông, Q3",nhà nguyên căn,bán,31.0,3,không có,mới,8142400000.0
"95 Nguyễn Văn Linh, Q6",văn phòng,bán,265.0,12,cơ bản,cũ,16056600000.0
"38 Nguyễn Thị Minh Khai, Q10",phòng trọ,cho thuê,16.0,0,đầy đủ,mới,3300000.0
"51 Tôn Đức Thắng, Q4",phòng trọ,cho thuê,14.0,0,cơ bản,cũ,1100000.0
"170 Hàm Nghi, Q3",phòng trọ,cho thuê,20.0,0,không có,tốt,3500000.0
"191 Âu Cơ, Q5",phòng trọ,cho thuê,9.0,0,cơ bản,tốt,1000000.0
"150 Quốc tế, Q4",phòng trọ,cho thuê,19.0,0,đầy đủ,cũ,1700000.0
"37 Quốc tế, Q9",phòng trọ,cho thuê,12.0,0,đầy đủ,mới,1400000.0
"103 Nguyễn Văn Linh, Q10",phòng trọ,cho thuê,16.0,0,đầy đủ,tốt,3300000.0
"88 Lũy Bán Bích, Q5",phòng trọ,cho thuê,9.0,0,cơ bản,cũ,1000000.0
"169 Phạm Ngũ Lão, Q2",phòng trọ,cho thuê,10.0,0,cơ bản,tốt,700000.0
"170 Lam Sơn, Q2",chung cư,cho thuê,65.0,10,không có,cũ,4300000.0
"80 Hàm Nghi, Q6",phòng trọ,cho thuê,18.0,0,cơ bản,cũ,1200000.0
"25 Lê Văn Duyệt, Q6",phòng trọ,cho thuê,13.0,0,đầy đủ,tốt,1200000.0
"190 Trần Hưng Đạo, Q6",phòng trọ,cho thuê,12.0,0,cơ bản,cũ,1700000.0
"11 Lý Thường Kiệt, Q8",phòng trọ,cho thuê,15.0,0,đầy đủ,cũ,1100000.0
"178 Quách Thị Trang, Q1",chung cư,cho thuê,120.0,8,đầy đủ,cũ,21700000.0
"153 Nguyễn Huệ, Q8",phòng trọ,cho thuê,19.0,0,đầy đủ,tốt,3300000.0
"12 Lê Văn Duyệt, Q10",phòng trọ,cho thuê,15.0,0,đầy đủ,mới,2500000.0
"133 Hai Bà Trưng, Q7",phòng trọ,cho thuê,10.0,0,cơ bản,cũ,1500000.0
"122 Võ Nguyên Giáp, Q2",nhà nguyên căn,bán,43.0,3,cơ bản,tốt,3220400000.0
"164 Trường Chinh, Q7",phòng trọ,cho thuê,13.0,0,cơ bản,tốt,1500000.0
"103 Công xã Paris, Q6",nhà nguyên căn,bán,45.0,2,cơ bản,cũ,3895200000.0
"181 Dân Chủ, Q5",phòng trọ,cho thuê,20.0,0,không có,tốt,1200000.0
"37 Võ Chí Công, Q5",văn phòng,cho thuê,500.0,18,không có,cũ,750300000.0
"120 Lạc Long Quân, Q6",chung cư,bán,65.0,18,đầy đủ,cũ,2915700000.0
"79 Nguyễn Hữu Cảnh, Q5",phòng trọ,cho thuê,18.0,0,đầy đủ,tốt,1300000.0
"49 Hùng Vương, Q4",phòng trọ,cho thuê,11.0,0,không có,tốt,600000.0
"132 Công xã Paris, Q10",phòng trọ,cho thuê,12.0,0,đầy đủ,cũ,1500000.0
"29 Xô Viết Nghệ Tĩnh, Q1",chung cư,cho thuê,70.0,6,đầy đủ,tốt,9200000.0
"79 Võ Chí Công, Q5",phòng trọ,cho thuê,9.0,0,đầy đủ,mới,800000.0
"21 Cách Mạng Tháng Tám, Q6",phòng trọ,cho thuê,20.0,0,không có,mới,2700000.0
"40 Đồng Khởi, Q8",văn phòng,cho thuê,335.0,20,đầy đủ,mới,190600000.0
"146 Xô Viết Nghệ Tĩnh, Q4",phòng trọ,cho thuê,16.0,0,cơ bản,mới,2500000.0
"31 Trần Hưng Đạo, Q2",phòng trọ,cho thuê,19.0,0,đầy đủ,tốt,3200000.0
"96 Lũy Bán Bích, Q6",phòng trọ,cho thuê,10.0,0,không có,cũ,700000.0
"115 Bùi Viện, Q10",phòng trọ,cho thuê,18.0,0,đầy đủ,mới,3800000.0
"93 Âu Cơ, Q1",phòng trọ,cho thuê,10.0,0,không có,mới,1800000.0
"188 Quốc tế, Q8",phòng trọ,cho thuê,12.0,0,cơ bản,mới,1300000.0
"6 Nguyễn Trãi, Q2",phòng trọ,cho thuê,18.0,0,cơ bản,mới,3100000.0
"168 Hai Bà Trưng, Q2",phòng trọ,cho thuê,10.0,0,đầy đủ,tốt,1400000.0
"164 Dân Chủ, Q5",phòng trọ,cho thuê,16.0,0,cơ bản,tốt,2400000.0
"165 Lý Thường Kiệt, Q3",phòng trọ,cho thuê,17.0,0,không có,tốt,1100000.0
"4 Phạm Ngũ Lão, Q10",phòng trọ,cho thuê,14.0,0,đầy đủ,mới,2800000.0
"14 Phạm Ngũ Lão, Q8",phòng trọ,cho thuê,17.0,0,không có,cũ,1300000.0
"20 Hàm Nghi, Q8",nhà nguyên căn,cho thuê,33.0,5,đầy đủ,tốt,24400000.0
"167 Tôn Đức Thắng, Q10",nhà nguyên căn,bán,37.0,3,đầy đủ,cũ,5821000000.0
"39 Lê Văn Duyệt, Q10",nhà nguyên căn,cho thuê,39.0,3,không có,tốt,19300000.0
"62 Lê Lợi, Q4",chung cư,bán,90.0,13,không có,tốt,4819000000.0
"24 Lạc Long Quân, Q7",chung cư,bán,90.0,6,đầy đủ,mới,5199000000.0
"128 Công xã Paris, Q1",phòng trọ,cho thuê,15.0,0,không có,tốt,1000000.0
"108 Lũy Bán Bích, Q10",phòng trọ,cho thuê,11.0,0,cơ bản,mới,2000000.0
"152 Nguyễn Văn Linh, Q6",phòng trọ,cho thuê,11.0,0,cơ bản,cũ,900000.0
"170 Mai Chí Thọ, Q5",phòng trọ,cho thuê,11.0,0,không có,tốt,1100000.0
"40 Nguyễn Thị Minh Khai, Q9",phòng trọ,cho thuê,18.0,0,cơ bản,tốt,1100000.0
"20 Xô Viết Nghệ Tĩnh, Q8",phòng trọ,cho thuê,10.0,0,cơ bản,tốt,1100000.0
"73 Châu Văn Liêm, Q6",phòng trọ,cho thuê,16.0,0,đầy đủ,cũ,900000.0
"168 Lý Thường Kiệt, Q2",phòng trọ,cho thuê,13.0,0,đầy đủ,cũ,1600000.0
"33 Quốc tế, Q1",phòng trọ,cho thuê,19.0,0,không có,cũ,3000000.0
"45 Tôn Đức Thắng, Q10",phòng trọ,cho thuê,12.0,0,cơ bản,cũ,2000000.0
"197 Hàm Nghi, Q5",nhà nguyên căn,cho thuê,44.0,4,đầy đủ,mới,27400000.0
"187 Hải Thượng Lãn Ông, Q6",phòng trọ,cho thuê,18.0,0,cơ bản,cũ,1500000.0
"111 Bùi Viện, Q1",phòng trọ,cho thuê,20.0,0,cơ bản,mới,3800000.0
"133 Tôn Đức Thắng, Q9",phòng trọ,cho thuê,17.0,0,không có,mới,2400000.0
"76 CMT8, Q7",phòng trọ,cho thuê,16.0,0,không có,mới,2500000.0
"188 Rừng Sác, Q4",phòng trọ,cho thuê,12.0,0,cơ bản,mới,800000.0
"125 Lý Thường Kiệt, Q9",phòng trọ,cho thuê,17.0,0,cơ bản,mới,1700000.0
"179 Đồng Khởi, Q4",phòng trọ,cho thuê,16.0,0,đầy đủ,tốt,2200000.0
"66 Nguyễn Hữu Cảnh, Q2",phòng trọ,cho thuê,12.0,0,đầy đủ,cũ,1100000.0
"170 Âu Cơ, Q7",phòng trọ,cho thuê,17.0,0,đầy đủ,cũ,1900000.0
"86 Đồng Khởi, Q8",phòng trọ,cho thuê,19.0,0,cơ bản,cũ,1600000.0
"132 Lê Duẩn, Q7",nhà nguyên căn,bán,45.0,5,không có,tốt,15258200000.0
"111 Công xã Paris, Q1",phòng trọ,cho thuê,14.0,0,không có,mới,1400000.0
"48 Dân Chủ, Q2",phòng trọ,cho thuê,15.0,0,không có,mới,1700000.0
"120 CMT8, Q9",phòng trọ,cho thuê,12.0,0,không có,tốt,1400000.0
"66 Lê Văn Duyệt, Q10",phòng trọ,cho thuê,16.0,0,đầy đủ,cũ,1600000.0
"179 Lũy Bán Bích, Q9",phòng trọ,cho thuê,19.0,0,cơ bản,tốt,1300000.0
"182 Nguyễn Trãi, Q1",phòng trọ,cho thuê,10.0,0,cơ bản,mới,2300000.0
"78 Lạc Long Quân, Q5",phòng trọ,cho thuê,20.0,0,cơ bản,tốt,1300000.0
"1 Xô Viết Nghệ Tĩnh, Q9",phòng trọ,cho thuê,11.0,0,đầy đủ,tốt,1400000.0
"5 Lam Sơn, Q3",phòng trọ,cho thuê,9.0,0,đầy đủ,mới,1500000.0
"77 Hùng Vương, Q3",nhà nguyên căn,bán,32.0,4,đầy đủ,cũ,5193900000.0
"16 Hai Bà Trưng, Q1",phòng trọ,cho thuê,12.0,0,cơ bản,tốt,1400000.0
"46 Rừng Sác, Q6",phòng trọ,cho thuê,20.0,0,không có,cũ,1100000.0
"70 Lạc Long Quân, Q3",phòng trọ,cho thuê,12.0,0,đầy đủ,mới,1400000.0
"122 Công xã Paris, Q6",phòng trọ,cho thuê,16.0,0,không có,tốt,1200000.0
"10 Cách Mạng Tháng Tám, Q9",nhà nguyên căn,cho thuê,35.0,5,đầy đủ,cũ,20300000.0
"98 Nguyễn Hữu Cảnh, Q5",phòng trọ,cho thuê,13.0,0,đầy đủ,mới,1400000.0
"143 Nguyễn Trãi, Q7",văn phòng,cho thuê,145.0,3,cơ bản,mới,171200000.0
"24 Đồng Khởi, Q10",phòng trọ,cho thuê,15.0,0,cơ bản,cũ,2000000.0
"120 Lê Lợi, Q7",phòng trọ,cho thuê,14.0,0,không có,cũ,1800000.0
"31 Dân Chủ, Q2",phòng trọ,cho thuê,17.0,0,đầy đủ,tốt,3200000.0
"145 Nguyễn Thị Minh Khai, Q10",phòng trọ,cho thuê,20.0,0,cơ bản,mới,1900000.0
"139 Nam Kỳ Khởi Nghĩa, Q5",phòng trọ,cho thuê,11.0,0,đầy đủ,mới,1600000.0
"26 Châu Văn Liêm, Q10",phòng trọ,cho thuê,13.0,0,không có,cũ,1400000.0
"193 Mai Chí Thọ, Q8",phòng trọ,cho thuê,19.0,0,cơ bản,cũ,1500000.0
"112 Đồng Khởi, Q9",phòng trọ,cho thuê,9.0,0,cơ bản,cũ,1100000.0
"126 Lê Lợi, Q1",chung cư,bán,65.0,9,cơ bản,mới,6509700000.0
"150 Lũy Bán Bích, Q6",phòng trọ,cho thuê,13.0,0,đầy đủ,mới,1300000.0
"153 Hải Thượng Lãn Ông, Q6",nhà nguyên căn,bán,36.0,2,đầy đủ,cũ,3341200000.0
"43 Hải Thượng Lãn Ông, Q3",phòng trọ,cho thuê,13.0,0,không có,cũ,1700000.0
"187 Nguyễn Hữu Cảnh, Q10",phòng trọ,cho thuê,16.0,0,không có,cũ,900000.0
"165 Nguyễn Trãi, Q1",phòng trọ,cho thuê,14.0,0,không có,tốt,1800000.0
"189 Nguyễn Huệ, Q9",phòng trọ,cho thuê,19.0,0,đầy đủ,tốt,3200000.0
"1 Nguyễn Hữu Cảnh, Q6",phòng trọ,cho thuê,18.0,0,không có,mới,1900000.0
"14 Âu Cơ, Q4",nhà nguyên căn,bán,38.0,1,đầy đủ,mới,3058600000.0
"126 Mê Linh, Q3",phòng trọ,cho thuê,15.0,0,không có,cũ,2000000.0
"18 Lý Tự Trọng, Q3",phòng trọ,cho thuê,13.0,0,không có,tốt,2200000.0
"35 Pasteur, Q10",chung cư,bán,90.0,13,cơ bản,tốt,7413600000.0
"171 Tôn Đức Thắng, Q8",phòng trọ,cho thuê,13.0,0,đầy đủ,tốt,2100000.0
"22 Xô Viết Nghệ Tĩnh, Q1",văn phòng,cho thuê,580.0,19,không có,mới,716400000.0
"3 Đồng Khởi, Q2",văn phòng,cho thuê,340.0,1,cơ bản,mới,227800000.0
"4 Lê Duẩn, Q9",nhà nguyên căn,cho thuê,37.0,1,cơ bản,tốt,5400000.0
"160 Nguyễn Văn Linh, Q1",phòng trọ,cho thuê,19.0,0,đầy đủ,mới,1500000.0
"108 Lý Thường Kiệt, Q10",nhà nguyên căn,cho thuê,45.0,2,không có,tốt,16500000.0
"99 Châu Văn Liêm, Q4",chung cư,cho thuê,75.0,4,không có,cũ,4800000.0
"66 Âu Cơ, Q9",văn phòng,cho thuê,550.0,20,không có,tốt,619400000.0
"4 Quách Thị Trang, Q5",phòng trọ,cho thuê,11.0,0,đầy đủ,mới,1300000.0
"200 Võ Chí Công, Q1",phòng trọ,cho thuê,20.0,0,không có,mới,1800000.0
"123 Lý Tự Trọng, Q3",nhà nguyên căn,bán,36.0,3,cơ bản,cũ,4497300000.0
"12 Hàm Nghi, Q9",phòng trọ,cho thuê,13.0,0,không có,tốt,1100000.0
"23 CMT8, Q5",phòng trọ,cho thuê,20.0,0,không có,tốt,2300000.0
"98 Lam Sơn, Q1",phòng trọ,cho thuê,12.0,0,không có,cũ,1500000.0
"98 Lũy Bán Bích, Q6",phòng trọ,cho thuê,19.0,0,cơ bản,mới,1200000.0
"152 Lý Thường Kiệt, Q4",phòng trọ,cho thuê,11.0,0,cơ bản,mới,1500000.0
"200 Lý Thường Kiệt, Q5",chung cư,bán,90.0,5,không có,tốt,7112000000.0
"193 Nguyễn Văn Linh, Q10",phòng trọ,cho thuê,11.0,0,không có,cũ,1600000.0
"133 Trường Chinh, Q4",chung cư,bán,120.0,4,cơ bản,cũ,5665100000.0
"34 Lê Văn Duyệt, Q4",phòng trọ,cho thuê,19.0,0,đầy đủ,cũ,1500000.0
"32 Dân Chủ, Q9",phòng trọ,cho thuê,18.0,0,không có,mới,1900000.0
"131 Hải Thượng Lãn Ông, Q3",phòng trọ,cho thuê,11.0,0,cơ bản,cũ,1500000.0
"144 Lê Lợi, Q7",chung cư,bán,84.0,7,đầy đủ,cũ,6093300000.0
"85 Rừng Sác, Q9",phòng trọ,cho thuê,9.0,0,cơ bản,tốt,500000.0
"141 Đồng Khởi, Q8",phòng trọ,cho thuê,16.0,0,không có,tốt,1700000.0
"97 Phạm Văn Đồng, Q4",phòng trọ,cho thuê,10.0,0,cơ bản,cũ,700000.0
"55 Võ Nguyên Giáp, Q4",phòng trọ,cho thuê,19.0,0,cơ bản,cũ,2000000.0
"42 Âu Cơ, Q10",phòng trọ,cho thuê,20.0,0,đầy đủ,mới,2300000.0
"60 Mê Linh, Q7",phòng trọ,cho thuê,18.0,0,không có,cũ,1100000.0
"175 Lũy Bán Bích, Q1",phòng trọ,cho thuê,13.0,0,không có,cũ,1100000.0
"12 Quách Thị Trang, Q6",phòng trọ,cho thuê,16.0,0,cơ bản,cũ,1800000.0
"101 Võ Chí Công, Q9",phòng trọ,cho thuê,19.0,0,cơ bản,tốt,1700000.0
"33 Võ Chí Công, Q7",phòng trọ,cho thuê,9.0,0,đầy đủ,tốt,800000.0
"68 Lê Văn Duyệt, Q9",phòng trọ,cho thuê,14.0,0,không có,tốt,1300000.0
"166 Võ Chí Công, Q1",phòng trọ,cho thuê,9.0,0,đầy đủ,cũ,1200000.0
"197 Mê Linh, Q3",nhà nguyên căn,cho thuê,34.0,4,không có,tốt,7500000.0
"93 Quách Thị Trang, Q3",phòng trọ,cho thuê,14.0,0,cơ bản,tốt,2700000.0
"20 Hùng Vương, Q10",phòng trọ,cho thuê,12.0,0,cơ bản,tốt,1200000.0
"72 Võ Chí Công, Q6",phòng trọ,cho thuê,13.0,0,không có,tốt,1900000.0
"78 Đồng Khởi, Q10",nhà nguyên căn,cho thuê,42.0,2,cơ bản,mới,8000000.0
"189 Nguyễn Hữu Cảnh, Q9",phòng trọ,cho thuê,20.0,0,cơ bản,mới,3400000.0
"52 Lý Thường Kiệt, Q1",phòng trọ,cho thuê,18.0,0,không có,cũ,2600000.0
"91 Hải Thượng Lãn Ông, Q4",phòng trọ,cho thuê,13.0,0,cơ bản,tốt,1100000.0
"169 Mai Chí Thọ, Q2",phòng trọ,cho thuê,13.0,0,đầy đủ,tốt,1600000.0
"48 Hàm Nghi, Q9",phòng trọ,cho thuê,18.0,0,cơ bản,tốt,1400000.0
"89 Hùng Vương, Q7",phòng trọ,cho thuê,11.0,0,cơ bản,tốt,600000.0
"168 Nguyễn Huệ, Q1",phòng trọ,cho thuê,17.0,0,đầy đủ,tốt,1500000.0
"167 Trường Chinh, Q7",chung cư,bán,75.0,4,đầy đủ,cũ,5611900000.0
"21 Mê Linh, Q1",phòng trọ,cho thuê,19.0,0,không có,tốt,3500000.0
"52 Trần Hưng Đạo, Q4",phòng trọ,cho thuê,14.0,0,không có,tốt,1000000.0
"197 Nguyễn Văn Linh, Q8",phòng trọ,cho thuê,16.0,0,đầy đủ,tốt,2300000.0
"101 Lý Tự Trọng, Q2",phòng trọ,cho thuê,11.0,0,không có,mới,1400000.0
"8 Trần Hưng Đạo, Q5",phòng trọ,cho thuê,9.0,0,cơ bản,mới,700000.0
"76 Võ Nguyên Giáp, Q8",phòng trọ,cho thuê,19.0,0,không có,cũ,900000.0
"110 Quốc tế, Q5",phòng trọ,cho thuê,20.0,0,đầy đủ,tốt,4000000.0
"66 Lý Tự Trọng, Q10",phòng trọ,cho thuê,12.0,0,cơ bản,cũ,2000000.0
"123 Cách Mạng Tháng Tám, Q5",phòng trọ,cho thuê,14.0,0,đầy đủ,cũ,1600000.0
"49 Hai Bà Trưng, Q5",phòng trọ,cho thuê,18.0,0,không có,mới,2500000.0
"124 Phạm Văn Đồng, Q5",phòng trọ,cho thuê,13.0,0,không có,mới,2300000.0
"78 Âu Cơ, Q10",phòng trọ,cho thuê,18.0,0,đầy đủ,tốt,2100000.0
"72 Nguyễn Huệ, Q2",phòng trọ,cho thuê,18.0,0,không có,cũ,2200000.0
"86 Lạc Long Quân, Q10",chung cư,bán,120.0,15,đầy đủ,tốt,4416500000.0
"31 Hàm Nghi, Q9",phòng trọ,cho thuê,16.0,0,đầy đủ,cũ,1700000.0
"80 Nguyễn Thị Minh Khai, Q8",phòng trọ,cho thuê,16.0,0,đầy đủ,cũ,2000000.0
"97 Nguyễn Hữu Cảnh, Q1",phòng trọ,cho thuê,16.0,0,không có,tốt,1100000.0
"183 CMT8, Q5",phòng trọ,cho thuê,16.0,0,không có,tốt,1300000.0
"111 Nguyễn Văn Linh, Q10",chung cư,bán,124.0,7,đầy đủ,mới,5615900000.0
"171 Võ Nguyên Giáp, Q10",phòng trọ,cho thuê,19.0,0,cơ bản,cũ,2200000.0
"79 Võ Nguyên Giáp, Q1",phòng trọ,cho thuê,10.0,0,cơ bản,tốt,900000.0
"61 Xô Viết Nghệ Tĩnh, Q6",nhà nguyên căn,bán,34.0,3,đầy đủ,cũ,4042600000.0
"36 Quách Thị Trang, Q9",phòng trọ,cho thuê,16.0,0,đầy đủ,cũ,2400000.0
"79 Lý Tự Trọng, Q1",phòng trọ,cho thuê,17.0,0,đầy đủ,mới,1800000.0
"130 Tôn Đức Thắng, Q2",phòng trọ,cho thuê,17.0,0,đầy đủ,mới,1700000.0
"93 Quốc tế, Q5",phòng trọ,cho thuê,19.0,0,cơ bản,cũ,1600000.0
"84 Công xã Paris, Q6",nhà nguyên căn,bán,37.0,4,đầy đủ,mới,10079800000.0
"124 Bùi Viện, Q2",phòng trọ,cho thuê,14.0,0,đầy đủ,tốt,900000.0
"1 Võ Chí Công, Q2",phòng trọ,cho thuê,17.0,0,cơ bản,tốt,2600000.0
"106 CMT8, Q4",chung cư,cho thuê,70.0,12,cơ bản,cũ,7300000.0
"14 Hàm Nghi, Q9",nhà nguyên căn,bán,40.0,3,không có,mới,7009400000.0
"85 Nguyễn Thị Minh Khai, Q6",văn phòng,cho thuê,365.0,2,cơ bản,mới,327200000.0
"160 CMT8, Q8",phòng trọ,cho thuê,14.0,0,đầy đủ,tốt,1600000.0
"80 Nguyễn Hữu Cảnh, Q1",phòng trọ,cho thuê,11.0,0,cơ bản,cũ,1200000.0
"121 Hàm Nghi, Q8",phòng trọ,cho thuê,15.0,0,đầy đủ,cũ,1800000.0
"174 Lê Duẩn, Q8",nhà nguyên căn,cho thuê,40.0,4,cơ bản,tốt,21000000.0
"182 Quốc tế, Q10",phòng trọ,cho thuê,19.0,0,không có,cũ,2800000.0
"189 Lý Tự Trọng, Q2",nhà nguyên căn,cho thuê,28.0,3,không có,mới,6300000.0
"139 Rừng Sác, Q4",nhà nguyên căn,bán,30.0,5,đầy đủ,tốt,3805800000.0
"196 Phạm Văn Đồng, Q10",phòng trọ,cho thuê,19.0,0,đầy đủ,tốt,1400000.0
"44 Xô Viết Nghệ Tĩnh, Q6",phòng trọ,cho thuê,17.0,0,không có,tốt,1000000.0
"163 Trường Chinh, Q7",phòng trọ,cho thuê,18.0,0,cơ bản,tốt,1600000.0
"181 Mai Chí Thọ, Q1",phòng trọ,cho thuê,14.0,0,không có,cũ,1300000.0
"31 Xô Viết Nghệ Tĩnh, Q10",phòng trọ,cho thuê,13.0,0,không có,tốt,1600000.0
"131 Nguyễn Trãi, Q3",phòng trọ,cho thuê,20.0,0,đầy đủ,mới,2800000.0
"86 Nam Kỳ Khởi Nghĩa, Q4",phòng trọ,cho thuê,12.0,0,đầy đủ,cũ,1900000.0
"25 Xô Viết Nghệ Tĩnh, Q5",chung cư,bán,75.0,15,cơ bản,mới,7319700000.0
"50 Trường Chinh, Q9",chung cư,bán,120.0,19,cơ bản,cũ,5709600000.0
"193 Đồng Khởi, Q4",phòng trọ,cho thuê,13.0,0,cơ bản,cũ,1300000.0
"154 Lý Thường Kiệt, Q5",phòng trọ,cho thuê,19.0,0,không có,mới,2800000.0
"67 Công xã Paris, Q6",phòng trọ,cho thuê,9.0,0,không có,tốt,700000.0
"143 Đồng Khởi, Q8",phòng trọ,cho thuê,18.0,0,không có,cũ,1000000.0
"199 Lý Thường Kiệt, Q10",nhà nguyên căn,bán,40.0,1,cơ bản,mới,3014000000.0
"18 Hai Bà Trưng, Q4",chung cư,bán,84.0,15,cơ bản,tốt,2103100000.0
"55 Phạm Văn Đồng, Q5",phòng trọ,cho thuê,14.0,0,đầy đủ,mới,1300000.0
"165 Quốc tế, Q10",phòng trọ,cho thuê,11.0,0,đầy đủ,tốt,1900000.0
"58 Nguyễn Huệ, Q8",phòng trọ,cho thuê,18.0,0,không có,tốt,1300000.0
"76 Nguyễn Thị Minh Khai, Q5",chung cư,bán,124.0,4,cơ bản,cũ,6959600000.0
"34 Nam Kỳ Khởi Nghĩa, Q3",phòng trọ,cho thuê,18.0,0,đầy đủ,tốt,2900000.0
"94 Lê Duẩn, Q9",phòng trọ,cho thuê,15.0,0,cơ bản,cũ,2000000.0
"79 Mê Linh, Q5",phòng trọ,cho thuê,16.0,0,không có,tốt,1300000.0
"184 Công xã Paris, Q9",phòng trọ,cho thuê,9.0,0,không có,cũ,400000.0
"114 Nguyễn Trãi, Q3",nhà nguyên căn,bán,44.0,3,đầy đủ,cũ,12310600000.0
"151 Nguyễn Thị Minh Khai, Q8",phòng trọ,cho thuê,10.0,0,không có,tốt,600000.0
"3 Xô Viết Nghệ Tĩnh, Q4",chung cư,cho thuê,124.0,8,đầy đủ,tốt,21500000.0
"5 Hùng Vương, Q9",phòng trọ,cho thuê,10.0,0,cơ bản,mới,800000.0
"125 Phạm Ngũ Lão, Q2",phòng trọ,cho thuê,16.0,0,không có,mới,1800000.0
"91 Nguyễn Trãi, Q9",nhà nguyên căn,cho thuê,39.0,1,đầy đủ,cũ,4200000.0
"85 Lý Tự Trọng, Q4",nhà nguyên căn,cho thuê,28.0,2,đầy đủ,mới,5300000.0
"12 Phạm Ngũ Lão, Q7",phòng trọ,cho thuê,17.0,0,không có,mới,1600000.0
"41 Nguyễn Huệ, Q8",phòng trọ,cho thuê,15.0,0,cơ bản,mới,1800000.0
"80 Đồng Khởi, Q10",phòng trọ,cho thuê,19.0,0,không có,cũ,1500000.0
"126 Phạm Ngũ Lão, Q1",nhà nguyên căn,cho thuê,34.0,1,đầy đủ,cũ,3500000.0
"136 Mai Chí Thọ, Q4",phòng trọ,cho thuê,9.0,0,cơ bản,cũ,900000.0
"46 Pasteur, Q1",phòng trọ,cho thuê,15.0,0,đầy đủ,mới,2800000.0
"191 Nguyễn Hữu Cảnh, Q3",nhà nguyên căn,cho thuê,44.0,4,đầy đủ,tốt,34700000.0
"193 Bùi Viện, Q10",phòng trọ,cho thuê,19.0,0,không có,tốt,3200000.0
"42 Hải Thượng Lãn Ông, Q2",văn phòng,cho thuê,390.0,8,cơ bản,mới,594600000.0
"193 Dân Chủ, Q2",phòng trọ,cho thuê,19.0,0,đầy đủ,cũ,2800000.0
"194 Trường Chinh, Q6",phòng trọ,cho thuê,11.0,0,cơ bản,mới,700000.0
"35 CMT8, Q6",phòng trọ,cho thuê,12.0,0,cơ bản,cũ,900000.0
"59 Châu Văn Liêm, Q10",phòng trọ,cho thuê,18.0,0,đầy đủ,tốt,2100000.0
"117 Phạm Ngũ Lão, Q7",nhà nguyên căn,cho thuê,28.0,3,không có,tốt,5900000.0
"184 Nguyễn Hữu Cảnh, Q9",văn phòng,cho thuê,330.0,9,không có,mới,483900000.0
"148 Trường Chinh, Q2",phòng trọ,cho thuê,11.0,0,không có,mới,600000.0
"25 Nguyễn Huệ, Q2",chung cư,bán,90.0,18,cơ bản,tốt,4605200000.0
"135 Châu Văn Liêm, Q3",phòng trọ,cho thuê,14.0,0,không có,cũ,1400000.0
"11 Đồng Khởi, Q3",phòng trọ,cho thuê,20.0,0,đầy đủ,mới,1900000.0
"155 Rừng Sác, Q4",văn phòng,cho thuê,540.0,19,không có,cũ,598500000.0
"23 Mê Linh, Q1",phòng trọ,cho thuê,11.0,0,đầy đủ,mới,1400000.0
"10 Mê Linh, Q5",nhà nguyên căn,bán,35.0,3,đầy đủ,cũ,4096300000.0
"162 Quách Thị Trang, Q8",phòng trọ,cho thuê,20.0,0,cơ bản,tốt,1200000.0
"102 Mai Chí Thọ, Q7",phòng trọ,cho thuê,17.0,0,không có,mới,2000000.0
"83 Lam Sơn, Q10",phòng trọ,cho thuê,12.0,0,không có,cũ,1400000.0
"118 Phạm Ngũ Lão, Q4",chung cư,bán,84.0,1,đầy đủ,mới,7668200000.0
"173 Lý Tự Trọng, Q4",phòng trọ,cho thuê,13.0,0,đầy đủ,tốt,1400000.0
"117 Cách Mạng Tháng Tám, Q1",văn phòng,cho thuê,525.0,14,đầy đủ,cũ,596800000.0
"176 Nguyễn Văn Linh, Q8",phòng trọ,cho thuê,14.0,0,cơ bản,mới,2000000.0
"69 Rừng Sác, Q6",phòng trọ,cho thuê,10.0,0,cơ bản,cũ,1500000.0
"40 Quách Thị Trang, Q8",phòng trọ,cho thuê,11.0,0,không có,cũ,1300000.0
"178 Hai Bà Trưng, Q9",chung cư,bán,75.0,17,đầy đủ,cũ,4544800000.0
"1 Hai Bà Trưng, Q3",phòng trọ,cho thuê,20.0,0,đầy đủ,tốt,2100000.0
"196 Lê Duẩn, Q6",phòng trọ,cho thuê,12.0,0,đầy đủ,mới,1300000.0
"100 Phạm Ngũ Lão, Q7",nhà nguyên căn,bán,37.0,4,đầy đủ,cũ,10921000000.0
"121 Võ Nguyên Giáp, Q3",phòng trọ,cho thuê,9.0,0,cơ bản,mới,1300000.0
"188 Lê Lợi, Q10",phòng trọ,cho thuê,19.0,0,không có,mới,2400000.0
"81 Võ Nguyên Giáp, Q1",phòng trọ,cho thuê,14.0,0,cơ bản,mới,2900000.0
"101 Xô Viết Nghệ Tĩnh, Q2",chung cư,bán,70.0,19,đầy đủ,tốt,4454000000.0
"61 Lạc Long Quân, Q5",chung cư,bán,90.0,20,không có,mới,3338700000.0
"134 Hải Thượng Lãn Ông, Q6",phòng trọ,cho thuê,15.0,0,không có,mới,1100000.0
"61 Quách Thị Trang, Q1",chung cư,bán,90.0,4,đầy đủ,cũ,5340700000.0
"109 Nguyễn Thị Minh Khai, Q4",phòng trọ,cho thuê,12.0,0,không có,mới,1800000.0
"144 Xô Viết Nghệ Tĩnh, Q5",phòng trọ,cho thuê,16.0,0,đầy đủ,mới,1500000.0
"165 Tôn Đức Thắng, Q10",phòng trọ,cho thuê,14.0,0,cơ bản,tốt,2400000.0
"196 Phạm Ngũ Lão, Q2",phòng trọ,cho thuê,13.0,0,cơ bản,cũ,800000.0
"128 Trần Hưng Đạo, Q8",phòng trọ,cho thuê,13.0,0,đầy đủ,tốt,1400000.0
"132 Tôn Đức Thắng, Q2",nhà nguyên căn,bán,29.0,5,đầy đủ,tốt,7584900000.0
"9 Lũy Bán Bích, Q6",phòng trọ,cho thuê,15.0,0,không có,cũ,1100000.0
"77 Lê Duẩn, Q5",phòng trọ,cho thuê,17.0,0,cơ bản,cũ,2100000.0
"63 Lý Tự Trọng, Q2",phòng trọ,cho thuê,18.0,0,đầy đủ,tốt,2700000.0
"24 Nguyễn Văn Linh, Q5",nhà nguyên căn,cho thuê,41.0,1,cơ bản,tốt,5200000.0
"97 Quách Thị Trang, Q9",văn phòng,cho thuê,225.0,5,cơ bản,mới,334200000.0
"176 Nguyễn Thị Minh Khai, Q4",văn phòng,cho thuê,575.0,4,cơ bản,mới,944400000.0
"99 Đồng Khởi, Q3",phòng trọ,cho thuê,20.0,0,không có,tốt,2000000.0
"16 Hàm Nghi, Q3",phòng trọ,cho thuê,13.0,0,không có,mới,2200000.0
"174 Nguyễn Văn Linh, Q4",phòng trọ,cho thuê,10.0,0,đầy đủ,mới,1400000.0
"87 Hải Thượng Lãn Ông, Q9",phòng trọ,cho thuê,14.0,0,đầy đủ,cũ,2000000.0
"17 Nguyễn Thị Minh Khai, Q1",phòng trọ,cho thuê,15.0,0,cơ bản,mới,3000000.0
"79 Lê Lợi, Q1",phòng trọ,cho thuê,19.0,0,không có,mới,4000000.0
"198 Phạm Văn Đồng, Q10",phòng trọ,cho thuê,16.0,0,đầy đủ,tốt,2900000.0
"117 Pasteur, Q1",phòng trọ,cho thuê,11.0,0,cơ bản,mới,1600000.0
"150 Nam Kỳ Khởi Nghĩa, Q10",phòng trọ,cho thuê,18.0,0,không có,tốt,1500000.0
"35 Pasteur, Q9",nhà nguyên căn,bán,43.0,2,cơ bản,mới,3816400000.0
"112 Nguyễn Trãi, Q8",phòng trọ,cho thuê,12.0,0,cơ bản,cũ,700000.0
"104 Hải Thượng Lãn Ông, Q10",phòng trọ,cho thuê,19.0,0,đầy đủ,cũ,1600000.0
"146 Dân Chủ, Q6",phòng trọ,cho thuê,9.0,0,không có,tốt,800000.0
"164 Hải Thượng Lãn Ông, Q4",phòng trọ,cho thuê,12.0,0,không có,cũ,1100000.0
"20 Lạc Long Quân, Q9",phòng trọ,cho thuê,16.0,0,đầy đủ,tốt,1800000.0
"39 Công xã Paris, Q9",phòng trọ,cho thuê,19.0,0,đầy đủ,mới,2000000.0
"29 Công xã Paris, Q8",văn phòng,cho thuê,180.0,3,cơ bản,mới,321800000.0
"77 Xô Viết Nghệ Tĩnh, Q3",phòng trọ,cho thuê,18.0,0,cơ bản,cũ,1200000.0
"164 Tôn Đức Thắng, Q5",phòng trọ,cho thuê,11.0,0,không có,tốt,1000000.0
"187 Mê Linh, Q10",nhà nguyên căn,bán,40.0,2,cơ bản,cũ,3875000000.0
"95 Trần Hưng Đạo, Q1",phòng trọ,cho thuê,20.0,0,cơ bản,mới,3300000.0
"152 Xô Viết Nghệ Tĩnh, Q6",nhà nguyên căn,bán,41.0,2,đầy đủ,tốt,5229900000.0
"197 Nguyễn Trãi, Q2",phòng trọ,cho thuê,11.0,0,không có,cũ,1100000.0
"102 Đồng Khởi, Q2",phòng trọ,cho thuê,11.0,0,không có,mới,1300000.0
"197 Quốc tế, Q1",phòng trọ,cho thuê,10.0,0,không có,tốt,1000000.0
"188 Quốc tế, Q7",phòng trọ,cho thuê,15.0,0,cơ bản,cũ,1100000.0
"119 Lê Lợi, Q10",phòng trọ,cho thuê,15.0,0,cơ bản,mới,2700000.0
"6 Pasteur, Q6",phòng trọ,cho thuê,18.0,0,cơ bản,tốt,1400000.0
"42 Âu Cơ, Q6",chung cư,cho thuê,120.0,11,không có,cũ,11800000.0
"170 Lũy Bán Bích, Q7",nhà nguyên căn,cho thuê,39.0,4,đầy đủ,cũ,19800000.0
"184 Mai Chí Thọ, Q8",phòng trọ,cho thuê,10.0,0,cơ bản,cũ,900000.0
"125 Pasteur, Q8",phòng trọ,cho thuê,15.0,0,không có,mới,2600000.0
"34 CMT8, Q10",phòng trọ,cho thuê,15.0,0,cơ bản,mới,3400000.0
"122 Châu Văn Liêm, Q7",phòng trọ,cho thuê,17.0,0,cơ bản,cũ,1400000.0
"160 Công xã Paris, Q7",phòng trọ,cho thuê,17.0,0,không có,cũ,2300000.0
"80 Nguyễn Huệ, Q9",chung cư,cho thuê,75.0,7,cơ bản,cũ,12300000.0
"71 Lũy Bán Bích, Q4",văn phòng,bán,190.0,18,cơ bản,mới,4518200000.0
"35 Pasteur, Q10",phòng trọ,cho thuê,18.0,0,đầy đủ,mới,3900000.0
"135 Xô Viết Nghệ Tĩnh, Q6",phòng trọ,cho thuê,20.0,0,cơ bản,cũ,2900000.0
"20 Lạc Long Quân, Q10",nhà nguyên căn,cho thuê,44.0,5,cơ bản,cũ,15100000.0
"186 Mê Linh, Q5",nhà nguyên căn,cho thuê,41.0,4,đầy đủ,cũ,18800000.0
"42 Trần Hưng Đạo, Q2",chung cư,bán,120.0,20,đầy đủ,tốt,6342000000.0
"38 Lý Tự Trọng, Q7",phòng trọ,cho thuê,16.0,0,không có,tốt,1500000.0
"100 Hải Thượng Lãn Ông, Q1",phòng trọ,cho thuê,11.0,0,đầy đủ,cũ,900000.0
"175 Xô Viết Nghệ Tĩnh, Q7",phòng trọ,cho thuê,15.0,0,đầy đủ,cũ,1200000.0
"14 Phạm Ngũ Lão, Q7",phòng trọ,cho thuê,12.0,0,cơ bản,tốt,1400000.0
"153 Lũy Bán Bích, Q7",nhà nguyên căn,bán,43.0,3,không có,mới,2963500000.0
"179 Âu Cơ, Q10",phòng trọ,cho thuê,10.0,0,cơ bản,cũ,1500000.0
"17 Lam Sơn, Q7",phòng trọ,cho thuê,17.0,0,không có,tốt,2500000.0
"45 Lũy Bán Bích, Q6",phòng trọ,cho thuê,19.0,0,cơ bản,mới,1100000.0
"99 Võ Nguyên Giáp, Q2",phòng trọ,cho thuê,19.0,0,cơ bản,mới,1900000.0
"143 Dân Chủ, Q9",nhà nguyên căn,bán,29.0,2,không có,mới,2080300000.0
"153 CMT8, Q2",chung cư,bán,84.0,10,cơ bản,mới,3672100000.0
"61 Trần Hưng Đạo, Q1",phòng trọ,cho thuê,18.0,0,cơ bản,tốt,2500000.0
"190 Lê Lợi, Q9",phòng trọ,cho thuê,18.0,0,không có,mới,1600000.0
"33 Âu Cơ, Q7",phòng trọ,cho thuê,17.0,0,cơ bản,cũ,1700000.0
"95 Bùi Viện, Q8",phòng trọ,cho thuê,10.0,0,không có,tốt,900000.0
"35 Lê Duẩn, Q5",phòng trọ,cho thuê,10.0,0,cơ bản,tốt,1000000.0
"144 Nguyễn Hữu Cảnh, Q7",nhà nguyên căn,bán,29.0,2,không có,tốt,2482700000.0
"57 Nguyễn Văn Linh, Q1",phòng trọ,cho thuê,14.0,0,đầy đủ,cũ,2600000.0
"33 Lê Lợi, Q3",phòng trọ,cho thuê,17.0,0,cơ bản,cũ,2400000.0
"50 Bùi Viện, Q10",phòng trọ,cho thuê,15.0,0,đầy đủ,cũ,1700000.0
"37 Nguyễn Hữu Cảnh, Q3",chung cư,bán,90.0,16,không có,cũ,5247000000.0
"99 Nam Kỳ Khởi Nghĩa, Q10",phòng trọ,cho thuê,19.0,0,cơ bản,tốt,2600000.0
"184 Nam Kỳ Khởi Nghĩa, Q8",chung cư,bán,65.0,18,cơ bản,cũ,2682700000.0
"68 Lam Sơn, Q9",phòng trọ,cho thuê,19.0,0,cơ bản,mới,1300000.0
"197 Trần Hưng Đạo, Q4",phòng trọ,cho thuê,15.0,0,đầy đủ,tốt,2100000.0
"85 Lê Lợi, Q10",phòng trọ,cho thuê,19.0,0,không có,tốt,2400000.0
"50 Võ Chí Công, Q9",phòng trọ,cho thuê,12.0,0,cơ bản,mới,2000000.0
"149 Nguyễn Huệ, Q1",phòng trọ,cho thuê,15.0,0,không có,tốt,1900000.0
"82 Võ Nguyên Giáp, Q2",phòng trọ,cho thuê,11.0,0,không có,mới,1100000.0
"74 Châu Văn Liêm, Q1",phòng trọ,cho thuê,16.0,0,đầy đủ,mới,3500000.0
"33 Trần Hưng Đạo, Q4",phòng trọ,cho thuê,17.0,0,không có,mới,2000000.0
"85 Lam Sơn, Q10",nhà nguyên căn,cho thuê,33.0,1,không có,cũ,2600000.0
"173 Lê Lợi, Q9",nhà nguyên căn,bán,39.0,3,đầy đủ,tốt,7796800000.0
"47 Dân Chủ, Q10",phòng trọ,cho thuê,9.0,0,đầy đủ,tốt,1800000.0
"121 Mai Chí Thọ, Q5",phòng trọ,cho thuê,10.0,0,cơ bản,mới,1700000.0
"3 Nguyễn Huệ, Q8",chung cư,bán,84.0,17,cơ bản,tốt,5767800000.0
"155 Dân Chủ, Q2",phòng trọ,cho thuê,19.0,0,đầy đủ,cũ,3200000.0
"6 Nguyễn Hữu Cảnh, Q5",chung cư,bán,65.0,9,cơ bản,tốt,4584300000.0
"2 Trường Chinh, Q10",phòng trọ,cho thuê,10.0,0,không có,cũ,1200000.0
"96 Nguyễn Hữu Cảnh, Q8",phòng trọ,cho thuê,18.0,0,đầy đủ,tốt,1100000.0
"113 Mai Chí Thọ, Q3",phòng trọ,cho thuê,10.0,0,không có,tốt,1800000.0
"111 Nguyễn Thị Minh Khai, Q4",phòng trọ,cho thuê,10.0,0,cơ bản,mới,1600000.0
"6 Nguyễn Hữu Cảnh, Q10",phòng trọ,cho thuê,9.0,0,không có,tốt,700000.0
"68 Lê Lợi, Q10",phòng trọ,cho thuê,20.0,0,đầy đủ,cũ,3500000.0
"58 Công xã Paris, Q3",nhà nguyên căn,cho thuê,29.0,5,đầy đủ,cũ,24600000.0
"195 Pasteur, Q9",phòng trọ,cho thuê,20.0,0,cơ bản,mới,1400000.0
"189 Phạm Ngũ Lão, Q9",chung cư,bán,65.0,13,cơ bản,tốt,4778300000.0
"189 Âu Cơ, Q9",phòng trọ,cho thuê,14.0,0,đầy đủ,mới,1200000.0
"103 Quốc tế, Q7",chung cư,cho thuê,90.0,16,cơ bản,tốt,9500000.0
"91 Lạc Long Quân, Q10",nhà nguyên căn,cho thuê,32.0,5,không có,tốt,23700000.0
"14 Mai Chí Thọ, Q4",văn phòng,cho thuê,485.0,11,không có,mới,675400000.0
"16 Trần Hưng Đạo, Q4",phòng trọ,cho thuê,18.0,0,không có,tốt,1400000.0
"30 Dân Chủ, Q10",phòng trọ,cho thuê,10.0,0,không có,cũ,1200000.0
"15 Nguyễn Trãi, Q5",phòng trọ,cho thuê,20.0,0,cơ bản,cũ,2400000.0
"114 Lý Tự Trọng, Q5",phòng trọ,cho thuê,11.0,0,không có,tốt,900000.0
"32 Lý Thường Kiệt, Q4",nhà nguyên căn,bán,43.0,2,cơ bản,mới,4334500000.0
"180 Lê Duẩn, Q2",nhà nguyên căn,bán,36.0,2,đầy đủ,cũ,5890900000.0
"63 Nguyễn Văn Linh, Q3",phòng trọ,cho thuê,20.0,0,cơ bản,cũ,1600000.0
"81 Lê Lợi, Q1",phòng trọ,cho thuê,18.0,0,không có,mới,1800000.0
"105 Hai Bà Trưng, Q8",phòng trọ,cho thuê,20.0,0,cơ bản,tốt,1300000.0
"53 Lý Thường Kiệt, Q2",chung cư,bán,70.0,13,cơ bản,cũ,4740100000.0
"23 Nguyễn Văn Linh, Q1",nhà nguyên căn,bán,35.0,4,đầy đủ,cũ,4732600000.0
"189 Phạm Văn Đồng, Q7",chung cư,cho thuê,90.0,6,cơ bản,tốt,10200000.0
"53 Bùi Viện, Q8",văn phòng,cho thuê,480.0,9,không có,cũ,196600000.0
"164 Nguyễn Trãi, Q4",phòng trọ,cho thuê,16.0,0,cơ bản,tốt,1100000.0
"41 Công xã Paris, Q3",phòng trọ,cho thuê,19.0,0,cơ bản,tốt,2600000.0
"32 Tôn Đức Thắng, Q4",chung cư,bán,75.0,18,đầy đủ,tốt,4606000000.0
"177 Lạc Long Quân, Q4",phòng trọ,cho thuê,13.0,0,cơ bản,tốt,2100000.0
"98 Nguyễn Huệ, Q8",phòng trọ,cho thuê,18.0,0,cơ bản,mới,2000000.0
"72 Cách Mạng Tháng Tám, Q4",nhà nguyên căn,bán,29.0,5,cơ bản,mới,9395500000.0
"181 Lê Duẩn, Q1",phòng trọ,cho thuê,14.0,0,cơ bản,mới,2300000.0
"52 Quách Thị Trang, Q2",nhà nguyên căn,cho thuê,45.0,2,không có,mới,13100000.0
"78 Võ Nguyên Giáp, Q3",văn phòng,cho thuê,360.0,16,đầy đủ,mới,415700000.0
"134 Bùi Viện, Q6",phòng trọ,cho thuê,16.0,0,không có,cũ,1700000.0
"5 Võ Nguyên Giáp, Q8",văn phòng,bán,200.0,2,đầy đủ,cũ,15384700000.0
"11 Võ Chí Công, Q6",phòng trọ,cho thuê,15.0,0,đầy đủ,mới,2500000.0
"121 Bùi Viện, Q10",phòng trọ,cho thuê,11.0,0,cơ bản,cũ,1400000.0
"89 Võ Nguyên Giáp, Q3",phòng trọ,cho thuê,10.0,0,không có,tốt,600000.0
"43 Nam Kỳ Khởi Nghĩa, Q1",nhà nguyên căn,bán,38.0,4,cơ bản,mới,4664600000.0
"94 Lý Tự Trọng, Q1",phòng trọ,cho thuê,17.0,0,không có,tốt,2000000.0
"172 Lũy Bán Bích, Q7",nhà nguyên căn,bán,31.0,4,đầy đủ,cũ,9564100000.0
"36 CMT8, Q7",chung cư,bán,70.0,1,đầy đủ,tốt,1974200000.0
"64 Lam Sơn, Q1",phòng trọ,cho thuê,19.0,0,không có,tốt,1600000.0
"89 Lê Lợi, Q8",nhà nguyên căn,cho thuê,35.0,2,đầy đủ,mới,12700000.0
"127 Pasteur, Q8",phòng trọ,cho thuê,17.0,0,cơ bản,cũ,1700000.0
"142 Quốc tế, Q4",chung cư,bán,84.0,14,không có,mới,2769800000.0
"130 CMT8, Q5",phòng trọ,cho thuê,12.0,0,cơ bản,cũ,1100000.0
"118 Dân Chủ, Q10",phòng trọ,cho thuê,13.0,0,cơ bản,mới,1500000.0
"77 Võ Chí Công, Q4",phòng trọ,cho thuê,11.0,0,không có,cũ,1200000.0
"162 Dân Chủ, Q3",phòng trọ,cho thuê,15.0,0,cơ bản,tốt,2400000.0
"103 Nguyễn Trãi, Q5",phòng trọ,cho thuê,14.0,0,không có,cũ,900000.0
"68 Quốc tế, Q7",phòng trọ,cho thuê,18.0,0,không có,cũ,2200000.0
"100 Hàm Nghi, Q4",phòng trọ,cho thuê,13.0,0,cơ bản,mới,1400000.0
"27 Xô Viết Nghệ Tĩnh, Q8",chung cư,bán,75.0,1,đầy đủ,cũ,2989900000.0
"4 CMT8, Q8",phòng trọ,cho thuê,14.0,0,đầy đủ,mới,1000000.0
"145 Mai Chí Thọ, Q1",phòng trọ,cho thuê,14.0,0,không có,mới,1400000.0
"199 Lý Tự Trọng, Q1",phòng trọ,cho thuê,13.0,0,không có,mới,1700000.0
"129 Công xã Paris, Q3",phòng trọ,cho thuê,17.0,0,đầy đủ,cũ,2000000.0
"73 Lê Văn Duyệt, Q9",chung cư,bán,75.0,5,đầy đủ,tốt,2527700000.0
"149 Lý Tự Trọng, Q4",văn phòng,cho thuê,575.0,2,đầy đủ,cũ,630100000.0
"35 Mai Chí Thọ, Q5",phòng trọ,cho thuê,9.0,0,cơ bản,mới,1200000.0
"105 Quách Thị Trang, Q4",nhà nguyên căn,cho thuê,32.0,2,cơ bản,cũ,7500000.0
"118 Nam Kỳ Khởi Nghĩa, Q10",phòng trọ,cho thuê,13.0,0,không có,mới,1800000.0
"26 Nam Kỳ Khởi Nghĩa, Q1",phòng trọ,cho thuê,18.0,0,cơ bản,mới,2200000.0
"95 Mai Chí Thọ, Q6",phòng trọ,cho thuê,11.0,0,không có,tốt,600000.0
"100 Cách Mạng Tháng Tám, Q10",phòng trọ,cho thuê,13.0,0,cơ bản,tốt,1800000.0
"174 Lũy Bán Bích, Q4",phòng trọ,cho thuê,10.0,0,đầy đủ,tốt,1600000.0
"156 Nguyễn Thị Minh Khai, Q6",văn phòng,cho thuê,565.0,4,cơ bản,cũ,892700000.0
"185 Mê Linh, Q1",phòng trọ,cho thuê,9.0,0,cơ bản,tốt,1100000.0
"119 Hùng Vương, Q1",phòng trọ,cho thuê,12.0,0,cơ bản,mới,1600000.0
"36 Hai Bà Trưng, Q8",phòng trọ,cho thuê,9.0,0,cơ bản,tốt,1000000.0
"47 Lam Sơn, Q1",nhà nguyên căn,bán,35.0,2,cơ bản,cũ,2139100000.0
"161 Pasteur, Q10",nhà nguyên căn,bán,43.0,1,không có,mới,3985900000.0
"183 Cách Mạng Tháng Tám, Q7",chung cư,bán,65.0,1,đầy đủ,tốt,4359000000.0
"195 Hàm Nghi, Q3",phòng trọ,cho thuê,12.0,0,cơ bản,mới,1300000.0
"117 Trường Chinh, Q5",phòng trọ,cho thuê,18.0,0,cơ bản,tốt,2100000.0
"66 Xô Viết Nghệ Tĩnh, Q9",phòng trọ,cho thuê,14.0,0,cơ bản,tốt,1100000.0
"129 Cách Mạng Tháng Tám, Q1",văn phòng,cho thuê,560.0,4,không có,mới,991900000.0
"47 Nguyễn Văn Linh, Q4",chung cư,bán,90.0,15,không có,mới,3256200000.0
"182 Hàm Nghi, Q8",văn phòng,cho thuê,150.0,12,cơ bản,tốt,121700000.0
"81 Nguyễn Văn Linh, Q5",phòng trọ,cho thuê,10.0,0,đầy đủ,mới,1600000.0
"139 Trần Hưng Đạo, Q10",phòng trọ,cho thuê,15.0,0,cơ bản,cũ,2300000.0
"200 Nguyễn Văn Linh, Q1",nhà nguyên căn,bán,36.0,4,đầy đủ,tốt,14400600000.0
"70 Mê Linh, Q4",phòng trọ,cho thuê,13.0,0,không có,tốt,1600000.0
"177 Lam Sơn, Q8",phòng trọ,cho thuê,11.0,0,không có,tốt,1000000.0
"172 Phạm Ngũ Lão, Q3",phòng trọ,cho thuê,20.0,0,đầy đủ,tốt,2500000.0
"183 Lam Sơn, Q5",phòng trọ,cho thuê,12.0,0,không có,cũ,1200000.0
"50 Lê Văn Duyệt, Q6",phòng trọ,cho thuê,19.0,0,cơ bản,tốt,2100000.0
"122 Lý Thường Kiệt, Q2",phòng trọ,cho thuê,15.0,0,đầy đủ,mới,1800000.0
"106 Nguyễn Trãi, Q9",phòng trọ,cho thuê,17.0,0,cơ bản,mới,2500000.0
"51 Lý Thường Kiệt, Q4",phòng trọ,cho thuê,20.0,0,cơ bản,tốt,3100000.0
"108 Hải Thượng Lãn Ông, Q3",nhà nguyên căn,cho thuê,41.0,3,đầy đủ,cũ,16000000.0
"114 Nam Kỳ Khởi Nghĩa, Q1",phòng trọ,cho thuê,11.0,0,đầy đủ,mới,2800000.0
"157 Dân Chủ, Q2",nhà nguyên căn,bán,45.0,2,cơ bản,mới,5586000000.0
"98 Nguyễn Hữu Cảnh, Q8",phòng trọ,cho thuê,18.0,0,đầy đủ,tốt,2700000.0
"165 Lý Tự Trọng, Q1",phòng trọ,cho thuê,9.0,0,cơ bản,tốt,1500000.0
"148 Rừng Sác, Q3",phòng trọ,cho thuê,10.0,0,không có,cũ,1100000.0
"149 Đồng Khởi, Q5",chung cư,bán,65.0,5,đầy đủ,cũ,2841600000.0
"179 Phạm Văn Đồng, Q9",phòng trọ,cho thuê,9.0,0,cơ bản,cũ,1300000.0
"114 Nguyễn Trãi, Q1",văn phòng,cho thuê,330.0,19,đầy đủ,tốt,258700000.0
"76 Lạc Long Quân, Q9",phòng trọ,cho thuê,10.0,0,đầy đủ,cũ,1200000.0
"169 Quách Thị Trang, Q1",phòng trọ,cho thuê,15.0,0,đầy đủ,cũ,2600000.0
"125 Quốc tế, Q1",phòng trọ,cho thuê,20.0,0,không có,tốt,2800000.0
"189 Nam Kỳ Khởi Nghĩa, Q4",nhà nguyên căn,bán,34.0,3,cơ bản,mới,3301000000.0
"139 Quốc tế, Q7",phòng trọ,cho thuê,19.0,0,đầy đủ,mới,1700000.0
"183 Nguyễn Văn Linh, Q1",phòng trọ,cho thuê,13.0,0,đầy đủ,mới,2500000.0
"155 Hàm Nghi, Q9",nhà nguyên căn,cho thuê,42.0,2,đầy đủ,cũ,11100000.0
"117 Tôn Đức Thắng, Q6",phòng trọ,cho thuê,20.0,0,cơ bản,mới,2100000.0
"45 Phạm Văn Đồng, Q6",phòng trọ,cho thuê,15.0,0,cơ bản,cũ,1500000.0
"74 CMT8, Q9",phòng trọ,cho thuê,10.0,0,cơ bản,tốt,600000.0
"50 Lam Sơn, Q9",văn phòng,cho thuê,480.0,14,không có,mới,363600000.0
"173 Hải Thượng Lãn Ông, Q1",phòng trọ,cho thuê,20.0,0,không có,mới,3600000.0
"13 Phạm Ngũ Lão, Q2",phòng trọ,cho thuê,15.0,0,đầy đủ,mới,2800000.0
"192 Nguyễn Thị Minh Khai, Q8",văn phòng,cho thuê,120.0,17,không có,mới,88600000.0
"131 Lam Sơn, Q5",phòng trọ,cho thuê,18.0,0,đầy đủ,mới,3600000.0
"35 CMT8, Q7",chung cư,bán,65.0,9,cơ bản,mới,3551800000.0
"7 Nguyễn Thị Minh Khai, Q6",phòng trọ,cho thuê,12.0,0,cơ bản,tốt,900000.0
"123 Lê Lợi, Q3",phòng trọ,cho thuê,12.0,0,cơ bản,cũ,1400000.0
"165 Nguyễn Huệ, Q5",phòng trọ,cho thuê,14.0,0,cơ bản,tốt,1600000.0
"151 Mai Chí Thọ, Q10",phòng trọ,cho thuê,19.0,0,cơ bản,cũ,3400000.0
"195 Lũy Bán Bích, Q8",phòng trọ,cho thuê,9.0,0,đầy đủ,tốt,1200000.0
"172 Võ Nguyên Giáp, Q2",phòng trọ,cho thuê,12.0,0,đầy đủ,cũ,1500000.0
"18 Bùi Viện, Q10",phòng trọ,cho thuê,12.0,0,cơ bản,tốt,2200000.0
"106 Nguyễn Trãi, Q10",phòng trọ,cho thuê,20.0,0,đầy đủ,tốt,3600000.0
"72 Lam Sơn, Q6",chung cư,bán,75.0,1,cơ bản,cũ,2617600000.0
"136 Cách Mạng Tháng Tám, Q10",nhà nguyên căn,bán,41.0,5,không có,cũ,11587000000.0
"72 Pasteur, Q6",phòng trọ,cho thuê,11.0,0,đầy đủ,cũ,800000.0
"92 Lý Thường Kiệt, Q6",phòng trọ,cho thuê,17.0,0,đầy đủ,tốt,3200000.0
"87 Phạm Văn Đồng, Q1",phòng trọ,cho thuê,10.0,0,đầy đủ,tốt,1600000.0
"72 Nguyễn Văn Linh, Q6",phòng trọ,cho thuê,12.0,0,không có,cũ,1600000.0
"106 Bùi Viện, Q9",phòng trọ,cho thuê,13.0,0,đầy đủ,tốt,1800000.0
"116 Hai Bà Trưng, Q5",chung cư,cho thuê,120.0,8,đầy đủ,mới,18200000.0
"138 Xô Viết Nghệ Tĩnh, Q9",phòng trọ,cho thuê,15.0,0,cơ bản,mới,2400000.0
"155 Xô Viết Nghệ Tĩnh, Q10",phòng trọ,cho thuê,19.0,0,không có,cũ,3000000.0
"28 Hai Bà Trưng, Q9",nhà nguyên căn,cho thuê,39.0,3,không có,cũ,9000000.0
"192 Châu Văn Liêm, Q1",phòng trọ,cho thuê,20.0,0,không có,mới,1800000.0
"189 Nguyễn Văn Linh, Q9",nhà nguyên căn,bán,45.0,2,cơ bản,mới,4416500000.0
"23 Tôn Đức Thắng, Q5",phòng trọ,cho thuê,15.0,0,không có,mới,1500000.0
"57 Rừng Sác, Q8",phòng trọ,cho thuê,16.0,0,cơ bản,cũ,1200000.0
"124 Nguyễn Hữu Cảnh, Q10",phòng trọ,cho thuê,15.0,0,không có,tốt,2300000.0
"195 Âu Cơ, Q7",nhà nguyên căn,bán,35.0,3,cơ bản,mới,3192800000.0
"60 Lê Văn Duyệt, Q6",phòng trọ,cho thuê,20.0,0,không có,mới,2200000.0
"181 Hùng Vương, Q2",phòng trọ,cho thuê,16.0,0,không có,mới,2600000.0
"180 Lý Thường Kiệt, Q6",phòng trọ,cho thuê,15.0,0,không có,cũ,1200000.0
"79 Đồng Khởi, Q6",phòng trọ,cho thuê,12.0,0,không có,cũ,900000.0
"116 Lê Văn Duyệt, Q10",văn phòng,cho thuê,220.0,15,không có,tốt,104100000.0
"97 Mai Chí Thọ, Q6",phòng trọ,cho thuê,19.0,0,cơ bản,cũ,2800000.0
"14 Trường Chinh, Q5",phòng trọ,cho thuê,15.0,0,đầy đủ,tốt,1900000.0
"162 Lê Lợi, Q7",phòng trọ,cho thuê,19.0,0,đầy đủ,cũ,2900000.0
"20 Phạm Ngũ Lão, Q3",phòng trọ,cho thuê,16.0,0,cơ bản,tốt,2700000.0
"128 Phạm Ngũ Lão, Q9",chung cư,cho thuê,124.0,4,cơ bản,mới,15400000.0
"104 Nguyễn Văn Linh, Q7",phòng trọ,cho thuê,20.0,0,cơ bản,cũ,1700000.0
"182 Nguyễn Hữu Cảnh, Q5",nhà nguyên căn,cho thuê,28.0,2,đầy đủ,mới,10500000.0
"189 Lê Duẩn, Q3",phòng trọ,cho thuê,19.0,0,đầy đủ,tốt,3500000.0
"192 Lý Tự Trọng, Q7",phòng trọ,cho thuê,17.0,0,đầy đủ,mới,2300000.0
"45 Mê Linh, Q5",nhà nguyên căn,cho thuê,44.0,5,cơ bản,tốt,23000000.0
"189 Nguyễn Văn Linh, Q10",phòng trọ,cho thuê,19.0,0,cơ bản,mới,1400000.0
"45 Lý Thường Kiệt, Q10",phòng trọ,cho thuê,18.0,0,cơ bản,mới,2800000.0
"97 Nguyễn Văn Linh, Q1",phòng trọ,cho thuê,11.0,0,đầy đủ,tốt,1200000.0
"192 Quốc tế, Q5",phòng trọ,cho thuê,13.0,0,đầy đủ,mới,2000000.0
"6 Lũy Bán Bích, Q3",chung cư,cho thuê,84.0,20,không có,mới,15900000.0
"59 Nguyễn Trãi, Q8",phòng trọ,cho thuê,11.0,0,đầy đủ,tốt,1300000.0
"161 Lạc Long Quân, Q6",phòng trọ,cho thuê,17.0,0,đầy đủ,cũ,900000.0
"43 Nguyễn Thị Minh Khai, Q6",phòng trọ,cho thuê,15.0,0,cơ bản,cũ,1200000.0
"70 Trường Chinh, Q2",nhà nguyên căn,bán,30.0,1,đầy đủ,tốt,2214500000.0
"120 Nguyễn Hữu Cảnh, Q6",phòng trọ,cho thuê,13.0,0,không có,cũ,1300000.0
"10 Nguyễn Hữu Cảnh, Q3",phòng trọ,cho thuê,12.0,0,cơ bản,tốt,1600000.0
"91 Xô Viết Nghệ Tĩnh, Q10",chung cư,bán,120.0,20,đầy đủ,cũ,5877300000.0
"120 Võ Chí Công, Q6",phòng trọ,cho thuê,19.0,0,đầy đủ,tốt,1700000.0
"102 Lê Văn Duyệt, Q1",nhà nguyên căn,bán,37.0,2,đầy đủ,tốt,3863900000.0
"69 Hùng Vương, Q3",chung cư,cho thuê,124.0,13,không có,mới,11000000.0
"200 Hải Thượng Lãn Ông, Q7",phòng trọ,cho thuê,10.0,0,đầy đủ,cũ,1400000.0
"113 Rừng Sác, Q6",nhà nguyên căn,cho thuê,33.0,5,không có,mới,19300000.0
"172 Phạm Văn Đồng, Q7",nhà nguyên căn,bán,29.0,2,đầy đủ,cũ,4036600000.0
"16 Lê Duẩn, Q5",phòng trọ,cho thuê,10.0,0,không có,cũ,1000000.0
"142 Bùi Viện, Q3",phòng trọ,cho thuê,12.0,0,không có,cũ,1300000.0
"121 Hùng Vương, Q9",phòng trọ,cho thuê,10.0,0,cơ bản,mới,1100000.0
"166 Trường Chinh, Q6",chung cư,bán,75.0,18,đầy đủ,cũ,1947100000.0
"24 Nam Kỳ Khởi Nghĩa, Q1",văn phòng,cho thuê,130.0,3,đầy đủ,tốt,203000000.0
"18 Xô Viết Nghệ Tĩnh, Q8",nhà nguyên căn,bán,28.0,4,cơ bản,tốt,3504200000.0
"138 Cách Mạng Tháng Tám, Q3",phòng trọ,cho thuê,11.0,0,không có,tốt,900000.0
"63 Dân Chủ, Q10",phòng trọ,cho thuê,13.0,0,cơ bản,mới,3000000.0
"127 Bùi Viện, Q8",phòng trọ,cho thuê,18.0,0,cơ bản,tốt,2200000.0
"184 Võ Nguyên Giáp, Q9",phòng trọ,cho thuê,9.0,0,cơ bản,cũ,500000.0
"130 Châu Văn Liêm, Q4",phòng trọ,cho thuê,20.0,0,không có,cũ,1500000.0
"191 Lý Thường Kiệt, Q4",chung cư,bán,90.0,10,cơ bản,tốt,4307500000.0
"116 Lam Sơn, Q7",chung cư,bán,70.0,18,không có,mới,2211900000.0
"23 Quách Thị Trang, Q8",phòng trọ,cho thuê,14.0,0,không có,mới,1600000.0
"110 Quốc tế, Q8",phòng trọ,cho thuê,13.0,0,không có,mới,1100000.0
"113 Hàm Nghi, Q10",phòng trọ,cho thuê,19.0,0,cơ bản,mới,2200000.0
"185 Nguyễn Văn Linh, Q1",phòng trọ,cho thuê,18.0,0,đầy đủ,mới,3200000.0
"172 Công xã Paris, Q6",nhà nguyên căn,bán,43.0,5,không có,cũ,13129400000.0
"47 Quốc tế, Q9",nhà nguyên căn,bán,33.0,1,không có,mới,1992900000.0
"94 Trường Chinh, Q3",phòng trọ,cho thuê,17.0,0,cơ bản,mới,1200000.0
"101 Nguyễn Văn Linh, Q3",văn phòng,cho thuê,265.0,19,cơ bản,mới,242300000.0
"135 Công xã Paris, Q4",chung cư,bán,75.0,12,đầy đủ,mới,6795700000.0
"69 Trần Hưng Đạo, Q5",chung cư,bán,90.0,13,không có,tốt,2706600000.0
"111 Lý Thường Kiệt, Q6",phòng trọ,cho thuê,10.0,0,cơ bản,mới,700000.0
"107 Nam Kỳ Khởi Nghĩa, Q7",phòng trọ,cho thuê,12.0,0,không có,tốt,1200000.0
"97 Quốc tế, Q8",chung cư,bán,65.0,11,không có,mới,2340700000.0
"129 Hàm Nghi, Q5",phòng trọ,cho thuê,17.0,0,cơ bản,tốt,1200000.0
"10 Rừng Sác, Q10",chung cư,bán,124.0,4,không có,mới,9176300000.0
"84 Âu Cơ, Q10",phòng trọ,cho thuê,12.0,0,cơ bản,tốt,2300000.0
"104 Hùng Vương, Q9",phòng trọ,cho thuê,10.0,0,không có,cũ,600000.0
"35 Nguyễn Văn Linh, Q7",phòng trọ,cho thuê,17.0,0,không có,mới,1700000.0
"7 Hàm Nghi, Q5",nhà nguyên căn,bán,28.0,4,đầy đủ,mới,7246100000.0
"187 Lũy Bán Bích, Q10",nhà nguyên căn,bán,39.0,3,đầy đủ,mới,7253900000.0
"14 Võ Nguyên Giáp, Q6",phòng trọ,cho thuê,15.0,0,đầy đủ,tốt,2700000.0
"121 Hùng Vương, Q10",nhà nguyên căn,cho thuê,29.0,1,đầy đủ,tốt,2300000.0
"74 Công xã Paris, Q4",phòng trọ,cho thuê,16.0,0,cơ bản,cũ,2100000.0
"166 Phạm Ngũ Lão, Q6",phòng trọ,cho thuê,18.0,0,không có,cũ,1300000.0
"172 Rừng Sác, Q1",văn phòng,cho thuê,245.0,18,đầy đủ,cũ,325200000.0
"97 Nguyễn Văn Linh, Q8",chung cư,cho thuê,70.0,20,cơ bản,mới,10100000.0
"26 Lạc Long Quân, Q3",phòng trọ,cho thuê,13.0,0,đầy đủ,cũ,1500000.0
"15 Âu Cơ, Q9",phòng trọ,cho thuê,18.0,0,đầy đủ,tốt,3200000.0
"87 Hùng Vương, Q9",phòng trọ,cho thuê,12.0,0,đầy đủ,mới,1000000.0
"200 Võ Nguyên Giáp, Q5",nhà nguyên căn,cho thuê,39.0,1,cơ bản,tốt,4300000.0
"143 Hai Bà Trưng, Q4",phòng trọ,cho thuê,10.0,0,cơ bản,cũ,1400000.0
"141 Rừng Sác, Q5",chung cư,cho thuê,65.0,7,không có,mới,9200000.0
"170 Xô Viết Nghệ Tĩnh, Q6",phòng trọ,cho thuê,14.0,0,đầy đủ,cũ,1600000.0
"73 Lũy Bán Bích, Q3",nhà nguyên căn,cho thuê,43.0,3,không có,cũ,19900000.0
"30 Hai Bà Trưng, Q9",phòng trọ,cho thuê,19.0,0,không có,tốt,2000000.0
"137 Lam Sơn, Q4",phòng trọ,cho thuê,18.0,0,đầy đủ,mới,2100000.0
"140 Hàm Nghi, Q4",phòng trọ,cho thuê,13.0,0,đầy đủ,cũ,1500000.0
"156 Võ Chí Công, Q6",phòng trọ,cho thuê,13.0,0,cơ bản,cũ,1800000.0
"88 CMT8, Q2",phòng trọ,cho thuê,16.0,0,không có,mới,1500000.0
"57 Công xã Paris, Q4",nhà nguyên căn,cho thuê,41.0,5,không có,mới,19600000.0
"191 Nguyễn Thị Minh Khai, Q1",phòng trọ,cho thuê,19.0,0,cơ bản,tốt,3000000.0
"13 Công xã Paris, Q5",phòng trọ,cho thuê,20.0,0,cơ bản,tốt,3400000.0
"158 Pasteur, Q4",phòng trọ,cho thuê,18.0,0,không có,mới,2200000.0
"138 Xô Viết Nghệ Tĩnh, Q1",chung cư,bán,124.0,13,không có,tốt,10221400000.0
"84 Nguyễn Trãi, Q5",phòng trọ,cho thuê,11.0,0,cơ bản,cũ,1800000.0
"160 Quách Thị Trang, Q3",nhà nguyên căn,bán,33.0,1,cơ bản,mới,1250800000.0
"184 Hàm Nghi, Q10",phòng trọ,cho thuê,14.0,0,không có,mới,1000000.0
"71 CMT8, Q2",phòng trọ,cho thuê,19.0,0,không có,tốt,2200000.0
"60 Hai Bà Trưng, Q1",phòng trọ,cho thuê,20.0,0,đầy đủ,mới,1600000.0
"91 Lý Tự Trọng, Q9",phòng trọ,cho thuê,15.0,0,cơ bản,mới,2100000.0
"164 Lý Thường Kiệt, Q1",chung cư,bán,90.0,20,cơ bản,cũ,2725100000.0
"60 Nguyễn Huệ, Q7",nhà nguyên căn,bán,45.0,4,đầy đủ,mới,6890300000.0
"127 Tôn Đức Thắng, Q1",phòng trọ,cho thuê,19.0,0,cơ bản,mới,2800000.0
"133 Âu Cơ, Q6",phòng trọ,cho thuê,19.0,0,không có,cũ,1700000.0
"92 Trần Hưng Đạo, Q5",phòng trọ,cho thuê,11.0,0,không có,tốt,1200000.0
"56 Cách Mạng Tháng Tám, Q1",phòng trọ,cho thuê,13.0,0,không có,mới,1600000.0
"47 Lý Thường Kiệt, Q10",phòng trọ,cho thuê,14.0,0,không có,cũ,1200000.0
"135 Lam Sơn, Q10",chung cư,cho thuê,120.0,14,đầy đủ,cũ,10100000.0
"183 Rừng Sác, Q8",phòng trọ,cho thuê,14.0,0,cơ bản,tốt,800000.0
"193 Nguyễn Huệ, Q1",nhà nguyên căn,bán,40.0,3,cơ bản,mới,5092600000.0
"95 Công xã Paris, Q8",phòng trọ,cho thuê,9.0,0,không có,cũ,1100000.0
"189 Đồng Khởi, Q4",phòng trọ,cho thuê,10.0,0,đầy đủ,cũ,1200000.0
"70 Hùng Vương, Q10",phòng trọ,cho thuê,15.0,0,đầy đủ,cũ,2200000.0
"84 Lê Lợi, Q6",phòng trọ,cho thuê,12.0,0,không có,tốt,1600000.0
"104 Nguyễn Huệ, Q4",phòng trọ,cho thuê,17.0,0,cơ bản,tốt,1500000.0
"197 Võ Chí Công, Q9",phòng trọ,cho thuê,12.0,0,đầy đủ,cũ,900000.0
"164 Hai Bà Trưng, Q8",phòng trọ,cho thuê,12.0,0,không có,cũ,1200000.0
"95 Lê Văn Duyệt, Q7",phòng trọ,cho thuê,10.0,0,đầy đủ,mới,1100000.0
"17 Lý Tự Trọng, Q8",chung cư,bán,124.0,19,đầy đủ,mới,6796200000.0
"161 Hàm Nghi, Q8",phòng trọ,cho thuê,9.0,0,đầy đủ,cũ,1300000.0
"140 Cách Mạng Tháng Tám, Q3",phòng trọ,cho thuê,9.0,0,đầy đủ,mới,2100000.0
"130 Hai Bà Trưng, Q2",phòng trọ,cho thuê,18.0,0,đầy đủ,tốt,2700000.0
"102 Quốc tế, Q10",phòng trọ,cho thuê,15.0,0,không có,tốt,1000000.0
"69 Âu Cơ, Q9",phòng trọ,cho thuê,19.0,0,không có,mới,2500000.0
"126 Phạm Văn Đồng, Q8",phòng trọ,cho thuê,13.0,0,đầy đủ,mới,2300000.0
"12 Mai Chí Thọ, Q9",phòng trọ,cho thuê,9.0,0,không có,tốt,1000000.0
"127 Bùi Viện, Q3",phòng trọ,cho thuê,20.0,0,đầy đủ,mới,3500000.0
"29 Mai Chí Thọ, Q10",phòng trọ,cho thuê,16.0,0,cơ bản,cũ,2700000.0
"28 Quách Thị Trang, Q1",phòng trọ,cho thuê,10.0,0,đầy đủ,tốt,1600000.0
"97 Lũy Bán Bích, Q1",phòng trọ,cho thuê,15.0,0,cơ bản,tốt,2700000.0
"58 Pasteur, Q9",nhà nguyên căn,cho thuê,42.0,5,đầy đủ,tốt,21900000.0
"108 Trường Chinh, Q4",phòng trọ,cho thuê,16.0,0,cơ bản,tốt,2100000.0
"158 Nguyễn Thị Minh Khai, Q4",chung cư,cho thuê,84.0,9,không có,mới,9300000.0
"42 Nguyễn Trãi, Q5",nhà nguyên căn,bán,39.0,3,đầy đủ,cũ,6653500000.0
"104 Công xã Paris, Q9",phòng trọ,cho thuê,10.0,0,cơ bản,tốt,900000.0
"25 Mai Chí Thọ, Q6",phòng trọ,cho thuê,15.0,0,đầy đủ,tốt,1600000.0
"176 Rừng Sác, Q2",nhà nguyên căn,bán,43.0,4,đầy đủ,mới,16195200000.0
"128 Võ Chí Công, Q3",phòng trọ,cho thuê,20.0,0,cơ bản,cũ,2300000.0
"153 Phạm Ngũ Lão, Q10",văn phòng,cho thuê,320.0,17,không có,cũ,151500000.0
"74 Xô Viết Nghệ Tĩnh, Q7",phòng trọ,cho thuê,19.0,0,không có,mới,1500000.0
"33 Võ Nguyên Giáp, Q2",phòng trọ,cho thuê,15.0,0,đầy đủ,mới,1200000.0
"133 Pasteur, Q5",phòng trọ,cho thuê,16.0,0,không có,tốt,2600000.0
"18 Nguyễn Huệ, Q9",phòng trọ,cho thuê,10.0,0,cơ bản,cũ,1400000.0
"100 Mai Chí Thọ, Q9",nhà nguyên căn,bán,35.0,1,không có,cũ,1966200000.0
"84 Lê Duẩn, Q3",phòng trọ,cho thuê,17.0,0,cơ bản,tốt,1800000.0
"152 Lạc Long Quân, Q3",phòng trọ,cho thuê,16.0,0,đầy đủ,mới,1500000.0
"86 Tôn Đức Thắng, Q2",phòng trọ,cho thuê,12.0,0,đầy đủ,mới,2200000.0
"120 Lê Văn Duyệt, Q3",chung cư,bán,70.0,2,đầy đủ,tốt,6000600000.0
"116 Quách Thị Trang, Q1",phòng trọ,cho thuê,12.0,0,không có,cũ,1600000.0
"187 Châu Văn Liêm, Q7",phòng trọ,cho thuê,9.0,0,đầy đủ,tốt,700000.0
"130 Lạc Long Quân, Q8",phòng trọ,cho thuê,10.0,0,đầy đủ,mới,700000.0
"92 Nam Kỳ Khởi Nghĩa, Q5",phòng trọ,cho thuê,9.0,0,không có,mới,600000.0
"38 Lê Lợi, Q7",phòng trọ,cho thuê,15.0,0,cơ bản,mới,900000.0
"162 Lý Tự Trọng, Q9",văn phòng,cho thuê,525.0,6,cơ bản,mới,764600000.0
"37 CMT8, Q4",nhà nguyên căn,bán,41.0,2,không có,cũ,5084200000.0
"52 Lũy Bán Bích, Q4",phòng trọ,cho thuê,19.0,0,cơ bản,mới,1800000.0
"200 Phạm Ngũ Lão, Q7",chung cư,cho thuê,75.0,11,cơ bản,cũ,9400000.0
"89 Hùng Vương, Q10",phòng trọ,cho thuê,11.0,0,không có,tốt,1600000.0
"174 Nguyễn Thị Minh Khai, Q3",phòng trọ,cho thuê,10.0,0,cơ bản,tốt,1200000.0
"138 Lê Lợi, Q6",phòng trọ,cho thuê,15.0,0,không có,mới,2200000.0
"184 Lam Sơn, Q5",chung cư,bán,84.0,18,cơ bản,cũ,3475800000.0
"94 Hàm Nghi, Q1",nhà nguyên căn,bán,43.0,3,cơ bản,tốt,6300900000.0
"3 Trần Hưng Đạo, Q2",nhà nguyên căn,cho thuê,38.0,5,không có,mới,12800000.0
"108 Nguyễn Huệ, Q8",phòng trọ,cho thuê,17.0,0,đầy đủ,tốt,2000000.0
"16 Lý Tự Trọng, Q2",phòng trọ,cho thuê,14.0,0,đầy đủ,tốt,1300000.0
"141 Hàm Nghi, Q6",phòng trọ,cho thuê,12.0,0,cơ bản,tốt,1200000.0
"107 Pasteur, Q5",văn phòng,cho thuê,315.0,15,không có,cũ,427900000.0
"30 Lê Văn Duyệt, Q7",chung cư,bán,84.0,1,đầy đủ,mới,6456400000.0
"44 Hai Bà Trưng, Q2",phòng trọ,cho thuê,16.0,0,cơ bản,tốt,2500000.0
"178 Lê Duẩn, Q5",phòng trọ,cho thuê,17.0,0,không có,tốt,2500000.0
"9 Lý Thường Kiệt, Q9",phòng trọ,cho thuê,14.0,0,đầy đủ,mới,1100000.0
"170 Châu Văn Liêm, Q7",phòng trọ,cho thuê,11.0,0,đầy đủ,tốt,800000.0
"160 Hải Thượng Lãn Ông, Q4",phòng trọ,cho thuê,12.0,0,đầy đủ,tốt,2000000.0
"141 Âu Cơ, Q10",phòng trọ,cho thuê,11.0,0,không có,tốt,1900000.0
"85 Nguyễn Văn Linh, Q10",chung cư,cho thuê,124.0,7,cơ bản,cũ,24300000.0
"15 Dân Chủ, Q3",chung cư,cho thuê,65.0,11,cơ bản,mới,8300000.0
"137 Xô Viết Nghệ Tĩnh, Q2",phòng trọ,cho thuê,11.0,0,cơ bản,cũ,800000.0
"176 Hải Thượng Lãn Ông, Q6",phòng trọ,cho thuê,11.0,0,không có,cũ,1500000.0
"183 Rừng Sác, Q3",phòng trọ,cho thuê,10.0,0,không có,mới,2100000.0
"199 Nguyễn Hữu Cảnh, Q3",phòng trọ,cho thuê,16.0,0,không có,cũ,1100000.0
"101 Cách Mạng Tháng Tám, Q2",phòng trọ,cho thuê,11.0,0,đầy đủ,tốt,1000000.0
"23 Dân Chủ, Q5",phòng trọ,cho thuê,16.0,0,không có,tốt,2400000.0
"100 Trường Chinh, Q5",phòng trọ,cho thuê,15.0,0,không có,tốt,1800000.0
"83 Dân Chủ, Q6",nhà nguyên căn,cho thuê,44.0,1,cơ bản,cũ,4100000.0
"178 Xô Viết Nghệ Tĩnh, Q3",phòng trọ,cho thuê,13.0,0,cơ bản,tốt,1600000.0
"15 Châu Văn Liêm, Q9",nhà nguyên căn,bán,33.0,1,không có,mới,1243400000.0
"191 Lũy Bán Bích, Q3",phòng trọ,cho thuê,15.0,0,đầy đủ,tốt,1800000.0
"166 Lê Lợi, Q5",phòng trọ,cho thuê,12.0,0,đầy đủ,cũ,2100000.0
"176 Nguyễn Hữu Cảnh, Q9",phòng trọ,cho thuê,19.0,0,không có,mới,2500000.0
"38 Trường Chinh, Q6",phòng trọ,cho thuê,9.0,0,không có,mới,700000.0
"161 Bùi Viện, Q5",chung cư,cho thuê,75.0,1,đầy đủ,mới,8200000.0
"6 Công xã Paris, Q6",phòng trọ,cho thuê,15.0,0,không có,mới,2000000.0
"196 Âu Cơ, Q1",phòng trọ,cho thuê,13.0,0,đầy đủ,tốt,2400000.0
"170 Trần Hưng Đạo, Q1",phòng trọ,cho thuê,13.0,0,không có,tốt,1500000.0
"129 Lê Lợi, Q2",văn phòng,cho thuê,505.0,12,đầy đủ,tốt,580000000.0
"37 Hải Thượng Lãn Ông, Q6",phòng trọ,cho thuê,14.0,0,cơ bản,mới,1200000.0
"24 Lý Tự Trọng, Q3",nhà nguyên căn,bán,31.0,3,cơ bản,cũ,4495100000.0
"14 Mai Chí Thọ, Q9",nhà nguyên căn,bán,44.0,4,cơ bản,mới,6887300000.0
"83 Trường Chinh, Q5",phòng trọ,cho thuê,13.0,0,cơ bản,tốt,2500000.0
"16 Lũy Bán Bích, Q7",văn phòng,bán,335.0,4,đầy đủ,mới,30522700000.0
"91 Lam Sơn, Q10",phòng trọ,cho thuê,11.0,0,không có,cũ,1600000.0
"17 Võ Nguyên Giáp, Q4",phòng trọ,cho thuê,14.0,0,không có,mới,2000000.0
"88 Lý Tự Trọng, Q2",nhà nguyên căn,bán,45.0,1,không có,cũ,967000000.0
"141 Quốc tế, Q4",phòng trọ,cho thuê,12.0,0,cơ bản,tốt,1200000.0
"10 Mê Linh, Q3",phòng trọ,cho thuê,19.0,0,cơ bản,mới,2600000.0
"63 Lũy Bán Bích, Q10",phòng trọ,cho thuê,17.0,0,đầy đủ,cũ,1900000.0
"80 Lê Văn Duyệt, Q7",phòng trọ,cho thuê,15.0,0,không có,cũ,1700000.0
"45 Nguyễn Huệ, Q5",nhà nguyên căn,bán,37.0,3,không có,mới,8221000000.0
"193 Phạm Ngũ Lão, Q10",phòng trọ,cho thuê,16.0,0,cơ bản,mới,2600000.0
"8 Trường Chinh, Q10",phòng trọ,cho thuê,13.0,0,đầy đủ,cũ,2600000.0
"193 CMT8, Q5",phòng trọ,cho thuê,17.0,0,cơ bản,cũ,2100000.0
"174 Lê Lợi, Q6",phòng trọ,cho thuê,14.0,0,cơ bản,cũ,1600000.0
"109 Tôn Đức Thắng, Q10",chung cư,bán,124.0,5,cơ bản,tốt,12106800000.0
"129 Lý Tự Trọng, Q3",phòng trọ,cho thuê,14.0,0,không có,tốt,2100000.0
"115 Hai Bà Trưng, Q2",nhà nguyên căn,cho thuê,44.0,2,không có,tốt,8000000.0
"122 Rừng Sác, Q5",phòng trọ,cho thuê,12.0,0,cơ bản,cũ,800000.0
"68 Lý Thường Kiệt, Q3",phòng trọ,cho thuê,9.0,0,cơ bản,cũ,1400000.0
"188 Công xã Paris, Q1",phòng trọ,cho thuê,18.0,0,cơ bản,cũ,1600000.0
"98 Võ Chí Công, Q7",phòng trọ,cho thuê,13.0,0,đầy đủ,cũ,1000000.0
"39 Lê Lợi, Q10",phòng trọ,cho thuê,14.0,0,không có,tốt,1900000.0
"114 Rừng Sác, Q3",phòng trọ,cho thuê,14.0,0,đầy đủ,cũ,1100000.0
"152 Nguyễn Thị Minh Khai, Q2",phòng trọ,cho thuê,11.0,0,không có,tốt,800000.0
"76 Cách Mạng Tháng Tám, Q7",phòng trọ,cho thuê,11.0,0,cơ bản,mới,1500000.0
"127 Lê Duẩn, Q5",phòng trọ,cho thuê,12.0,0,cơ bản,tốt,2300000.0
"11 Quốc tế, Q9",phòng trọ,cho thuê,9.0,0,không có,cũ,1200000.0
"171 Nam Kỳ Khởi Nghĩa, Q6",phòng trọ,cho thuê,11.0,0,không có,tốt,900000.0
"75 Bùi Viện, Q4",chung cư,bán,75.0,2,đầy đủ,cũ,1860400000.0
"113 Quách Thị Trang, Q4",chung cư,cho thuê,75.0,16,đầy đủ,tốt,7700000.0
"14 Phạm Văn Đồng, Q2",chung cư,cho thuê,75.0,1,không có,tốt,7400000.0
"62 Lũy Bán Bích, Q5",phòng trọ,cho thuê,19.0,0,cơ bản,tốt,1800000.0
"196 Bùi Viện, Q8",nhà nguyên căn,cho thuê,45.0,5,cơ bản,tốt,32400000.0
"43 Pasteur, Q9",phòng trọ,cho thuê,20.0,0,cơ bản,cũ,1900000.0
"53 Tôn Đức Thắng, Q4",phòng trọ,cho thuê,19.0,0,cơ bản,mới,3200000.0
"172 Hàm Nghi, Q9",phòng trọ,cho thuê,12.0,0,không có,tốt,1000000.0
"133 Nguyễn Huệ, Q5",phòng trọ,cho thuê,17.0,0,đầy đủ,mới,2100000.0
"188 Nguyễn Văn Linh, Q9",chung cư,bán,65.0,19,đầy đủ,mới,5698500000.0
"53 Nguyễn Văn Linh, Q2",phòng trọ,cho thuê,12.0,0,cơ bản,tốt,1500000.0
"144 Hàm Nghi, Q5",phòng trọ,cho thuê,12.0,0,đầy đủ,tốt,1900000.0
"127 Xô Viết Nghệ Tĩnh, Q3",phòng trọ,cho thuê,11.0,0,không có,cũ,1000000.0
"132 Nguyễn Văn Linh, Q1",phòng trọ,cho thuê,12.0,0,đầy đủ,tốt,2400000.0
"106 Công xã Paris, Q10",phòng trọ,cho thuê,20.0,0,cơ bản,tốt,2800000.0
"120 Xô Viết Nghệ Tĩnh, Q4",phòng trọ,cho thuê,11.0,0,đầy đủ,cũ,1800000.0
"194 Công xã Paris, Q9",nhà nguyên căn,cho thuê,40.0,1,cơ bản,tốt,5200000.0
"176 Phạm Văn Đồng, Q8",nhà nguyên căn,bán,44.0,2,không có,mới,2376700000.0
"19 Tôn Đức Thắng, Q9",phòng trọ,cho thuê,12.0,0,không có,cũ,1200000.0
"87 Hàm Nghi, Q7",phòng trọ,cho thuê,19.0,0,đầy đủ,tốt,2600000.0
"145 Mê Linh, Q2",phòng trọ,cho thuê,11.0,0,cơ bản,mới,1000000.0
"141 Châu Văn Liêm, Q8",nhà nguyên căn,cho thuê,31.0,5,cơ bản,cũ,20200000.0
"172 Hàm Nghi, Q10",phòng trọ,cho thuê,19.0,0,không có,tốt,3400000.0
"115 Nguyễn Văn Linh, Q1",phòng trọ,cho thuê,14.0,0,không có,cũ,2100000.0
"11 Lê Duẩn, Q2",phòng trọ,cho thuê,16.0,0,không có,mới,1800000.0
"138 Trường Chinh, Q5",nhà nguyên căn,bán,29.0,3,cơ bản,mới,4453000000.0
"16 Nguyễn Thị Minh Khai, Q8",phòng trọ,cho thuê,16.0,0,không có,mới,2700000.0
"146 Nguyễn Văn Linh, Q5",nhà nguyên căn,cho thuê,29.0,2,không có,mới,8000000.0
"174 Nguyễn Huệ, Q1",phòng trọ,cho thuê,14.0,0,đầy đủ,cũ,2000000.0
"93 Võ Nguyên Giáp, Q3",chung cư,bán,84.0,5,cơ bản,tốt,4853800000.0
"21 Võ Nguyên Giáp, Q8",phòng trọ,cho thuê,15.0,0,cơ bản,cũ,2200000.0
"126 Hàm Nghi, Q6",phòng trọ,cho thuê,14.0,0,không có,mới,900000.0
"94 Võ Nguyên Giáp, Q9",chung cư,cho thuê,124.0,2,cơ bản,cũ,14500000.0
"31 Nguyễn Thị Minh Khai, Q4",phòng trọ,cho thuê,17.0,0,cơ bản,cũ,2300000.0
"193 Lê Duẩn, Q9",phòng trọ,cho thuê,18.0,0,đầy đủ,mới,1900000.0
"90 Nguyễn Hữu Cảnh, Q10",phòng trọ,cho thuê,16.0,0,đầy đủ,cũ,1900000.0
"58 Trần Hưng Đạo, Q4",phòng trọ,cho thuê,17.0,0,cơ bản,tốt,1800000.0
"116 Lê Duẩn, Q2",phòng trọ,cho thuê,13.0,0,đầy đủ,tốt,1400000.0
"10 Hải Thượng Lãn Ông, Q2",phòng trọ,cho thuê,12.0,0,đầy đủ,tốt,1900000.0
"3 CMT8, Q6",phòng trọ,cho thuê,13.0,0,không có,cũ,1700000.0
"165 Trường Chinh, Q4",nhà nguyên căn,bán,42.0,3,không có,mới,3230300000.0
"180 Trần Hưng Đạo, Q7",phòng trọ,cho thuê,10.0,0,đầy đủ,cũ,1300000.0
"115 Dân Chủ, Q6",chung cư,bán,124.0,11,cơ bản,mới,5978600000.0
"126 Mê Linh, Q10",phòng trọ,cho thuê,9.0,0,không có,cũ,1000000.0
"55 Lý Thường Kiệt, Q7",nhà nguyên căn,cho thuê,35.0,2,không có,mới,6800000.0
"188 Quốc tế, Q9",phòng trọ,cho thuê,15.0,0,đầy đủ,cũ,2100000.0
"169 Nguyễn Hữu Cảnh, Q4",phòng trọ,cho thuê,19.0,0,không có,mới,2100000.0
"175 Mê Linh, Q8",chung cư,bán,84.0,19,đầy đủ,mới,3490300000.0
"27 Hùng Vương, Q2",phòng trọ,cho thuê,18.0,0,cơ bản,tốt,2700000.0
"73 Âu Cơ, Q3",nhà nguyên căn,bán,45.0,3,cơ bản,cũ,3856600000.0
"122 Châu Văn Liêm, Q9",nhà nguyên căn,cho thuê,36.0,2,đầy đủ,mới,5000000.0
"91 Quách Thị Trang, Q6",văn phòng,cho thuê,465.0,3,đầy đủ,tốt,599600000.0
"102 Lê Lợi, Q2",văn phòng,cho thuê,465.0,10,cơ bản,cũ,350300000.0
"162 Rừng Sác, Q4",phòng trọ,cho thuê,15.0,0,không có,cũ,1200000.0
"41 Mê Linh, Q4",nhà nguyên căn,cho thuê,45.0,1,đầy đủ,tốt,4200000.0
"93 Lam Sơn, Q10",nhà nguyên căn,cho thuê,36.0,3,đầy đủ,cũ,15600000.0
"97 Lạc Long Quân, Q4",phòng trọ,cho thuê,10.0,0,cơ bản,tốt,800000.0
"47 Nguyễn Huệ, Q5",phòng trọ,cho thuê,14.0,0,không có,mới,2000000.0
"176 Bùi Viện, Q6",phòng trọ,cho thuê,14.0,0,cơ bản,cũ,1500000.0
"110 Phạm Ngũ Lão, Q7",nhà nguyên căn,bán,27.0,3,cơ bản,cũ,3898800000.0
"193 Phạm Văn Đồng, Q2",phòng trọ,cho thuê,11.0,0,cơ bản,cũ,1300000.0
"130 Rừng Sác, Q8",phòng trọ,cho thuê,20.0,0,đầy đủ,tốt,1200000.0
"129 Trường Chinh, Q6",nhà nguyên căn,cho thuê,30.0,4,không có,mới,16200000.0
"49 Âu Cơ, Q3",chung cư,bán,65.0,17,cơ bản,mới,5295800000.0
"55 Nam Kỳ Khởi Nghĩa, Q10",phòng trọ,cho thuê,10.0,0,không có,mới,1900000.0
"151 Hàm Nghi, Q1",phòng trọ,cho thuê,15.0,0,cơ bản,cũ,2100000.0
"45 Nguyễn Văn Linh, Q6",chung cư,bán,75.0,1,cơ bản,mới,5402900000.0
"108 Công xã Paris, Q3",nhà nguyên căn,cho thuê,45.0,5,không có,tốt,34200000.0
"22 Nam Kỳ Khởi Nghĩa, Q2",phòng trọ,cho thuê,17.0,0,đầy đủ,cũ,2300000.0
"14 Nguyễn Trãi, Q8",chung cư,cho thuê,124.0,17,không có,tốt,12400000.0
"106 Mai Chí Thọ, Q8",phòng trọ,cho thuê,14.0,0,đầy đủ,cũ,2100000.0
"183 Xô Viết Nghệ Tĩnh, Q5",văn phòng,cho thuê,275.0,10,cơ bản,tốt,422900000.0
"23 Lam Sơn, Q3",phòng trọ,cho thuê,12.0,0,không có,mới,1200000.0
"47 Lê Duẩn, Q2",nhà nguyên căn,cho thuê,29.0,2,cơ bản,tốt,6000000.0
"136 Trần Hưng Đạo, Q3",phòng trọ,cho thuê,9.0,0,cơ bản,cũ,1300000.0
"21 Hai Bà Trưng, Q5",phòng trọ,cho thuê,10.0,0,không có,cũ,1100000.0
"59 Công xã Paris, Q7",phòng trọ,cho thuê,13.0,0,đầy đủ,mới,1000000.0
"190 CMT8, Q10",văn phòng,cho thuê,365.0,9,không có,cũ,242400000.0
"50 Nguyễn Trãi, Q4",văn phòng,cho thuê,365.0,14,đầy đủ,tốt,319400000.0
"128 Rừng Sác, Q4",phòng trọ,cho thuê,10.0,0,cơ bản,tốt,1000000.0
"16 Mê Linh, Q9",nhà nguyên căn,bán,41.0,3,đầy đủ,tốt,6828100000.0
"170 Hai Bà Trưng, Q4",phòng trọ,cho thuê,15.0,0,không có,mới,1900000.0
"20 Xô Viết Nghệ Tĩnh, Q10",phòng trọ,cho thuê,10.0,0,cơ bản,cũ,1100000.0
"50 Nguyễn Thị Minh Khai, Q3",nhà nguyên căn,cho thuê,33.0,1,cơ bản,cũ,4400000.0
"86 Đồng Khởi, Q4",phòng trọ,cho thuê,13.0,0,cơ bản,mới,2200000.0
"19 Võ Chí Công, Q6",phòng trọ,cho thuê,15.0,0,đầy đủ,tốt,2500000.0
"23 Tôn Đức Thắng, Q8",phòng trọ,cho thuê,14.0,0,cơ bản,mới,1100000.0
"4 Hai Bà Trưng, Q5",nhà nguyên căn,bán,41.0,5,cơ bản,tốt,14224100000.0
"166 Xô Viết Nghệ Tĩnh, Q3",chung cư,cho thuê,124.0,6,cơ bản,cũ,21800000.0
"189 Quốc tế, Q2",phòng trọ,cho thuê,14.0,0,cơ bản,tốt,1300000.0
"138 Âu Cơ, Q4",phòng trọ,cho thuê,16.0,0,cơ bản,mới,2800000.0
"20 Mai Chí Thọ, Q7",phòng trọ,cho thuê,11.0,0,không có,cũ,1400000.0
"8 Dân Chủ, Q8",phòng trọ,cho thuê,13.0,0,cơ bản,tốt,2000000.0
"165 Nguyễn Văn Linh, Q5",phòng trọ,cho thuê,16.0,0,đầy đủ,tốt,2900000.0
"58 Phạm Ngũ Lão, Q5",nhà nguyên căn,cho thuê,40.0,1,không có,mới,4900000.0
"64 Lý Tự Trọng, Q3",văn phòng,bán,240.0,19,không có,cũ,10788800000.0
"168 Lạc Long Quân, Q4",phòng trọ,cho thuê,10.0,0,cơ bản,mới,1500000.0
"131 Lê Lợi, Q3",chung cư,cho thuê,120.0,15,không có,cũ,11700000.0
"175 Nguyễn Huệ, Q2",phòng trọ,cho thuê,19.0,0,không có,tốt,1700000.0
"153 Nguyễn Trãi, Q5",phòng trọ,cho thuê,15.0,0,đầy đủ,tốt,3000000.0
"11 Trường Chinh, Q9",chung cư,cho thuê,70.0,17,cơ bản,tốt,5500000.0
"114 Trường Chinh, Q2",chung cư,cho thuê,65.0,18,cơ bản,tốt,9200000.0
"200 Lê Văn Duyệt, Q9",nhà nguyên căn,cho thuê,44.0,1,đầy đủ,tốt,3000000.0
"56 Phạm Văn Đồng, Q8",phòng trọ,cho thuê,17.0,0,đầy đủ,tốt,2300000.0
"16 Mê Linh, Q10",phòng trọ,cho thuê,10.0,0,đầy đủ,tốt,1000000.0
"38 Hàm Nghi, Q4",chung cư,bán,65.0,19,cơ bản,cũ,2841000000.0
"83 Võ Chí Công, Q5",nhà nguyên căn,bán,29.0,4,đầy đủ,mới,12948300000.0
"70 Lê Lợi, Q7",phòng trọ,cho thuê,16.0,0,không có,tốt,1400000.0
"43 Mai Chí Thọ, Q5",phòng trọ,cho thuê,15.0,0,không có,cũ,2100000.0
"191 Châu Văn Liêm, Q5",phòng trọ,cho thuê,13.0,0,không có,mới,1800000.0
"80 Lý Tự Trọng, Q3",nhà nguyên căn,cho thuê,39.0,4,cơ bản,tốt,23700000.0
"193 Mê Linh, Q1",nhà nguyên căn,cho thuê,30.0,4,cơ bản,cũ,18700000.0
"13 Công xã Paris, Q1",chung cư,bán,124.0,8,không có,mới,6570200000.0
"131 Trần Hưng Đạo, Q2",phòng trọ,cho thuê,17.0,0,cơ bản,tốt,2500000.0
"90 Lê Văn Duyệt, Q1",chung cư,bán,84.0,16,đầy đủ,tốt,7007400000.0
"70 Cách Mạng Tháng Tám, Q5",phòng trọ,cho thuê,17.0,0,không có,mới,2100000.0
"91 Hàm Nghi, Q4",phòng trọ,cho thuê,18.0,0,không có,cũ,1700000.0
"190 Lạc Long Quân, Q3",chung cư,bán,70.0,8,cơ bản,mới,6676800000.0
"162 Nguyễn Văn Linh, Q2",phòng trọ,cho thuê,11.0,0,không có,tốt,1000000.0
"44 Trường Chinh, Q9",văn phòng,cho thuê,575.0,15,không có,tốt,701700000.0
"111 Tôn Đức Thắng, Q8",phòng trọ,cho thuê,14.0,0,không có,tốt,1200000.0
"74 Võ Nguyên Giáp, Q10",nhà nguyên căn,bán,38.0,4,không có,tốt,7076200000.0
"200 Lê Văn Duyệt, Q10",phòng trọ,cho thuê,13.0,0,đầy đủ,mới,1100000.0
"10 Phạm Văn Đồng, Q5",phòng trọ,cho thuê,14.0,0,cơ bản,tốt,2500000.0
"80 Hùng Vương, Q7",phòng trọ,cho thuê,12.0,0,cơ bản,tốt,1600000.0
"192 Rừng Sác, Q9",nhà nguyên căn,cho thuê,40.0,4,không có,tốt,23900000.0
"163 Nguyễn Hữu Cảnh, Q3",phòng trọ,cho thuê,9.0,0,cơ bản,cũ,600000.0
"167 Lý Thường Kiệt, Q1",nhà nguyên căn,cho thuê,34.0,2,đầy đủ,mới,8400000.0
"44 Âu Cơ, Q5",văn phòng,cho thuê,175.0,4,không có,mới,378400000.0
"101 Lý Thường Kiệt, Q4",phòng trọ,cho thuê,14.0,0,đầy đủ,mới,1800000.0
"79 Trần Hưng Đạo, Q9",chung cư,bán,90.0,6,đầy đủ,tốt,7890900000.0
"22 Cách Mạng Tháng Tám, Q9",phòng trọ,cho thuê,9.0,0,đầy đủ,mới,1500000.0
"43 Bùi Viện, Q10",phòng trọ,cho thuê,14.0,0,không có,cũ,1700000.0
"131 Nguyễn Trãi, Q10",phòng trọ,cho thuê,15.0,0,đầy đủ,mới,1800000.0
"42 Hùng Vương, Q10",văn phòng,cho thuê,360.0,17,không có,cũ,599400000.0
"54 Công xã Paris, Q8",chung cư,bán,84.0,6,không có,cũ,4387600000.0
"53 Hàm Nghi, Q3",văn phòng,cho thuê,405.0,4,không có,mới,374200000.0
"182 Nguyễn Huệ, Q3",phòng trọ,cho thuê,9.0,0,không có,tốt,1200000.0
"9 Lý Tự Trọng, Q1",phòng trọ,cho thuê,13.0,0,đầy đủ,cũ,1800000.0
"22 Xô Viết Nghệ Tĩnh, Q9",phòng trọ,cho thuê,20.0,0,không có,mới,1800000.0
"177 Xô Viết Nghệ Tĩnh, Q4",phòng trọ,cho thuê,9.0,0,cơ bản,cũ,1200000.0
"17 Nam Kỳ Khởi Nghĩa, Q9",phòng trọ,cho thuê,17.0,0,không có,cũ,1500000.0
"128 Pasteur, Q2",phòng trọ,cho thuê,20.0,0,cơ bản,mới,3200000.0
"195 Lý Tự Trọng, Q5",chung cư,bán,70.0,8,cơ bản,cũ,3023100000.0
"39 Cách Mạng Tháng Tám, Q10",phòng trọ,cho thuê,17.0,0,đầy đủ,mới,1400000.0
"149 Nguyễn Trãi, Q7",phòng trọ,cho thuê,18.0,0,không có,mới,1500000.0
"191 Nguyễn Trãi, Q9",chung cư,bán,70.0,12,cơ bản,mới,2275600000.0
"145 Nam Kỳ Khởi Nghĩa, Q3",phòng trọ,cho thuê,19.0,0,không có,tốt,1500000.0
"147 Hai Bà Trưng, Q7",phòng trọ,cho thuê,20.0,0,cơ bản,tốt,3100000.0
"166 Nguyễn Thị Minh Khai, Q10",phòng trọ,cho thuê,12.0,0,cơ bản,mới,2600000.0
"183 Công xã Paris, Q7",phòng trọ,cho thuê,14.0,0,cơ bản,tốt,1400000.0
"46 Nguyễn Trãi, Q4",phòng trọ,cho thuê,14.0,0,đầy đủ,mới,1200000.0
"26 CMT8, Q8",chung cư,bán,90.0,14,không có,mới,3413600000.0
"66 Châu Văn Liêm, Q6",văn phòng,bán,435.0,9,cơ bản,tốt,26530600000.0
"190 Lê Duẩn, Q2",nhà nguyên căn,bán,43.0,1,cơ bản,mới,2302400000.0
"73 Nguyễn Văn Linh, Q3",nhà nguyên căn,bán,36.0,1,không có,cũ,824400000.0
"63 Phạm Ngũ Lão, Q2",nhà nguyên căn,bán,35.0,5,đầy đủ,tốt,13100900000.0
"147 Lý Tự Trọng, Q8",văn phòng,cho thuê,570.0,5,không có,tốt,922300000.0
"48 Hải Thượng Lãn Ông, Q4",phòng trọ,cho thuê,12.0,0,cơ bản,tốt,800000.0
"37 Lê Văn Duyệt, Q2",phòng trọ,cho thuê,18.0,0,cơ bản,mới,2400000.0
"195 Lê Lợi, Q2",phòng trọ,cho thuê,20.0,0,cơ bản,mới,3400000.0
"13 Nguyễn Văn Linh, Q5",phòng trọ,cho thuê,19.0,0,đầy đủ,cũ,2900000.0
"88 Đồng Khởi, Q3",phòng trọ,cho thuê,12.0,0,không có,mới,1000000.0
"9 Nguyễn Huệ, Q5",phòng trọ,cho thuê,11.0,0,không có,tốt,700000.0
"77 Lê Duẩn, Q9",văn phòng,cho thuê,250.0,2,đầy đủ,mới,381600000.0
"77 Dân Chủ, Q4",nhà nguyên căn,bán,45.0,4,cơ bản,cũ,12971000000.0
"165 Nguyễn Huệ, Q3",phòng trọ,cho thuê,10.0,0,đầy đủ,tốt,1400000.0
"144 Lê Văn Duyệt, Q6",phòng trọ,cho thuê,13.0,0,không có,mới,1000000.0
"93 Võ Nguyên Giáp, Q9",phòng trọ,cho thuê,15.0,0,cơ bản,tốt,900000.0
"127 Lạc Long Quân, Q10",phòng trọ,cho thuê,13.0,0,đầy đủ,cũ,1100000.0
"27 Quách Thị Trang, Q4",phòng trọ,cho thuê,13.0,0,cơ bản,mới,1600000.0
"100 Lý Thường Kiệt, Q6",nhà nguyên căn,bán,40.0,1,không có,cũ,1540100000.0
"132 Nguyễn Thị Minh Khai, Q9",nhà nguyên căn,cho thuê,45.0,3,cơ bản,cũ,10700000.0
"194 Trường Chinh, Q5",phòng trọ,cho thuê,11.0,0,đầy đủ,cũ,2100000.0
"73 Lam Sơn, Q2",phòng trọ,cho thuê,15.0,0,đầy đủ,mới,1400000.0
"137 Tôn Đức Thắng, Q10",phòng trọ,cho thuê,12.0,0,cơ bản,mới,1700000.0
"52 Lam Sơn, Q3",văn phòng,cho thuê,520.0,8,cơ bản,mới,990900000.0
"84 Mê Linh, Q1",phòng trọ,cho thuê,15.0,0,cơ bản,tốt,2700000.0
"173 Lê Duẩn, Q2",phòng trọ,cho thuê,17.0,0,không có,mới,2100000.0
"184 Lý Thường Kiệt, Q5",chung cư,bán,120.0,8,không có,cũ,4057000000.0
"54 Lũy Bán Bích, Q7",phòng trọ,cho thuê,11.0,0,không có,mới,700000.0
"4 Công xã Paris, Q5",chung cư,bán,70.0,19,cơ bản,mới,3272200000.0
"19 Nguyễn Huệ, Q7",chung cư,bán,90.0,19,cơ bản,cũ,3637700000.0
"162 Võ Chí Công, Q6",phòng trọ,cho thuê,12.0,0,đầy đủ,cũ,1700000.0
"145 Lý Thường Kiệt, Q5",nhà nguyên căn,bán,36.0,4,không có,cũ,7251300000.0
"9 Pasteur, Q8",nhà nguyên căn,cho thuê,41.0,5,cơ bản,mới,31800000.0
"197 Nguyễn Văn Linh, Q9",phòng trọ,cho thuê,15.0,0,không có,mới,1600000.0
"125 Hai Bà Trưng, Q1",phòng trọ,cho thuê,10.0,0,không có,cũ,1000000.0
"11 Phạm Ngũ Lão, Q2",phòng trọ,cho thuê,17.0,0,cơ bản,cũ,2200000.0
"97 Trường Chinh, Q6",phòng trọ,cho thuê,11.0,0,đầy đủ,mới,1600000.0
"67 Châu Văn Liêm, Q4",phòng trọ,cho thuê,16.0,0,không có,cũ,1200000.0
"142 Lý Thường Kiệt, Q1",phòng trọ,cho thuê,16.0,0,cơ bản,tốt,1200000.0
"78 Phạm Văn Đồng, Q1",phòng trọ,cho thuê,16.0,0,không có,cũ,1600000.0
"59 CMT8, Q9",chung cư,bán,120.0,17,đầy đủ,tốt,5947800000.0
"69 Rừng Sác, Q5",phòng trọ,cho thuê,14.0,0,cơ bản,cũ,1800000.0
"118 Mai Chí Thọ, Q2",phòng trọ,cho thuê,12.0,0,đầy đủ,mới,1900000.0
"111 Hai Bà Trưng, Q5",nhà nguyên căn,bán,30.0,2,đầy đủ,mới,4059300000.0
"188 Rừng Sác, Q1",phòng trọ,cho thuê,15.0,0,không có,mới,2100000.0
"108 Hàm Nghi, Q5",phòng trọ,cho thuê,19.0,0,cơ bản,cũ,3000000.0
"129 Pasteur, Q4",phòng trọ,cho thuê,19.0,0,cơ bản,tốt,1600000.0
"123 Âu Cơ, Q4",phòng trọ,cho thuê,9.0,0,không có,cũ,1100000.0
"18 Nguyễn Thị Minh Khai, Q10",văn phòng,cho thuê,315.0,15,không có,mới,418500000.0
"38 Nguyễn Trãi, Q10",phòng trọ,cho thuê,10.0,0,đầy đủ,tốt,1500000.0
"66 Mai Chí Thọ, Q4",phòng trọ,cho thuê,20.0,0,đầy đủ,tốt,1400000.0
"97 Mê Linh, Q4",phòng trọ,cho thuê,20.0,0,cơ bản,cũ,1000000.0
"126 Lê Lợi, Q2",phòng trọ,cho thuê,17.0,0,cơ bản,mới,2900000.0
"161 Lam Sơn, Q2",phòng trọ,cho thuê,18.0,0,cơ bản,mới,1700000.0
"104 Lê Văn Duyệt, Q4",chung cư,cho thuê,84.0,14,cơ bản,mới,7100000.0
"113 Lê Duẩn, Q9",phòng trọ,cho thuê,11.0,0,không có,tốt,1300000.0
"53 Mê Linh, Q5",phòng trọ,cho thuê,14.0,0,không có,tốt,1500000.0
"105 Hàm Nghi, Q6",văn phòng,cho thuê,335.0,8,cơ bản,cũ,197800000.0
"102 Đồng Khởi, Q10",chung cư,bán,90.0,8,không có,mới,4113700000.0
"13 Nam Kỳ Khởi Nghĩa, Q1",phòng trọ,cho thuê,18.0,0,đầy đủ,mới,3700000.0
"145 Nguyễn Thị Minh Khai, Q1",nhà nguyên căn,bán,36.0,5,không có,tốt,15551900000.0
"38 Lê Văn Duyệt, Q4",phòng trọ,cho thuê,11.0,0,không có,tốt,1200000.0
"181 Võ Nguyên Giáp, Q4",phòng trọ,cho thuê,16.0,0,đầy đủ,cũ,1400000.0
"12 Nguyễn Thị Minh Khai, Q4",phòng trọ,cho thuê,17.0,0,đầy đủ,mới,1600000.0
"68 Võ Chí Công, Q5",phòng trọ,cho thuê,18.0,0,đầy đủ,tốt,3400000.0
"98 Nguyễn Văn Linh, Q6",chung cư,cho thuê,120.0,20,đầy đủ,mới,9600000.0
"155 Mai Chí Thọ, Q9",phòng trọ,cho thuê,13.0,0,không có,mới,1900000.0
"73 Xô Viết Nghệ Tĩnh, Q1",văn phòng,cho thuê,525.0,11,cơ bản,mới,332800000.0
"26 CMT8, Q6",phòng trọ,cho thuê,15.0,0,cơ bản,mới,2600000.0
"52 Lê Lợi, Q3",chung cư,cho thuê,124.0,2,cơ bản,cũ,17600000.0
"48 Quách Thị Trang, Q8",phòng trọ,cho thuê,11.0,0,cơ bản,tốt,900000.0
"10 Lũy Bán Bích, Q3",phòng trọ,cho thuê,16.0,0,đầy đủ,mới,1900000.0
"74 Lam Sơn, Q4",phòng trọ,cho thuê,14.0,0,cơ bản,cũ,700000.0
"84 Nguyễn Trãi, Q1",chung cư,bán,84.0,7,không có,tốt,5483900000.0
"62 Âu Cơ, Q5",phòng trọ,cho thuê,13.0,0,đầy đủ,tốt,1500000.0
"72 Phạm Văn Đồng, Q6",phòng trọ,cho thuê,19.0,0,không có,tốt,1200000.0
"26 Phạm Ngũ Lão, Q5",nhà nguyên căn,bán,35.0,5,không có,tốt,5733000000.0
"133 Nguyễn Hữu Cảnh, Q7",phòng trọ,cho thuê,13.0,0,không có,tốt,1500000.0
"57 Lam Sơn, Q9",phòng trọ,cho thuê,17.0,0,không có,tốt,2100000.0
"173 Tôn Đức Thắng, Q10",phòng trọ,cho thuê,18.0,0,cơ bản,cũ,1900000.0
"125 Tôn Đức Thắng, Q6",chung cư,cho thuê,124.0,19,đầy đủ,tốt,10900000.0
"50 Nguyễn Trãi, Q8",phòng trọ,cho thuê,18.0,0,không có,cũ,2100000.0
"120 Dân Chủ, Q1",chung cư,cho thuê,124.0,19,đầy đủ,mới,9900000.0
"101 Phạm Văn Đồng, Q10",nhà nguyên căn,bán,41.0,1,không có,mới,1732000000.0
"125 Lũy Bán Bích, Q7",phòng trọ,cho thuê,19.0,0,đầy đủ,cũ,1400000.0
"83 Lê Lợi, Q3",văn phòng,cho thuê,510.0,4,không có,tốt,808300000.0
"29 Lam Sơn, Q5",nhà nguyên căn,bán,41.0,3,cơ bản,tốt,8329200000.0
"115 Phạm Ngũ Lão, Q10",phòng trọ,cho thuê,20.0,0,đầy đủ,tốt,3300000.0
"157 Lê Duẩn, Q9",phòng trọ,cho thuê,14.0,0,không có,mới,1100000.0
"57 Lê Lợi, Q4",phòng trọ,cho thuê,9.0,0,đầy đủ,mới,1400000.0
"26 Trường Chinh, Q2",phòng trọ,cho thuê,9.0,0,đầy đủ,mới,1000000.0
"134 Hàm Nghi, Q6",phòng trọ,cho thuê,13.0,0,không có,tốt,1000000.0
"91 Phạm Ngũ Lão, Q7",phòng trọ,cho thuê,13.0,0,cơ bản,cũ,800000.0
"183 Hai Bà Trưng, Q5",phòng trọ,cho thuê,20.0,0,đầy đủ,cũ,3400000.0
"95 Hải Thượng Lãn Ông, Q9",phòng trọ,cho thuê,18.0,0,cơ bản,cũ,2600000.0
"173 Châu Văn Liêm, Q2",phòng trọ,cho thuê,16.0,0,đầy đủ,cũ,1100000.0
"17 Cách Mạng Tháng Tám, Q4",phòng trọ,cho thuê,9.0,0,không có,tốt,600000.0
"112 Hùng Vương, Q9",phòng trọ,cho thuê,9.0,0,không có,cũ,900000.0
"40 Lam Sơn, Q9",nhà nguyên căn,cho thuê,43.0,4,không có,cũ,21600000.0
"162 Lê Lợi, Q4",phòng trọ,cho thuê,9.0,0,cơ bản,cũ,800000.0
"74 Công xã Paris, Q6",chung cư,bán,120.0,16,đầy đủ,tốt,7096500000.0
"147 Võ Nguyên Giáp, Q4",nhà nguyên căn,bán,39.0,4,đầy đủ,cũ,5006400000.0
"104 Nguyễn Văn Linh, Q4",phòng trọ,cho thuê,10.0,0,đầy đủ,mới,1400000.0
"137 Rừng Sác, Q1",phòng trọ,cho thuê,13.0,0,đầy đủ,mới,2600000.0
"188 Lê Văn Duyệt, Q3",văn phòng,cho thuê,235.0,9,cơ bản,mới,370700000.0
"168 Nguyễn Thị Minh Khai, Q10",phòng trọ,cho thuê,13.0,0,đầy đủ,mới,1800000.0
"104 Quách Thị Trang, Q6",phòng trọ,cho thuê,18.0,0,cơ bản,cũ,1200000.0
"143 Đồng Khởi, Q10",phòng trọ,cho thuê,17.0,0,cơ bản,tốt,1100000.0
"158 Quốc tế, Q3",phòng trọ,cho thuê,10.0,0,đầy đủ,cũ,900000.0
"41 Nguyễn Huệ, Q9",phòng trọ,cho thuê,10.0,0,đầy đủ,tốt,700000.0
"172 Phạm Văn Đồng, Q9",phòng trọ,cho thuê,13.0,0,cơ bản,tốt,1600000.0
"13 Lạc Long Quân, Q8",phòng trọ,cho thuê,19.0,0,cơ bản,mới,1600000.0
"131 Nguyễn Huệ, Q1",văn phòng,cho thuê,275.0,11,cơ bản,tốt,539700000.0
"32 Công xã Paris, Q8",phòng trọ,cho thuê,13.0,0,cơ bản,tốt,2000000.0
"73 Trần Hưng Đạo, Q10",phòng trọ,cho thuê,18.0,0,cơ bản,cũ,2400000.0
"40 Lam Sơn, Q4",phòng trọ,cho thuê,19.0,0,đầy đủ,mới,2200000.0
"7 Xô Viết Nghệ Tĩnh, Q3",phòng trọ,cho thuê,18.0,0,không có,cũ,2800000.0
"71 Tôn Đức Thắng, Q4",phòng trọ,cho thuê,20.0,0,không có,mới,2100000.0
"183 Đồng Khởi, Q2",văn phòng,cho thuê,260.0,8,cơ bản,cũ,204700000.0
"109 Nam Kỳ Khởi Nghĩa, Q8",phòng trọ,cho thuê,9.0,0,không có,cũ,500000.0
"140 Lê Duẩn, Q4",phòng trọ,cho thuê,18.0,0,đầy đủ,mới,2700000.0
"105 Nam Kỳ Khởi Nghĩa, Q7",chung cư,bán,90.0,7,không có,tốt,6992700000.0
"100 Lý Tự Trọng, Q1",phòng trọ,cho thuê,10.0,0,cơ bản,mới,1300000.0
"80 Võ Nguyên Giáp, Q8",phòng trọ,cho thuê,16.0,0,cơ bản,tốt,2000000.0
"176 Lê Lợi, Q6",chung cư,bán,65.0,4,không có,mới,5449100000.0
"124 Dân Chủ, Q10",phòng trọ,cho thuê,12.0,0,không có,tốt,2000000.0
"145 Lam Sơn, Q4",phòng trọ,cho thuê,18.0,0,không có,cũ,2300000.0
"4 Võ Nguyên Giáp, Q5",chung cư,cho thuê,75.0,15,đầy đủ,mới,8800000.0
"88 Phạm Văn Đồng, Q7",phòng trọ,cho thuê,14.0,0,đầy đủ,cũ,1900000.0
"11 Mê Linh, Q5",phòng trọ,cho thuê,17.0,0,cơ bản,mới,1700000.0
"2 Dân Chủ, Q10",phòng trọ,cho thuê,15.0,0,cơ bản,mới,3100000.0
"145 Trần Hưng Đạo, Q9",nhà nguyên căn,cho thuê,42.0,5,không có,mới,35200000.0
"56 Mê Linh, Q10",phòng trọ,cho thuê,13.0,0,không có,cũ,1000000.0
"110 Lũy Bán Bích, Q2",phòng trọ,cho thuê,17.0,0,đầy đủ,mới,1500000.0
"93 Âu Cơ, Q8",chung cư,bán,75.0,1,cơ bản,mới,2824900000.0
"42 Lê Văn Duyệt, Q8",phòng trọ,cho thuê,19.0,0,cơ bản,mới,1800000.0
"54 Tôn Đức Thắng, Q4",phòng trọ,cho thuê,15.0,0,không có,mới,2200000.0
"185 Võ Nguyên Giáp, Q8",phòng trọ,cho thuê,9.0,0,đầy đủ,tốt,600000.0
"175 Trần Hưng Đạo, Q6",phòng trọ,cho thuê,17.0,0,cơ bản,cũ,2300000.0
"52 Hàm Nghi, Q10",phòng trọ,cho thuê,17.0,0,đầy đủ,tốt,2000000.0
"113 Mai Chí Thọ, Q9",nhà nguyên căn,cho thuê,30.0,3,cơ bản,tốt,14200000.0
"184 Phạm Văn Đồng, Q2",phòng trọ,cho thuê,18.0,0,cơ bản,cũ,2700000.0
"116 Pasteur, Q8",phòng trọ,cho thuê,17.0,0,không có,cũ,1700000.0
"160 Rừng Sác, Q10",phòng trọ,cho thuê,19.0,0,cơ bản,tốt,3500000.0
"101 Đồng Khởi, Q9",phòng trọ,cho thuê,18.0,0,không có,mới,1200000.0
"69 Lý Tự Trọng, Q5",phòng trọ,cho thuê,18.0,0,cơ bản,tốt,2900000.0
"148 Mai Chí Thọ, Q7",phòng trọ,cho thuê,18.0,0,không có,mới,1700000.0
"136 Dân Chủ, Q8",nhà nguyên căn,cho thuê,45.0,3,đầy đủ,tốt,8900000.0
"24 Nguyễn Huệ, Q10",phòng trọ,cho thuê,17.0,0,đầy đủ,mới,3900000.0
"43 Lê Duẩn, Q5",nhà nguyên căn,cho thuê,29.0,1,cơ bản,tốt,4300000.0
"130 CMT8, Q7",phòng trọ,cho thuê,18.0,0,cơ bản,cũ,2200000.0
"186 Phạm Ngũ Lão, Q5",phòng trọ,cho thuê,19.0,0,không có,mới,3300000.0
"15 Nam Kỳ Khởi Nghĩa, Q1",phòng trọ,cho thuê,10.0,0,cơ bản,mới,1100000.0
"2 Tôn Đức Thắng, Q4",phòng trọ,cho thuê,12.0,0,không có,mới,800000.0
"122 Đồng Khởi, Q1",phòng trọ,cho thuê,19.0,0,không có,cũ,2200000.0
"40 Lê Duẩn, Q1",phòng trọ,cho thuê,14.0,0,cơ bản,tốt,2300000.0
"178 Phạm Ngũ Lão, Q3",nhà nguyên căn,bán,36.0,5,đầy đủ,cũ,7361000000.0
"25 Bùi Viện, Q8",phòng trọ,cho thuê,9.0,0,cơ bản,cũ,1300000.0
"76 Lê Lợi, Q4",phòng trọ,cho thuê,16.0,0,cơ bản,mới,1600000.0
"52 Mê Linh, Q1",phòng trọ,cho thuê,9.0,0,không có,tốt,600000.0
"7 Mai Chí Thọ, Q5",phòng trọ,cho thuê,18.0,0,không có,tốt,2400000.0
"145 Đồng Khởi, Q3",phòng trọ,cho thuê,13.0,0,cơ bản,tốt,2100000.0
"88 Lê Lợi, Q2",phòng trọ,cho thuê,9.0,0,cơ bản,cũ,600000.0
"153 Âu Cơ, Q10",phòng trọ,cho thuê,17.0,0,đầy đủ,tốt,3000000.0
"157 Lý Thường Kiệt, Q6",phòng trọ,cho thuê,12.0,0,cơ bản,mới,1800000.0
"161 Hùng Vương, Q6",phòng trọ,cho thuê,16.0,0,không có,cũ,1300000.0
"127 Mê Linh, Q10",phòng trọ,cho thuê,11.0,0,cơ bản,tốt,700000.0
"41 Công xã Paris, Q10",phòng trọ,cho thuê,13.0,0,đầy đủ,cũ,1500000.0
"13 Nguyễn Thị Minh Khai, Q6",phòng trọ,cho thuê,9.0,0,cơ bản,cũ,1000000.0
"73 Cách Mạng Tháng Tám, Q1",chung cư,cho thuê,65.0,6,cơ bản,tốt,9600000.0
"123 Hàm Nghi, Q10",phòng trọ,cho thuê,17.0,0,cơ bản,mới,2000000.0
"97 Hải Thượng Lãn Ông, Q9",phòng trọ,cho thuê,9.0,0,cơ bản,mới,1500000.0
"182 Âu Cơ, Q8",phòng trọ,cho thuê,20.0,0,không có,tốt,2500000.0
"135 Bùi Viện, Q3",nhà nguyên căn,cho thuê,28.0,4,không có,mới,22700000.0
"180 Mê Linh, Q3",phòng trọ,cho thuê,12.0,0,đầy đủ,mới,2500000.0
"19 Cách Mạng Tháng Tám, Q4",phòng trọ,cho thuê,19.0,0,cơ bản,tốt,2500000.0
"198 Nguyễn Hữu Cảnh, Q4",chung cư,cho thuê,90.0,16,đầy đủ,tốt,5600000.0
"177 Công xã Paris, Q5",văn phòng,cho thuê,490.0,8,cơ bản,tốt,479800000.0
"164 Âu Cơ, Q1",văn phòng,cho thuê,555.0,10,cơ bản,mới,1333000000.0
"109 Mai Chí Thọ, Q1",phòng trọ,cho thuê,11.0,0,đầy đủ,mới,1800000.0
"115 Tôn Đức Thắng, Q2",chung cư,bán,75.0,16,cơ bản,mới,3949100000.0
"140 Mê Linh, Q1",phòng trọ,cho thuê,19.0,0,cơ bản,cũ,1800000.0
"76 Phạm Ngũ Lão, Q3",chung cư,cho thuê,84.0,11,cơ bản,tốt,7300000.0
"4 Quốc tế, Q5",nhà nguyên căn,cho thuê,36.0,4,cơ bản,cũ,9300000.0
"121 Đồng Khởi, Q4",phòng trọ,cho thuê,19.0,0,không có,cũ,1200000.0
"118 Lê Văn Duyệt, Q3",phòng trọ,cho thuê,18.0,0,cơ bản,tốt,2300000.0
"198 Nguyễn Huệ, Q4",nhà nguyên căn,bán,34.0,3,đầy đủ,mới,3961000000.0
"171 Hùng Vương, Q4",chung cư,bán,84.0,14,đầy đủ,mới,5762900000.0
"24 Công xã Paris, Q10",phòng trọ,cho thuê,17.0,0,không có,mới,2800000.0
"123 Châu Văn Liêm, Q4",phòng trọ,cho thuê,12.0,0,đầy đủ,mới,2300000.0
"66 Trường Chinh, Q8",phòng trọ,cho thuê,10.0,0,cơ bản,cũ,900000.0
"95 Mai Chí Thọ, Q5",phòng trọ,cho thuê,19.0,0,cơ bản,mới,2500000.0
"82 Lê Duẩn, Q1",chung cư,bán,70.0,13,đầy đủ,cũ,2588900000.0
"165 Âu Cơ, Q8",phòng trọ,cho thuê,17.0,0,không có,mới,2300000.0
"10 Võ Nguyên Giáp, Q9",văn phòng,cho thuê,120.0,7,không có,mới,238200000.0
"14 Hàm Nghi, Q1",phòng trọ,cho thuê,17.0,0,đầy đủ,cũ,2600000.0
"127 Lê Duẩn, Q8",phòng trọ,cho thuê,9.0,0,cơ bản,cũ,1000000.0
"38 Nguyễn Hữu Cảnh, Q6",phòng trọ,cho thuê,17.0,0,đầy đủ,tốt,1100000.0
"97 Hùng Vương, Q9",nhà nguyên căn,bán,45.0,3,không có,mới,10025600000.0
"123 Mai Chí Thọ, Q3",văn phòng,cho thuê,270.0,15,cơ bản,tốt,307700000.0
"5 Hải Thượng Lãn Ông, Q1",phòng trọ,cho thuê,10.0,0,đầy đủ,tốt,1400000.0
"97 Lê Lợi, Q8",phòng trọ,cho thuê,14.0,0,không có,mới,1200000.0
"147 Lê Lợi, Q4",phòng trọ,cho thuê,19.0,0,cơ bản,tốt,2400000.0
"153 Tôn Đức Thắng, Q2",phòng trọ,cho thuê,19.0,0,cơ bản,cũ,900000.0
"103 Lê Lợi, Q5",phòng trọ,cho thuê,16.0,0,cơ bản,cũ,2500000.0
"189 Cách Mạng Tháng Tám, Q6",nhà nguyên căn,cho thuê,35.0,3,đầy đủ,mới,17700000.0
"7 Công xã Paris, Q10",phòng trọ,cho thuê,13.0,0,không có,tốt,1000000.0
"91 Cách Mạng Tháng Tám, Q9",phòng trọ,cho thuê,15.0,0,cơ bản,mới,2000000.0
"160 Lý Tự Trọng, Q9",phòng trọ,cho thuê,13.0,0,không có,mới,1100000.0
"109 Lê Lợi, Q7",chung cư,cho thuê,124.0,11,không có,cũ,6000000.0
"17 Hai Bà Trưng, Q9",phòng trọ,cho thuê,18.0,0,không có,cũ,2400000.0
"69 Hai Bà Trưng, Q2",nhà nguyên căn,cho thuê,27.0,3,đầy đủ,cũ,6300000.0
"15 Lý Tự Trọng, Q3",văn phòng,cho thuê,325.0,1,cơ bản,cũ,330800000.0
"138 Pasteur, Q1",phòng trọ,cho thuê,9.0,0,cơ bản,cũ,800000.0
"178 Nguyễn Văn Linh, Q9",phòng trọ,cho thuê,12.0,0,đầy đủ,cũ,1300000.0
"95 Bùi Viện, Q4",phòng trọ,cho thuê,20.0,0,cơ bản,cũ,2000000.0
"103 Mai Chí Thọ, Q6",phòng trọ,cho thuê,14.0,0,không có,cũ,1600000.0
"190 Nguyễn Hữu Cảnh, Q7",phòng trọ,cho thuê,12.0,0,đầy đủ,cũ,2000000.0
"84 Nguyễn Thị Minh Khai, Q6",phòng trọ,cho thuê,15.0,0,cơ bản,tốt,1500000.0
"97 Hùng Vương, Q10",phòng trọ,cho thuê,13.0,0,đầy đủ,cũ,1200000.0
"172 Cách Mạng Tháng Tám, Q6",nhà nguyên căn,cho thuê,36.0,5,đầy đủ,tốt,13700000.0
"134 Phạm Văn Đồng, Q4",phòng trọ,cho thuê,11.0,0,cơ bản,cũ,1400000.0
"86 Lam Sơn, Q5",phòng trọ,cho thuê,18.0,0,không có,tốt,1900000.0
"93 Hải Thượng Lãn Ông, Q1",nhà nguyên căn,bán,34.0,3,đầy đủ,cũ,9810200000.0
"142 Lê Lợi, Q2",phòng trọ,cho thuê,11.0,0,đầy đủ,mới,1500000.0
"86 Mai Chí Thọ, Q6",phòng trọ,cho thuê,16.0,0,đầy đủ,cũ,900000.0
"122 Lê Văn Duyệt, Q7",phòng trọ,cho thuê,19.0,0,cơ bản,tốt,1100000.0
"61 Nguyễn Trãi, Q10",nhà nguyên căn,cho thuê,36.0,4,không có,mới,19600000.0
"68 Lý Tự Trọng, Q1",phòng trọ,cho thuê,19.0,0,cơ bản,tốt,1900000.0
"119 Phạm Ngũ Lão, Q3",chung cư,bán,124.0,8,cơ bản,tốt,8863700000.0
"75 Hải Thượng Lãn Ông, Q2",nhà nguyên căn,bán,33.0,5,không có,cũ,6562900000.0
"183 Lê Văn Duyệt, Q4",nhà nguyên căn,bán,29.0,3,cơ bản,mới,2713100000.0
"86 Lạc Long Quân, Q8",phòng trọ,cho thuê,20.0,0,cơ bản,tốt,1900000.0
"178 Nguyễn Văn Linh, Q10",nhà nguyên căn,cho thuê,41.0,5,đầy đủ,cũ,42000000.0
"74 Cách Mạng Tháng Tám, Q4",nhà nguyên căn,cho thuê,39.0,1,không có,cũ,2300000.0
"121 Nguyễn Thị Minh Khai, Q5",văn phòng,cho thuê,325.0,2,không có,cũ,369600000.0
"20 Tôn Đức Thắng, Q6",phòng trọ,cho thuê,9.0,0,cơ bản,mới,1600000.0
"110 Lý Thường Kiệt, Q3",phòng trọ,cho thuê,13.0,0,đầy đủ,cũ,2400000.0
"173 Võ Nguyên Giáp, Q1",phòng trọ,cho thuê,13.0,0,cơ bản,tốt,1300000.0
"95 Quốc tế, Q5",chung cư,bán,65.0,19,cơ bản,tốt,4207700000.0
"191 Âu Cơ, Q10",phòng trọ,cho thuê,20.0,0,không có,mới,1700000.0
"84 Lạc Long Quân, Q3",nhà nguyên căn,cho thuê,32.0,5,đầy đủ,tốt,27800000.0
"23 Võ Nguyên Giáp, Q7",phòng trọ,cho thuê,10.0,0,cơ bản,mới,1800000.0
"133 Hùng Vương, Q3",phòng trọ,cho thuê,9.0,0,không có,cũ,700000.0
"105 Hai Bà Trưng, Q4",phòng trọ,cho thuê,15.0,0,đầy đủ,cũ,1100000.0
"66 Lam Sơn, Q1",phòng trọ,cho thuê,9.0,0,đầy đủ,cũ,800000.0
"26 Công xã Paris, Q9",nhà nguyên căn,cho thuê,34.0,5,cơ bản,cũ,25100000.0
"13 Mê Linh, Q8",nhà nguyên căn,cho thuê,28.0,2,không có,cũ,6400000.0
"66 Cách Mạng Tháng Tám, Q9",phòng trọ,cho thuê,10.0,0,không có,cũ,800000.0
"105 Trường Chinh, Q1",nhà nguyên căn,bán,33.0,5,không có,mới,12942500000.0
"111 Tôn Đức Thắng, Q7",phòng trọ,cho thuê,14.0,0,không có,tốt,1300000.0
"118 Hùng Vương, Q8",phòng trọ,cho thuê,15.0,0,cơ bản,mới,1000000.0
"75 Trường Chinh, Q10",nhà nguyên căn,cho thuê,33.0,4,không có,tốt,18700000.0
"27 Rừng Sác, Q4",phòng trọ,cho thuê,12.0,0,đầy đủ,cũ,1900000.0
"119 Trường Chinh, Q9",phòng trọ,cho thuê,19.0,0,đầy đủ,cũ,1300000.0
"97 Nguyễn Trãi, Q9",phòng trọ,cho thuê,16.0,0,không có,tốt,900000.0
"184 Nguyễn Thị Minh Khai, Q4",nhà nguyên căn,cho thuê,44.0,4,cơ bản,tốt,14600000.0
"27 Đồng Khởi, Q1",văn phòng,cho thuê,290.0,4,đầy đủ,cũ,191100000.0
"91 Trường Chinh, Q5",phòng trọ,cho thuê,11.0,0,đầy đủ,cũ,2200000.0
"169 Hùng Vương, Q10",phòng trọ,cho thuê,14.0,0,đầy đủ,cũ,2800000.0
"32 Hàm Nghi, Q3",chung cư,bán,124.0,6,không có,tốt,5579000000.0
"34 Đồng Khởi, Q6",phòng trọ,cho thuê,11.0,0,cơ bản,mới,700000.0
"157 Lam Sơn, Q5",nhà nguyên căn,cho thuê,44.0,1,đầy đủ,cũ,6500000.0
"65 CMT8, Q9",phòng trọ,cho thuê,13.0,0,không có,tốt,1000000.0
"44 Dân Chủ, Q9",văn phòng,cho thuê,360.0,1,đầy đủ,mới,693800000.0
"126 Mai Chí Thọ, Q6",chung cư,cho thuê,90.0,18,cơ bản,cũ,12000000.0
"179 Võ Nguyên Giáp, Q3",phòng trọ,cho thuê,11.0,0,cơ bản,mới,1000000.0
"56 Hàm Nghi, Q3",nhà nguyên căn,bán,32.0,4,không có,cũ,8346300000.0
"177 Dân Chủ, Q6",phòng trọ,cho thuê,18.0,0,không có,tốt,2600000.0
"66 Cách Mạng Tháng Tám, Q10",phòng trọ,cho thuê,12.0,0,không có,mới,1000000.0
"124 Lũy Bán Bích, Q9",phòng trọ,cho thuê,9.0,0,đầy đủ,mới,800000.0
"133 Mê Linh, Q7",phòng trọ,cho thuê,20.0,0,cơ bản,mới,3000000.0
"164 Dân Chủ, Q10",phòng trọ,cho thuê,19.0,0,không có,tốt,2200000.0
"3 Đồng Khởi, Q8",chung cư,bán,90.0,5,đầy đủ,cũ,8199400000.0
"176 Lũy Bán Bích, Q10",phòng trọ,cho thuê,12.0,0,không có,mới,900000.0
"132 Rừng Sác, Q7",phòng trọ,cho thuê,18.0,0,cơ bản,tốt,2600000.0
"126 Trần Hưng Đạo, Q1",phòng trọ,cho thuê,15.0,0,cơ bản,tốt,1900000.0
"153 Châu Văn Liêm, Q9",phòng trọ,cho thuê,14.0,0,không có,mới,1800000.0
"72 Võ Chí Công, Q3",chung cư,cho thuê,70.0,17,cơ bản,tốt,7500000.0
"30 Nguyễn Huệ, Q8",phòng trọ,cho thuê,12.0,0,không có,tốt,1100000.0
"84 Lũy Bán Bích, Q1",phòng trọ,cho thuê,20.0,0,đầy đủ,tốt,4000000.0
"11 Võ Chí Công, Q8",chung cư,bán,84.0,18,cơ bản,cũ,4086000000.0
"12 Nguyễn Trãi, Q7",phòng trọ,cho thuê,17.0,0,đầy đủ,cũ,2300000.0
"143 Quách Thị Trang, Q1",phòng trọ,cho thuê,14.0,0,đầy đủ,tốt,2800000.0
"60 Lam Sơn, Q6",phòng trọ,cho thuê,19.0,0,đầy đủ,cũ,3300000.0
"70 Nam Kỳ Khởi Nghĩa, Q2",phòng trọ,cho thuê,10.0,0,cơ bản,tốt,1300000.0
"94 Mai Chí Thọ, Q1",phòng trọ,cho thuê,14.0,0,đầy đủ,tốt,1900000.0
"127 Pasteur, Q10",phòng trọ,cho thuê,15.0,0,không có,tốt,2200000.0
"35 Pasteur, Q1",phòng trọ,cho thuê,15.0,0,cơ bản,cũ,1200000.0
"187 Rừng Sác, Q4",chung cư,bán,90.0,7,không có,tốt,3552400000.0
"96 Phạm Văn Đồng, Q8",phòng trọ,cho thuê,13.0,0,đầy đủ,mới,1200000.0
"78 Châu Văn Liêm, Q1",phòng trọ,cho thuê,12.0,0,đầy đủ,cũ,1600000.0
"200 Lê Lợi, Q6",chung cư,bán,75.0,2,không có,tốt,1737300000.0
"39 Công xã Paris, Q1",phòng trọ,cho thuê,15.0,0,không có,tốt,1200000.0
"186 Đồng Khởi, Q7",phòng trọ,cho thuê,11.0,0,đầy đủ,mới,1700000.0
"15 Trần Hưng Đạo, Q9",văn phòng,cho thuê,350.0,13,không có,tốt,228500000.0
"20 Phạm Ngũ Lão, Q10",nhà nguyên căn,cho thuê,33.0,1,không có,tốt,3800000.0
"71 Võ Chí Công, Q10",phòng trọ,cho thuê,16.0,0,không có,cũ,1400000.0
"149 Trần Hưng Đạo, Q3",nhà nguyên căn,cho thuê,29.0,5,không có,tốt,11300000.0
"107 Lũy Bán Bích, Q9",phòng trọ,cho thuê,9.0,0,không có,cũ,1100000.0
"200 Cách Mạng Tháng Tám, Q8",phòng trọ,cho thuê,19.0,0,cơ bản,mới,1900000.0
"156 Lê Duẩn, Q2",phòng trọ,cho thuê,14.0,0,cơ bản,mới,1600000.0
"102 Lê Lợi, Q1",phòng trọ,cho thuê,15.0,0,cơ bản,tốt,2400000.0
"112 Hàm Nghi, Q7",phòng trọ,cho thuê,15.0,0,đầy đủ,tốt,1300000.0
"23 Nguyễn Hữu Cảnh, Q6",phòng trọ,cho thuê,15.0,0,cơ bản,cũ,1700000.0
"4 Hai Bà Trưng, Q8",nhà nguyên căn,cho thuê,40.0,5,đầy đủ,cũ,30100000.0
"153 Châu Văn Liêm, Q10",phòng trọ,cho thuê,19.0,0,đầy đủ,tốt,1600000.0
"62 Cách Mạng Tháng Tám, Q1",phòng trọ,cho thuê,9.0,0,cơ bản,tốt,1000000.0
"34 Bùi Viện, Q3",văn phòng,bán,405.0,20,không có,tốt,31574700000.0
"53 Lý Thường Kiệt, Q10",phòng trọ,cho thuê,20.0,0,đầy đủ,cũ,3700000.0
"75 Phạm Ngũ Lão, Q1",phòng trọ,cho thuê,15.0,0,cơ bản,cũ,1300000.0
"98 Võ Chí Công, Q9",phòng trọ,cho thuê,11.0,0,đầy đủ,mới,2200000.0
"129 Xô Viết Nghệ Tĩnh, Q10",phòng trọ,cho thuê,17.0,0,không có,mới,2000000.0
"58 Mai Chí Thọ, Q3",phòng trọ,cho thuê,13.0,0,không có,cũ,900000.0
"195 Đồng Khởi, Q4",phòng trọ,cho thuê,19.0,0,đầy đủ,tốt,2100000.0
"148 Lam Sơn, Q6",nhà nguyên căn,cho thuê,38.0,2,đầy đủ,cũ,6300000.0
"96 Lê Văn Duyệt, Q6",phòng trọ,cho thuê,16.0,0,đầy đủ,cũ,1800000.0
"197 Châu Văn Liêm, Q4",phòng trọ,cho thuê,19.0,0,không có,mới,1900000.0
"138 Cách Mạng Tháng Tám, Q10",phòng trọ,cho thuê,13.0,0,đầy đủ,mới,2400000.0
"148 Nguyễn Hữu Cảnh, Q5",văn phòng,bán,385.0,6,cơ bản,mới,30012800000.0
"177 Lam Sơn, Q10",phòng trọ,cho thuê,14.0,0,không có,cũ,700000.0
"75 Nguyễn Trãi, Q2",phòng trọ,cho thuê,20.0,0,cơ bản,cũ,1100000.0
"127 Hàm Nghi, Q3",nhà nguyên căn,bán,41.0,4,cơ bản,cũ,6810600000.0
"45 Cách Mạng Tháng Tám, Q1",phòng trọ,cho thuê,20.0,0,đầy đủ,mới,3200000.0
"190 Lê Lợi, Q1",nhà nguyên căn,bán,40.0,3,đầy đủ,tốt,6292700000.0
"61 Lý Tự Trọng, Q7",phòng trọ,cho thuê,14.0,0,cơ bản,tốt,1600000.0
"166 Pasteur, Q2",phòng trọ,cho thuê,9.0,0,cơ bản,tốt,600000.0
"104 Hàm Nghi, Q9",phòng trọ,cho thuê,15.0,0,đầy đủ,mới,1700000.0
"104 Quách Thị Trang, Q10",văn phòng,cho thuê,375.0,4,không có,mới,278400000.0
"124 Lý Thường Kiệt, Q9",phòng trọ,cho thuê,9.0,0,đầy đủ,tốt,1400000.0
"146 Pasteur, Q3",phòng trọ,cho thuê,13.0,0,cơ bản,cũ,2300000.0
"136 CMT8, Q4",phòng trọ,cho thuê,16.0,0,đầy đủ,mới,1200000.0
"92 Bùi Viện, Q2",nhà nguyên căn,cho thuê,38.0,4,đầy đủ,tốt,9400000.0
"178 Đồng Khởi, Q4",phòng trọ,cho thuê,17.0,0,đầy đủ,tốt,1500000.0
"75 Nguyễn Hữu Cảnh, Q1",chung cư,cho thuê,84.0,2,không có,cũ,9500000.0
"23 CMT8, Q9",phòng trọ,cho thuê,9.0,0,cơ bản,cũ,1200000.0
"15 Lý Tự Trọng, Q5",chung cư,bán,75.0,1,không có,mới,6892400000.0
"141 Bùi Viện, Q5",phòng trọ,cho thuê,16.0,0,đầy đủ,cũ,2800000.0
"98 Võ Chí Công, Q10",phòng trọ,cho thuê,19.0,0,không có,tốt,2700000.0
"101 Nguyễn Trãi, Q8",phòng trọ,cho thuê,13.0,0,cơ bản,mới,1900000.0
"58 Võ Nguyên Giáp, Q6",phòng trọ,cho thuê,12.0,0,không có,cũ,1200000.0
"78 Nguyễn Văn Linh, Q7",phòng trọ,cho thuê,16.0,0,đầy đủ,cũ,1000000.0
"162 Nguyễn Huệ, Q10",chung cư,bán,90.0,20,đầy đủ,tốt,8647300000.0
"44 Xô Viết Nghệ Tĩnh, Q8",phòng trọ,cho thuê,15.0,0,đầy đủ,cũ,2500000.0
"175 Nguyễn Văn Linh, Q2",nhà nguyên căn,cho thuê,41.0,3,không có,cũ,16400000.0
"180 Phạm Văn Đồng, Q5",nhà nguyên căn,cho thuê,42.0,4,cơ bản,mới,12200000.0
"173 Lê Lợi, Q1",phòng trọ,cho thuê,16.0,0,đầy đủ,mới,2100000.0
"40 Quốc tế, Q8",nhà nguyên căn,bán,29.0,1,cơ bản,cũ,710700000.0
"135 Hai Bà Trưng, Q8",chung cư,cho thuê,75.0,17,không có,mới,10600000.0
"186 Công xã Paris, Q10",phòng trọ,cho thuê,11.0,0,không có,cũ,1500000.0
"151 Rừng Sác, Q7",phòng trọ,cho thuê,18.0,0,cơ bản,mới,1300000.0
"9 Lê Lợi, Q1",phòng trọ,cho thuê,20.0,0,đầy đủ,cũ,3200000.0
"161 Đồng Khởi, Q4",nhà nguyên căn,cho thuê,42.0,5,không có,tốt,16300000.0
"40 Lê Lợi, Q4",phòng trọ,cho thuê,15.0,0,không có,tốt,1200000.0
"30 Trần Hưng Đạo, Q7",phòng trọ,cho thuê,18.0,0,cơ bản,mới,2800000.0
"138 Dân Chủ, Q4",chung cư,bán,70.0,15,không có,cũ,4420800000.0
"31 Dân Chủ, Q3",chung cư,cho thuê,70.0,15,không có,cũ,4700000.0
"90 Tôn Đức Thắng, Q6",chung cư,bán,75.0,19,đầy đủ,cũ,4876300000.0
"200 Nguyễn Hữu Cảnh, Q6",phòng trọ,cho thuê,19.0,0,không có,cũ,2600000.0
"114 Cách Mạng Tháng Tám, Q8",phòng trọ,cho thuê,14.0,0,đầy đủ,cũ,1100000.0
"90 Trường Chinh, Q1",nhà nguyên căn,cho thuê,29.0,2,không có,mới,6200000.0
"184 Võ Chí Công, Q5",nhà nguyên căn,bán,28.0,2,không có,mới,3667100000.0
"107 Lê Văn Duyệt, Q5",phòng trọ,cho thuê,19.0,0,cơ bản,tốt,1700000.0
"179 Lê Văn Duyệt, Q9",phòng trọ,cho thuê,9.0,0,không có,tốt,700000.0
"142 Dân Chủ, Q4",phòng trọ,cho thuê,16.0,0,đầy đủ,tốt,2400000.0
"135 Nam Kỳ Khởi Nghĩa, Q1",phòng trọ,cho thuê,17.0,0,đầy đủ,cũ,2200000.0
"37 Nam Kỳ Khởi Nghĩa, Q4",phòng trọ,cho thuê,18.0,0,đầy đủ,mới,3300000.0
"113 Tôn Đức Thắng, Q5",phòng trọ,cho thuê,15.0,0,cơ bản,mới,2700000.0
"185 Quách Thị Trang, Q3",nhà nguyên căn,bán,38.0,2,đầy đủ,mới,2722800000.0
"180 Trần Hưng Đạo, Q9",nhà nguyên căn,cho thuê,38.0,4,không có,tốt,19400000.0
"156 Lam Sơn, Q1",phòng trọ,cho thuê,12.0,0,không có,cũ,1800000.0
"55 Lý Thường Kiệt, Q9",nhà nguyên căn,cho thuê,38.0,1,không có,tốt,2200000.0
"67 Bùi Viện, Q7",phòng trọ,cho thuê,19.0,0,cơ bản,cũ,1300000.0
"17 Pasteur, Q5",phòng trọ,cho thuê,14.0,0,đầy đủ,cũ,1000000.0
"80 Châu Văn Liêm, Q1",phòng trọ,cho thuê,15.0,0,không có,tốt,2300000.0
"57 Rừng Sác, Q10",nhà nguyên căn,bán,38.0,5,cơ bản,tốt,9707500000.0
"87 Xô Viết Nghệ Tĩnh, Q10",nhà nguyên căn,cho thuê,39.0,3,không có,mới,22700000.0
"50 CMT8, Q3",nhà nguyên căn,bán,37.0,3,cơ bản,cũ,7227100000.0
"90 Lê Văn Duyệt, Q5",phòng trọ,cho thuê,20.0,0,cơ bản,cũ,2700000.0
"199 Đồng Khởi, Q8",phòng trọ,cho thuê,9.0,0,không có,mới,1100000.0
"60 Nguyễn Thị Minh Khai, Q8",nhà nguyên căn,cho thuê,27.0,3,cơ bản,cũ,6200000.0
"150 Nguyễn Văn Linh, Q7",phòng trọ,cho thuê,12.0,0,đầy đủ,cũ,1800000.0
"118 Nam Kỳ Khởi Nghĩa, Q1",nhà nguyên căn,bán,36.0,1,không có,mới,1513000000.0
"197 Lý Tự Trọng, Q6",phòng trọ,cho thuê,16.0,0,đầy đủ,cũ,2400000.0
"59 Nguyễn Trãi, Q4",phòng trọ,cho thuê,11.0,0,cơ bản,cũ,1000000.0
"49 Lê Văn Duyệt, Q2",chung cư,bán,124.0,10,không có,cũ,7745500000.0
"122 Rừng Sác, Q2",văn phòng,cho thuê,270.0,13,cơ bản,mới,146400000.0
"14 Quách Thị Trang, Q7",phòng trọ,cho thuê,19.0,0,cơ bản,mới,1800000.0
"35 CMT8, Q8",phòng trọ,cho thuê,13.0,0,không có,tốt,1800000.0
"138 Nguyễn Trãi, Q7",phòng trọ,cho thuê,19.0,0,đầy đủ,cũ,2500000.0
"145 Lý Thường Kiệt, Q8",phòng trọ,cho thuê,9.0,0,đầy đủ,mới,1100000.0
"8 Lam Sơn, Q4",nhà nguyên căn,cho thuê,29.0,3,cơ bản,tốt,11300000.0
"40 Rừng Sác, Q10",phòng trọ,cho thuê,16.0,0,không có,cũ,2800000.0
"64 Nam Kỳ Khởi Nghĩa, Q7",phòng trọ,cho thuê,11.0,0,đầy đủ,mới,2100000.0
"6 CMT8, Q5",phòng trọ,cho thuê,17.0,0,cơ bản,cũ,1400000.0
"170 Nguyễn Trãi, Q3",phòng trọ,cho thuê,19.0,0,cơ bản,cũ,1900000.0
"58 Lê Duẩn, Q8",phòng trọ,cho thuê,18.0,0,cơ bản,tốt,1800000.0
"23 Quách Thị Trang, Q9",nhà nguyên căn,bán,44.0,4,cơ bản,tốt,11923400000.0
"123 Cách Mạng Tháng Tám, Q9",phòng trọ,cho thuê,17.0,0,đầy đủ,cũ,1900000.0
"70 Mai Chí Thọ, Q7",phòng trọ,cho thuê,14.0,0,đầy đủ,cũ,1200000.0
"92 Lũy Bán Bích, Q3",phòng trọ,cho thuê,20.0,0,cơ bản,mới,2100000.0
"188 Đồng Khởi, Q5",phòng trọ,cho thuê,13.0,0,cơ bản,cũ,1800000.0
"151 Quách Thị Trang, Q3",phòng trọ,cho thuê,16.0,0,cơ bản,mới,2600000.0
"114 Hàm Nghi, Q4",nhà nguyên căn,bán,39.0,2,cơ bản,tốt,3637900000.0
"14 CMT8, Q5",văn phòng,cho thuê,280.0,2,không có,tốt,295200000.0
"83 Hàm Nghi, Q1",phòng trọ,cho thuê,20.0,0,không có,cũ,2400000.0
"191 Lê Lợi, Q2",phòng trọ,cho thuê,20.0,0,đầy đủ,cũ,2200000.0
"141 Phạm Văn Đồng, Q10",phòng trọ,cho thuê,15.0,0,không có,cũ,2000000.0
"114 Xô Viết Nghệ Tĩnh, Q4",phòng trọ,cho thuê,13.0,0,đầy đủ,cũ,1500000.0
"111 Công xã Paris, Q2",phòng trọ,cho thuê,13.0,0,cơ bản,tốt,1400000.0
"163 Dân Chủ, Q8",nhà nguyên căn,bán,42.0,1,cơ bản,mới,1630600000.0
"184 Hai Bà Trưng, Q6",phòng trọ,cho thuê,11.0,0,không có,mới,1400000.0
"168 Dân Chủ, Q5",văn phòng,cho thuê,210.0,18,đầy đủ,cũ,328800000.0
"127 Bùi Viện, Q10",phòng trọ,cho thuê,11.0,0,không có,tốt,1100000.0
"37 Phạm Văn Đồng, Q7",phòng trọ,cho thuê,11.0,0,không có,cũ,1200000.0
"66 Hàm Nghi, Q1",phòng trọ,cho thuê,10.0,0,đầy đủ,tốt,900000.0
"102 Hai Bà Trưng, Q2",văn phòng,cho thuê,360.0,20,cơ bản,cũ,153400000.0
"154 Võ Nguyên Giáp, Q1",phòng trọ,cho thuê,18.0,0,đầy đủ,cũ,2800000.0
"112 Võ Chí Công, Q2",phòng trọ,cho thuê,20.0,0,cơ bản,tốt,1400000.0
"108 Lam Sơn, Q3",chung cư,bán,75.0,4,đầy đủ,mới,5331600000.0
"188 Nguyễn Hữu Cảnh, Q3",phòng trọ,cho thuê,18.0,0,cơ bản,cũ,2500000.0
"69 Nguyễn Trãi, Q7",phòng trọ,cho thuê,9.0,0,đầy đủ,mới,1200000.0
"168 Lý Tự Trọng, Q7",phòng trọ,cho thuê,14.0,0,cơ bản,mới,1700000.0
"142 Châu Văn Liêm, Q7",phòng trọ,cho thuê,17.0,0,không có,tốt,900000.0
"78 Nguyễn Huệ, Q9",chung cư,bán,70.0,16,đầy đủ,tốt,3764200000.0
"125 Rừng Sác, Q6",phòng trọ,cho thuê,17.0,0,cơ bản,cũ,900000.0
"182 Lạc Long Quân, Q6",nhà nguyên căn,cho thuê,28.0,4,đầy đủ,mới,14000000.0
"26 Phạm Ngũ Lão, Q8",phòng trọ,cho thuê,9.0,0,đầy đủ,mới,1500000.0
"15 Lý Tự Trọng, Q8",phòng trọ,cho thuê,11.0,0,cơ bản,tốt,1300000.0
"98 Lê Văn Duyệt, Q4",chung cư,bán,65.0,1,không có,tốt,4784000000.0
"184 Hàm Nghi, Q5",văn phòng,bán,450.0,7,không có,cũ,19890400000.0
"151 Pasteur, Q2",phòng trọ,cho thuê,11.0,0,cơ bản,cũ,1500000.0
"59 Công xã Paris, Q10",phòng trọ,cho thuê,18.0,0,cơ bản,tốt,1700000.0
"176 Nguyễn Hữu Cảnh, Q3",văn phòng,bán,255.0,2,đầy đủ,mới,25604600000.0
"198 Nguyễn Trãi, Q10",nhà nguyên căn,cho thuê,28.0,4,đầy đủ,cũ,14800000.0
"152 Xô Viết Nghệ Tĩnh, Q8",phòng trọ,cho thuê,11.0,0,đầy đủ,tốt,1800000.0
"49 Hàm Nghi, Q1",nhà nguyên căn,bán,32.0,1,không có,cũ,1552100000.0
"51 Mê Linh, Q4",phòng trọ,cho thuê,9.0,0,không có,cũ,800000.0
"111 Quách Thị Trang, Q4",nhà nguyên căn,cho thuê,29.0,4,đầy đủ,mới,22200000.0
"74 Lý Thường Kiệt, Q3",phòng trọ,cho thuê,10.0,0,đầy đủ,cũ,700000.0
"93 Quốc tế, Q10",phòng trọ,cho thuê,19.0,0,cơ bản,cũ,2100000.0
"44 CMT8, Q1",chung cư,cho thuê,120.0,19,cơ bản,tốt,9700000.0
"119 Dân Chủ, Q7",phòng trọ,cho thuê,9.0,0,cơ bản,mới,500000.0
"76 Lạc Long Quân, Q1",phòng trọ,cho thuê,17.0,0,đầy đủ,tốt,3000000.0
"171 Lý Thường Kiệt, Q10",phòng trọ,cho thuê,15.0,0,không có,tốt,1700000.0
"183 Hai Bà Trưng, Q8",phòng trọ,cho thuê,12.0,0,cơ bản,mới,1400000.0
"96 Lũy Bán Bích, Q7",phòng trọ,cho thuê,10.0,0,không có,tốt,1100000.0
"6 Phạm Văn Đồng, Q6",chung cư,cho thuê,124.0,1,không có,mới,16600000.0
"65 Tôn Đức Thắng, Q3",phòng trọ,cho thuê,19.0,0,cơ bản,cũ,2100000.0
"118 Công xã Paris, Q3",phòng trọ,cho thuê,18.0,0,không có,cũ,1700000.0
"183 Rừng Sác, Q9",phòng trọ,cho thuê,13.0,0,không có,mới,1400000.0
"154 Lý Thường Kiệt, Q10",nhà nguyên căn,bán,35.0,3,đầy đủ,cũ,7621400000.0
"77 Nguyễn Thị Minh Khai, Q3",nhà nguyên căn,bán,43.0,5,đầy đủ,tốt,18505700000.0
"115 Trường Chinh, Q3",nhà nguyên căn,cho thuê,38.0,2,cơ bản,mới,15100000.0
"174 Nguyễn Thị Minh Khai, Q10",phòng trọ,cho thuê,17.0,0,đầy đủ,mới,1500000.0
"68 Phạm Văn Đồng, Q6",phòng trọ,cho thuê,15.0,0,không có,tốt,1400000.0
"8 Âu Cơ, Q3",nhà nguyên căn,bán,33.0,5,không có,mới,8332300000.0
"25 Lê Lợi, Q5",phòng trọ,cho thuê,14.0,0,không có,mới,1900000.0
"97 CMT8, Q9",phòng trọ,cho thuê,12.0,0,không có,cũ,1000000.0
"200 Rừng Sác, Q10",phòng trọ,cho thuê,14.0,0,không có,cũ,1000000.0
"184 Quách Thị Trang, Q8",phòng trọ,cho thuê,14.0,0,cơ bản,cũ,1000000.0
"54 Tôn Đức Thắng, Q6",chung cư,bán,84.0,2,đầy đủ,mới,6118300000.0
"34 Lê Duẩn, Q2",phòng trọ,cho thuê,17.0,0,không có,cũ,2100000.0
"67 Võ Chí Công, Q3",chung cư,bán,70.0,4,không có,mới,4848000000.0
"79 Mê Linh, Q10",phòng trọ,cho thuê,11.0,0,cơ bản,cũ,800000.0
"29 CMT8, Q7",phòng trọ,cho thuê,11.0,0,cơ bản,cũ,1500000.0
"36 Phạm Ngũ Lão, Q2",phòng trọ,cho thuê,15.0,0,không có,tốt,1700000.0
"52 Quốc tế, Q2",phòng trọ,cho thuê,18.0,0,không có,mới,2300000.0
"183 Võ Chí Công, Q2",phòng trọ,cho thuê,19.0,0,đầy đủ,cũ,1200000.0
"28 Công xã Paris, Q8",chung cư,bán,84.0,20,cơ bản,tốt,3920200000.0
"51 Lê Duẩn, Q8",phòng trọ,cho thuê,17.0,0,không có,cũ,2400000.0
"96 Hai Bà Trưng, Q7",phòng trọ,cho thuê,13.0,0,cơ bản,mới,1800000.0
"24 Lê Lợi, Q6",phòng trọ,cho thuê,13.0,0,không có,tốt,1100000.0
"196 Rừng Sác, Q6",phòng trọ,cho thuê,19.0,0,cơ bản,cũ,2100000.0
"78 Công xã Paris, Q9",phòng trọ,cho thuê,19.0,0,không có,cũ,900000.0
"191 Xô Viết Nghệ Tĩnh, Q6",phòng trọ,cho thuê,12.0,0,không có,mới,2000000.0
"173 Châu Văn Liêm, Q6",chung cư,cho thuê,124.0,17,không có,cũ,15100000.0
"62 Mê Linh, Q10",phòng trọ,cho thuê,11.0,0,cơ bản,tốt,900000.0
"91 Mai Chí Thọ, Q4",phòng trọ,cho thuê,12.0,0,đầy đủ,mới,2300000.0
"83 Nam Kỳ Khởi Nghĩa, Q5",nhà nguyên căn,cho thuê,39.0,5,đầy đủ,cũ,15600000.0
"72 Quốc tế, Q1",phòng trọ,cho thuê,15.0,0,đầy đủ,mới,2200000.0
"176 Quốc tế, Q2",phòng trọ,cho thuê,17.0,0,không có,cũ,2000000.0
"24 Mai Chí Thọ, Q8",văn phòng,cho thuê,550.0,7,cơ bản,tốt,366900000.0
"166 Võ Chí Công, Q2",nhà nguyên căn,bán,29.0,4,cơ bản,cũ,3412900000.0
"196 Nguyễn Văn Linh, Q4",phòng trọ,cho thuê,18.0,0,không có,mới,3100000.0
"185 CMT8, Q9",nhà nguyên căn,cho thuê,33.0,4,không có,cũ,7200000.0
"143 Hùng Vương, Q7",phòng trọ,cho thuê,13.0,0,cơ bản,cũ,1200000.0
"62 Hải Thượng Lãn Ông, Q6",phòng trọ,cho thuê,16.0,0,cơ bản,cũ,1400000.0
"106 Tôn Đức Thắng, Q6",phòng trọ,cho thuê,11.0,0,đầy đủ,mới,1200000.0
"194 Bùi Viện, Q1",nhà nguyên căn,cho thuê,31.0,4,cơ bản,cũ,13100000.0
"135 Pasteur, Q4",phòng trọ,cho thuê,12.0,0,đầy đủ,cũ,1000000.0
"85 Lý Thường Kiệt, Q10",phòng trọ,cho thuê,13.0,0,cơ bản,mới,2200000.0
"80 Lê Lợi, Q7",phòng trọ,cho thuê,13.0,0,cơ bản,mới,2100000.0
"85 Nguyễn Hữu Cảnh, Q3",phòng trọ,cho thuê,15.0,0,đầy đủ,cũ,1500000.0
"118 Pasteur, Q7",phòng trọ,cho thuê,13.0,0,cơ bản,mới,1900000.0
"149 Nguyễn Trãi, Q4",phòng trọ,cho thuê,12.0,0,không có,tốt,1400000.0
"46 Rừng Sác, Q7",nhà nguyên căn,bán,38.0,4,đầy đủ,cũ,4788100000.0
"77 Lê Duẩn, Q9",phòng trọ,cho thuê,20.0,0,không có,mới,2700000.0
"144 Rừng Sác, Q6",phòng trọ,cho thuê,12.0,0,cơ bản,cũ,800000.0
"18 Quốc tế, Q2",phòng trọ,cho thuê,19.0,0,đầy đủ,cũ,2400000.0
"25 Châu Văn Liêm, Q1",phòng trọ,cho thuê,19.0,0,không có,cũ,2200000.0
"137 Đồng Khởi, Q6",phòng trọ,cho thuê,13.0,0,không có,tốt,1400000.0
"108 Hàm Nghi, Q3",phòng trọ,cho thuê,13.0,0,không có,tốt,1300000.0
"151 Tôn Đức Thắng, Q5",phòng trọ,cho thuê,16.0,0,cơ bản,mới,1500000.0
"62 Nguyễn Hữu Cảnh, Q9",phòng trọ,cho thuê,16.0,0,không có,tốt,2400000.0
"32 Võ Nguyên Giáp, Q3",phòng trọ,cho thuê,12.0,0,đầy đủ,tốt,1900000.0
"8 Tôn Đức Thắng, Q4",phòng trọ,cho thuê,20.0,0,không có,mới,1400000.0
"168 CMT8, Q9",phòng trọ,cho thuê,12.0,0,cơ bản,cũ,700000.0
"155 Bùi Viện, Q5",chung cư,cho thuê,90.0,2,không có,cũ,16700000.0
"84 Hùng Vương, Q7",phòng trọ,cho thuê,10.0,0,không có,mới,700000.0
"142 Lý Tự Trọng, Q6",nhà nguyên căn,cho thuê,28.0,2,không có,mới,4000000.0
"121 Lũy Bán Bích, Q4",chung cư,bán,124.0,20,cơ bản,cũ,4463000000.0
"148 Nguyễn Văn Linh, Q4",văn phòng,bán,220.0,8,cơ bản,cũ,10486700000.0
"45 Hải Thượng Lãn Ông, Q6",phòng trọ,cho thuê,12.0,0,đầy đủ,cũ,800000.0
"143 Hải Thượng Lãn Ông, Q3",phòng trọ,cho thuê,16.0,0,cơ bản,cũ,2900000.0
"31 Lũy Bán Bích, Q1",chung cư,bán,84.0,17,không có,mới,4114400000.0
"113 Quách Thị Trang, Q3",phòng trọ,cho thuê,18.0,0,đầy đủ,cũ,2600000.0
"76 Tôn Đức Thắng, Q10",phòng trọ,cho thuê,11.0,0,không có,tốt,1000000.0
"74 Dân Chủ, Q6",phòng trọ,cho thuê,9.0,0,cơ bản,cũ,500000.0
"25 Lạc Long Quân, Q9",nhà nguyên căn,cho thuê,33.0,5,đầy đủ,tốt,11200000.0
"185 CMT8, Q10",nhà nguyên căn,cho thuê,42.0,5,đầy đủ,cũ,15500000.0
"78 Quốc tế, Q3",phòng trọ,cho thuê,15.0,0,không có,tốt,900000.0
"28 CMT8, Q8",chung cư,bán,84.0,7,cơ bản,tốt,2063500000.0
"156 Hai Bà Trưng, Q10",phòng trọ,cho thuê,11.0,0,không có,tốt,1600000.0
"42 CMT8, Q9",văn phòng,cho thuê,455.0,1,đầy đủ,cũ,641000000.0
"41 Phạm Văn Đồng, Q4",phòng trọ,cho thuê,12.0,0,đầy đủ,tốt,1200000.0
"97 Nguyễn Hữu Cảnh, Q2",phòng trọ,cho thuê,10.0,0,cơ bản,cũ,1500000.0
"65 Lam Sơn, Q9",nhà nguyên căn,bán,45.0,3,cơ bản,cũ,7019100000.0
"71 Quốc tế, Q4",phòng trọ,cho thuê,18.0,0,không có,tốt,1100000.0
"37 Lũy Bán Bích, Q9",phòng trọ,cho thuê,15.0,0,không có,tốt,2100000.0
"173 Nguyễn Hữu Cảnh, Q3",nhà nguyên căn,bán,41.0,1,cơ bản,cũ,2365800000.0
"112 Lý Tự Trọng, Q10",phòng trọ,cho thuê,16.0,0,không có,cũ,2000000.0
"98 Lũy Bán Bích, Q7",phòng trọ,cho thuê,10.0,0,cơ bản,tốt,1200000.0
"101 Phạm Ngũ Lão, Q6",phòng trọ,cho thuê,20.0,0,đầy đủ,mới,3000000.0
"42 Hàm Nghi, Q7",phòng trọ,cho thuê,19.0,0,cơ bản,tốt,1200000.0
"111 Mê Linh, Q6",phòng trọ,cho thuê,19.0,0,cơ bản,tốt,2300000.0
"192 Trần Hưng Đạo, Q5",phòng trọ,cho thuê,15.0,0,cơ bản,tốt,2500000.0
"47 Âu Cơ, Q8",phòng trọ,cho thuê,18.0,0,không có,cũ,1800000.0
"76 CMT8, Q1",phòng trọ,cho thuê,20.0,0,cơ bản,tốt,3700000.0
"26 Mê Linh, Q5",chung cư,bán,65.0,9,cơ bản,tốt,5060000000.0
"170 Võ Nguyên Giáp, Q5",phòng trọ,cho thuê,13.0,0,đầy đủ,tốt,2600000.0
"197 Nguyễn Trãi, Q1",chung cư,cho thuê,65.0,1,đầy đủ,mới,9700000.0
"104 Hùng Vương, Q1",nhà nguyên căn,cho thuê,33.0,5,đầy đủ,tốt,12500000.0
"98 Mê Linh, Q10",phòng trọ,cho thuê,20.0,0,cơ bản,mới,4100000.0
"19 Hùng Vương, Q10",chung cư,bán,65.0,1,không có,tốt,3272200000.0
"168 CMT8, Q10",phòng trọ,cho thuê,16.0,0,cơ bản,mới,2300000.0
"32 Hàm Nghi, Q3",phòng trọ,cho thuê,16.0,0,cơ bản,mới,3000000.0
"97 Rừng Sác, Q10",phòng trọ,cho thuê,16.0,0,đầy đủ,tốt,3100000.0
"129 Nam Kỳ Khởi Nghĩa, Q7",văn phòng,cho thuê,380.0,15,đầy đủ,tốt,354500000.0
"170 Lý Tự Trọng, Q5",nhà nguyên căn,cho thuê,35.0,4,đầy đủ,tốt,26900000.0
"60 Bùi Viện, Q4",chung cư,bán,90.0,15,không có,tốt,5146600000.0
"73 Hải Thượng Lãn Ông, Q5",phòng trọ,cho thuê,15.0,0,không có,tốt,1600000.0
"120 Võ Chí Công, Q5",chung cư,bán,75.0,2,không có,mới,2529900000.0
"47 Hai Bà Trưng, Q1",phòng trọ,cho thuê,10.0,0,không có,cũ,800000.0
"195 Mê Linh, Q7",chung cư,cho thuê,65.0,2,cơ bản,cũ,9500000.0
"101 Lạc Long Quân, Q3",phòng trọ,cho thuê,11.0,0,không có,tốt,800000.0
"102 Dân Chủ, Q5",phòng trọ,cho thuê,18.0,0,không có,mới,3600000.0
"156 Lý Thường Kiệt, Q10",phòng trọ,cho thuê,14.0,0,không có,mới,1700000.0
"39 Cách Mạng Tháng Tám, Q10",chung cư,bán,124.0,14,đầy đủ,cũ,5953300000.0
"70 Hải Thượng Lãn Ông, Q1",phòng trọ,cho thuê,13.0,0,cơ bản,tốt,1800000.0
"82 Lê Duẩn, Q6",phòng trọ,cho thuê,13.0,0,đầy đủ,mới,1900000.0
"153 Võ Nguyên Giáp, Q5",phòng trọ,cho thuê,15.0,0,đầy đủ,mới,1700000.0
"48 Lê Văn Duyệt, Q6",văn phòng,cho thuê,400.0,7,cơ bản,tốt,213200000.0
"87 Hùng Vương, Q1",phòng trọ,cho thuê,16.0,0,không có,cũ,2200000.0
"128 Lam Sơn, Q3",chung cư,cho thuê,90.0,9,không có,cũ,6700000.0
"174 Lạc Long Quân, Q4",phòng trọ,cho thuê,18.0,0,cơ bản,mới,2800000.0
"50 Lũy Bán Bích, Q1",phòng trọ,cho thuê,20.0,0,cơ bản,cũ,3400000.0
"160 Lê Lợi, Q4",phòng trọ,cho thuê,11.0,0,đầy đủ,tốt,800000.0
"57 Âu Cơ, Q2",phòng trọ,cho thuê,14.0,0,không có,mới,2100000.0
"93 Mai Chí Thọ, Q4",phòng trọ,cho thuê,19.0,0,cơ bản,mới,2800000.0
"162 Phạm Ngũ Lão, Q2",phòng trọ,cho thuê,13.0,0,không có,mới,1500000.0
"12 Tôn Đức Thắng, Q8",nhà nguyên căn,cho thuê,28.0,3,không có,mới,11200000.0
"122 Hai Bà Trưng, Q5",phòng trọ,cho thuê,16.0,0,cơ bản,tốt,2600000.0
"193 Võ Nguyên Giáp, Q8",phòng trọ,cho thuê,19.0,0,đầy đủ,mới,1800000.0
"160 Lũy Bán Bích, Q2",phòng trọ,cho thuê,11.0,0,cơ bản,mới,800000.0
"183 Lý Tự Trọng, Q10",phòng trọ,cho thuê,15.0,0,đầy đủ,tốt,1700000.0
"189 Hải Thượng Lãn Ông, Q5",văn phòng,cho thuê,565.0,1,cơ bản,mới,1381200000.0
"91 Lý Tự Trọng, Q1",nhà nguyên căn,cho thuê,45.0,2,đầy đủ,mới,10600000.0
"55 Nguyễn Hữu Cảnh, Q7",phòng trọ,cho thuê,18.0,0,đầy đủ,mới,1700000.0
"66 Nguyễn Hữu Cảnh, Q8",phòng trọ,cho thuê,11.0,0,không có,cũ,700000.0
"44 Lạc Long Quân, Q9",phòng trọ,cho thuê,17.0,0,cơ bản,tốt,1100000.0
"16 Trường Chinh, Q5",chung cư,cho thuê,65.0,2,không có,cũ,10600000.0
"86 Lam Sơn, Q8",nhà nguyên căn,cho thuê,44.0,4,không có,mới,11600000.0
"81 Hùng Vương, Q6",phòng trọ,cho thuê,14.0,0,cơ bản,tốt,1900000.0
"183 Tôn Đức Thắng, Q3",phòng trọ,cho thuê,12.0,0,đầy đủ,cũ,1400000.0
"186 Lê Duẩn, Q8",phòng trọ,cho thuê,14.0,0,đầy đủ,tốt,2600000.0
"10 Châu Văn Liêm, Q8",phòng trọ,cho thuê,17.0,0,đầy đủ,cũ,1900000.0
"95 Lý Thường Kiệt, Q8",chung cư,bán,124.0,3,đầy đủ,tốt,7986300000.0
"26 Nguyễn Văn Linh, Q9",phòng trọ,cho thuê,12.0,0,không có,tốt,1300000.0
"84 Lam Sơn, Q3",phòng trọ,cho thuê,20.0,0,không có,cũ,1500000.0
"61 Nguyễn Thị Minh Khai, Q7",chung cư,bán,75.0,20,cơ bản,mới,5335600000.0
"83 Quách Thị Trang, Q7",phòng trọ,cho thuê,16.0,0,không có,mới,1500000.0
"2 Lý Thường Kiệt, Q4",phòng trọ,cho thuê,14.0,0,đầy đủ,cũ,2000000.0
"24 Mai Chí Thọ, Q3",phòng trọ,cho thuê,12.0,0,không có,mới,2000000.0
"38 Tôn Đức Thắng, Q9",phòng trọ,cho thuê,15.0,0,không có,tốt,2000000.0
"186 Nguyễn Thị Minh Khai, Q5",chung cư,bán,70.0,6,đầy đủ,tốt,6146700000.0
"105 Phạm Văn Đồng, Q10",nhà nguyên căn,bán,30.0,4,cơ bản,cũ,8283000000.0
"178 Lý Thường Kiệt, Q2",phòng trọ,cho thuê,14.0,0,không có,cũ,1400000.0
"187 Lê Duẩn, Q8",chung cư,bán,75.0,12,không có,mới,3183800000.0
"108 Công xã Paris, Q10",phòng trọ,cho thuê,11.0,0,đầy đủ,mới,1000000.0
"33 Võ Chí Công, Q1",phòng trọ,cho thuê,9.0,0,không có,tốt,1200000.0
"133 Lạc Long Quân, Q9",phòng trọ,cho thuê,20.0,0,cơ bản,tốt,2200000.0
"127 Lý Tự Trọng, Q6",phòng trọ,cho thuê,15.0,0,đầy đủ,mới,2200000.0
"169 Phạm Ngũ Lão, Q3",phòng trọ,cho thuê,10.0,0,đầy đủ,mới,1300000.0
"131 Quách Thị Trang, Q6",phòng trọ,cho thuê,10.0,0,đầy đủ,tốt,1200000.0
"143 Lê Văn Duyệt, Q3",phòng trọ,cho thuê,12.0,0,không có,tốt,900000.0
"13 Hàm Nghi, Q8",phòng trọ,cho thuê,18.0,0,cơ bản,cũ,1400000.0
"145 Nguyễn Văn Linh, Q6",phòng trọ,cho thuê,17.0,0,cơ bản,cũ,1400000.0
"57 Lạc Long Quân, Q1",phòng trọ,cho thuê,19.0,0,cơ bản,mới,2500000.0
"66 Châu Văn Liêm, Q6",phòng trọ,cho thuê,19.0,0,đầy đủ,mới,2500000.0
"182 CMT8, Q2",phòng trọ,cho thuê,14.0,0,đầy đủ,mới,1500000.0
"132 Võ Nguyên Giáp, Q7",phòng trọ,cho thuê,20.0,0,cơ bản,cũ,1500000.0
"44 Xô Viết Nghệ Tĩnh, Q7",phòng trọ,cho thuê,16.0,0,không có,mới,1700000.0
"30 Võ Chí Công, Q7",phòng trọ,cho thuê,20.0,0,cơ bản,mới,2700000.0
"29 Lý Tự Trọng, Q4",phòng trọ,cho thuê,12.0,0,đầy đủ,tốt,1300000.0
"41 Âu Cơ, Q4",phòng trọ,cho thuê,13.0,0,không có,cũ,1800000.0
"134 Lê Văn Duyệt, Q5",nhà nguyên căn,bán,43.0,5,không có,mới,11944000000.0
"5 Phạm Ngũ Lão, Q4",phòng trọ,cho thuê,12.0,0,đầy đủ,cũ,1100000.0
"64 Đồng Khởi, Q6",văn phòng,cho thuê,360.0,2,đầy đủ,mới,800000000.0
"143 Phạm Ngũ Lão, Q6",văn phòng,bán,305.0,19,không có,mới,16715400000.0
"97 Lý Tự Trọng, Q10",phòng trọ,cho thuê,20.0,0,cơ bản,mới,3400000.0
"15 Mê Linh, Q4",phòng trọ,cho thuê,11.0,0,không có,cũ,1500000.0
"79 Lam Sơn, Q2",phòng trọ,cho thuê,12.0,0,cơ bản,mới,1800000.0
"196 Công xã Paris, Q10",phòng trọ,cho thuê,15.0,0,đầy đủ,mới,1400000.0
"31 Trần Hưng Đạo, Q3",phòng trọ,cho thuê,17.0,0,không có,tốt,2500000.0
"176 Phạm Văn Đồng, Q4",nhà nguyên căn,cho thuê,35.0,4,không có,cũ,8800000.0
"170 Lê Lợi, Q5",phòng trọ,cho thuê,14.0,0,đầy đủ,tốt,1600000.0
"21 Võ Nguyên Giáp, Q9",phòng trọ,cho thuê,11.0,0,không có,cũ,900000.0
"95 Phạm Ngũ Lão, Q8",phòng trọ,cho thuê,10.0,0,cơ bản,tốt,700000.0
"100 Lũy Bán Bích, Q5",phòng trọ,cho thuê,9.0,0,đầy đủ,tốt,1500000.0
"181 Phạm Ngũ Lão, Q2",phòng trọ,cho thuê,9.0,0,không có,cũ,800000.0
"195 Hải Thượng Lãn Ông, Q8",phòng trọ,cho thuê,12.0,0,không có,tốt,600000.0
"73 Lý Thường Kiệt, Q4",phòng trọ,cho thuê,11.0,0,cơ bản,tốt,1200000.0
"87 Bùi Viện, Q1",phòng trọ,cho thuê,18.0,0,không có,cũ,1000000.0
"145 Hai Bà Trưng, Q7",phòng trọ,cho thuê,14.0,0,đầy đủ,mới,2600000.0
"149 Xô Viết Nghệ Tĩnh, Q4",phòng trọ,cho thuê,15.0,0,đầy đủ,tốt,2000000.0
"34 Trường Chinh, Q7",chung cư,bán,84.0,2,không có,tốt,2047200000.0
"40 Hai Bà Trưng, Q2",chung cư,bán,90.0,1,cơ bản,cũ,2071600000.0
"170 Hải Thượng Lãn Ông, Q1",văn phòng,cho thuê,345.0,4,cơ bản,cũ,449200000.0
"81 Nguyễn Văn Linh, Q9",nhà nguyên căn,cho thuê,34.0,2,không có,cũ,3800000.0
"136 Âu Cơ, Q3",nhà nguyên căn,bán,42.0,1,đầy đủ,cũ,2634600000.0
"111 Nguyễn Văn Linh, Q6",phòng trọ,cho thuê,14.0,0,đầy đủ,cũ,1500000.0
"117 Nam Kỳ Khởi Nghĩa, Q3",phòng trọ,cho thuê,13.0,0,đầy đủ,mới,3200000.0
"127 Lũy Bán Bích, Q4",phòng trọ,cho thuê,11.0,0,cơ bản,cũ,1600000.0
"33 Nguyễn Thị Minh Khai, Q7",chung cư,cho thuê,65.0,17,không có,mới,9100000.0
"78 Trần Hưng Đạo, Q2",phòng trọ,cho thuê,12.0,0,không có,mới,700000.0
"33 Cách Mạng Tháng Tám, Q6",phòng trọ,cho thuê,16.0,0,không có,mới,2000000.0
"180 Âu Cơ, Q3",phòng trọ,cho thuê,18.0,0,đầy đủ,tốt,2700000.0
"2 Mai Chí Thọ, Q2",phòng trọ,cho thuê,13.0,0,đầy đủ,cũ,1800000.0
"164 Phạm Ngũ Lão, Q2",nhà nguyên căn,cho thuê,40.0,5,đầy đủ,tốt,28900000.0
"199 Đồng Khởi, Q7",phòng trọ,cho thuê,18.0,0,cơ bản,cũ,2300000.0
"93 Phạm Ngũ Lão, Q4",phòng trọ,cho thuê,19.0,0,đầy đủ,tốt,3300000.0
"12 Lý Thường Kiệt, Q5",nhà nguyên căn,bán,27.0,4,đầy đủ,tốt,3318800000.0
"18 Dân Chủ, Q1",văn phòng,cho thuê,305.0,18,không có,tốt,185800000.0
"128 Hai Bà Trưng, Q7",phòng trọ,cho thuê,10.0,0,cơ bản,mới,1800000.0
"32 Nguyễn Thị Minh Khai, Q5",phòng trọ,cho thuê,14.0,0,không có,cũ,2100000.0
"188 Trường Chinh, Q4",chung cư,bán,120.0,6,không có,mới,3380700000.0
"30 Nguyễn Văn Linh, Q8",phòng trọ,cho thuê,19.0,0,cơ bản,cũ,2200000.0
"162 Lý Thường Kiệt, Q4",phòng trọ,cho thuê,13.0,0,cơ bản,cũ,800000.0
"189 Lê Văn Duyệt, Q7",phòng trọ,cho thuê,17.0,0,cơ bản,cũ,2200000.0
"151 Trường Chinh, Q7",chung cư,bán,120.0,3,không có,cũ,4277900000.0
"81 Phạm Văn Đồng, Q7",phòng trọ,cho thuê,17.0,0,cơ bản,mới,2300000.0
"124 Châu Văn Liêm, Q10",phòng trọ,cho thuê,16.0,0,đầy đủ,tốt,2000000.0
"117 Trường Chinh, Q10",phòng trọ,cho thuê,12.0,0,cơ bản,mới,1800000.0
"118 Võ Chí Công, Q4",phòng trọ,cho thuê,11.0,0,đầy đủ,tốt,2000000.0
"34 Nguyễn Hữu Cảnh, Q7",phòng trọ,cho thuê,10.0,0,cơ bản,tốt,1200000.0
"188 Hải Thượng Lãn Ông, Q2",văn phòng,cho thuê,440.0,1,cơ bản,mới,540600000.0
"9 Lý Thường Kiệt, Q1",phòng trọ,cho thuê,9.0,0,cơ bản,cũ,500000.0
"81 Nguyễn Văn Linh, Q10",phòng trọ,cho thuê,18.0,0,không có,tốt,2100000.0
"114 Dân Chủ, Q6",phòng trọ,cho thuê,17.0,0,đầy đủ,tốt,1100000.0
"140 CMT8, Q7",phòng trọ,cho thuê,18.0,0,không có,tốt,1000000.0
"147 Phạm Ngũ Lão, Q2",nhà nguyên căn,bán,29.0,4,cơ bản,cũ,3332000000.0
"65 Võ Nguyên Giáp, Q4",nhà nguyên căn,bán,28.0,2,không có,tốt,2377400000.0
"32 CMT8, Q6",phòng trọ,cho thuê,9.0,0,không có,mới,1200000.0
"16 CMT8, Q5",phòng trọ,cho thuê,11.0,0,cơ bản,cũ,1200000.0
"183 Lam Sơn, Q10",phòng trọ,cho thuê,13.0,0,không có,mới,2100000.0
"167 Phạm Ngũ Lão, Q8",nhà nguyên căn,bán,33.0,3,không có,mới,4397800000.0
"49 Quốc tế, Q9",chung cư,cho thuê,120.0,17,cơ bản,mới,20000000.0
"196 Lê Duẩn, Q7",phòng trọ,cho thuê,13.0,0,cơ bản,tốt,2000000.0
"6 Lê Văn Duyệt, Q5",phòng trọ,cho thuê,13.0,0,đầy đủ,tốt,2800000.0
"171 Lũy Bán Bích, Q5",nhà nguyên căn,bán,30.0,3,cơ bản,mới,8362500000.0
"121 Nguyễn Hữu Cảnh, Q7",chung cư,bán,124.0,8,đầy đủ,mới,10543100000.0
"148 Nguyễn Thị Minh Khai, Q7",phòng trọ,cho thuê,12.0,0,đầy đủ,cũ,2100000.0
"176 Nguyễn Hữu Cảnh, Q1",phòng trọ,cho thuê,19.0,0,đầy đủ,mới,2700000.0
"96 Xô Viết Nghệ Tĩnh, Q6",phòng trọ,cho thuê,12.0,0,cơ bản,tốt,1800000.0
"141 Hùng Vương, Q3",phòng trọ,cho thuê,19.0,0,cơ bản,tốt,1800000.0
"59 CMT8, Q6",nhà nguyên căn,cho thuê,41.0,3,đầy đủ,tốt,8700000.0
"162 Nguyễn Hữu Cảnh, Q5",phòng trọ,cho thuê,13.0,0,đầy đủ,tốt,2000000.0
"180 Phạm Văn Đồng, Q8",phòng trọ,cho thuê,17.0,0,đầy đủ,cũ,2800000.0
"40 Nguyễn Văn Linh, Q2",phòng trọ,cho thuê,14.0,0,không có,cũ,1900000.0
"169 Lê Duẩn, Q3",phòng trọ,cho thuê,19.0,0,cơ bản,cũ,2200000.0
"95 Dân Chủ, Q2",phòng trọ,cho thuê,10.0,0,không có,tốt,600000.0
"126 Nguyễn Huệ, Q3",chung cư,bán,65.0,11,không có,mới,5623000000.0
"106 Mai Chí Thọ, Q10",phòng trọ,cho thuê,15.0,0,không có,tốt,2400000.0
"14 Mai Chí Thọ, Q1",nhà nguyên căn,cho thuê,44.0,5,không có,tốt,23000000.0
"189 Lê Lợi, Q5",phòng trọ,cho thuê,16.0,0,không có,mới,2400000.0
"40 Tôn Đức Thắng, Q10",phòng trọ,cho thuê,13.0,0,không có,mới,2000000.0
"114 Lê Lợi, Q10",nhà nguyên căn,cho thuê,41.0,1,không có,cũ,2500000.0
"65 Võ Chí Công, Q6",phòng trọ,cho thuê,19.0,0,đầy đủ,mới,2000000.0
"178 Nguyễn Huệ, Q1",nhà nguyên căn,bán,30.0,2,không có,tốt,3618500000.0
"34 Âu Cơ, Q5",nhà nguyên căn,bán,30.0,1,không có,mới,1016100000.0
"14 Dân Chủ, Q3",phòng trọ,cho thuê,16.0,0,không có,cũ,2700000.0
"62 Trần Hưng Đạo, Q4",phòng trọ,cho thuê,14.0,0,không có,tốt,1100000.0
"137 Bùi Viện, Q5",phòng trọ,cho thuê,14.0,0,không có,tốt,800000.0
"177 Cách Mạng Tháng Tám, Q4",phòng trọ,cho thuê,16.0,0,cơ bản,cũ,1900000.0
"43 Dân Chủ, Q2",phòng trọ,cho thuê,9.0,0,không có,tốt,900000.0
"130 Hùng Vương, Q7",chung cư,bán,65.0,9,đầy đủ,tốt,2206700000.0
"174 Trần Hưng Đạo, Q3",phòng trọ,cho thuê,12.0,0,cơ bản,tốt,1100000.0
"181 Lê Duẩn, Q2",phòng trọ,cho thuê,10.0,0,không có,tốt,1300000.0
"14 Nam Kỳ Khởi Nghĩa, Q3",phòng trọ,cho thuê,12.0,0,cơ bản,mới,2000000.0
"198 Lê Duẩn, Q4",chung cư,cho thuê,84.0,9,đầy đủ,cũ,11000000.0
"103 Phạm Ngũ Lão, Q5",phòng trọ,cho thuê,20.0,0,đầy đủ,mới,1900000.0
"40 CMT8, Q1",phòng trọ,cho thuê,14.0,0,không có,cũ,2100000.0
"134 Võ Nguyên Giáp, Q5",phòng trọ,cho thuê,18.0,0,đầy đủ,cũ,1900000.0
"64 Nguyễn Huệ, Q3",chung cư,bán,70.0,18,đầy đủ,cũ,4210900000.0
"175 Phạm Ngũ Lão, Q9",phòng trọ,cho thuê,19.0,0,không có,tốt,2200000.0
"111 Tôn Đức Thắng, Q9",nhà nguyên căn,cho thuê,35.0,3,cơ bản,mới,13500000.0
"58 Quốc tế, Q6",phòng trọ,cho thuê,14.0,0,đầy đủ,mới,1200000.0
"126 Phạm Văn Đồng, Q10",chung cư,bán,90.0,1,đầy đủ,mới,11661000000.0
"166 Rừng Sác, Q4",phòng trọ,cho thuê,11.0,0,đầy đủ,mới,1000000.0
"96 Dân Chủ, Q9",phòng trọ,cho thuê,14.0,0,không có,cũ,1400000.0
"90 Lê Văn Duyệt, Q8",phòng trọ,cho thuê,11.0,0,không có,mới,1200000.0
"193 Nguyễn Trãi, Q9",phòng trọ,cho thuê,17.0,0,đầy đủ,mới,3200000.0
"71 Xô Viết Nghệ Tĩnh, Q6",phòng trọ,cho thuê,13.0,0,cơ bản,cũ,1100000.0
"195 Hải Thượng Lãn Ông, Q3",phòng trọ,cho thuê,16.0,0,không có,tốt,1800000.0
"192 Phạm Ngũ Lão, Q10",phòng trọ,cho thuê,14.0,0,đầy đủ,cũ,1700000.0
"197 Tôn Đức Thắng, Q2",chung cư,bán,124.0,16,không có,tốt,4986200000.0
"55 CMT8, Q7",văn phòng,cho thuê,525.0,5,đầy đủ,tốt,665000000.0
"46 Võ Chí Công, Q2",phòng trọ,cho thuê,14.0,0,không có,mới,1400000.0
"6 Phạm Ngũ Lão, Q6",phòng trọ,cho thuê,15.0,0,đầy đủ,tốt,1600000.0
"80 Trần Hưng Đạo, Q2",phòng trọ,cho thuê,18.0,0,cơ bản,tốt,1200000.0
"35 Cách Mạng Tháng Tám, Q6",phòng trọ,cho thuê,14.0,0,đầy đủ,tốt,1300000.0
"85 Lũy Bán Bích, Q5",phòng trọ,cho thuê,13.0,0,cơ bản,mới,1400000.0
"134 Rừng Sác, Q8",phòng trọ,cho thuê,16.0,0,cơ bản,cũ,1700000.0
"31 Nguyễn Hữu Cảnh, Q6",phòng trọ,cho thuê,14.0,0,không có,cũ,1400000.0
"195 Lê Văn Duyệt, Q8",phòng trọ,cho thuê,16.0,0,đầy đủ,tốt,1500000.0
"59 Bùi Viện, Q4",văn phòng,cho thuê,370.0,1,đầy đủ,tốt,580900000.0
"85 Trường Chinh, Q7",chung cư,bán,65.0,14,đầy đủ,tốt,4954600000.0
"156 Mê Linh, Q3",phòng trọ,cho thuê,18.0,0,không có,tốt,1300000.0
"98 Đồng Khởi, Q4",phòng trọ,cho thuê,11.0,0,không có,cũ,900000.0
"15 Pasteur, Q4",phòng trọ,cho thuê,10.0,0,đầy đủ,tốt,700000.0
"149 Rừng Sác, Q4",phòng trọ,cho thuê,13.0,0,cơ bản,tốt,1000000.0
"117 Lê Văn Duyệt, Q2",phòng trọ,cho thuê,15.0,0,cơ bản,tốt,1500000.0
"69 Phạm Văn Đồng, Q1",phòng trọ,cho thuê,19.0,0,đầy đủ,cũ,1600000.0
"177 Pasteur, Q5",nhà nguyên căn,bán,27.0,1,đầy đủ,mới,3035600000.0
"41 Hàm Nghi, Q10",phòng trọ,cho thuê,17.0,0,cơ bản,mới,2800000.0
"26 Nam Kỳ Khởi Nghĩa, Q2",phòng trọ,cho thuê,11.0,0,không có,mới,900000.0
"164 Lý Thường Kiệt, Q4",phòng trọ,cho thuê,12.0,0,cơ bản,tốt,700000.0
"163 Bùi Viện, Q6",phòng trọ,cho thuê,20.0,0,đầy đủ,tốt,3400000.0
"144 Phạm Văn Đồng, Q4",phòng trọ,cho thuê,13.0,0,đầy đủ,tốt,1000000.0
"21 Hai Bà Trưng, Q10",văn phòng,cho thuê,325.0,7,cơ bản,cũ,450100000.0
"52 Võ Nguyên Giáp, Q8",phòng trọ,cho thuê,17.0,0,không có,tốt,1800000.0
"46 Quách Thị Trang, Q10",phòng trọ,cho thuê,20.0,0,không có,mới,1600000.0
"16 Lê Duẩn, Q10",phòng trọ,cho thuê,9.0,0,cơ bản,cũ,1000000.0
"118 Lý Tự Trọng, Q3",phòng trọ,cho thuê,17.0,0,đầy đủ,mới,2200000.0
"148 Trường Chinh, Q8",phòng trọ,cho thuê,14.0,0,không có,cũ,900000.0
"4 Lam Sơn, Q9",phòng trọ,cho thuê,11.0,0,không có,mới,1000000.0
"99 Xô Viết Nghệ Tĩnh, Q5",phòng trọ,cho thuê,15.0,0,không có,tốt,2700000.0
"156 Mê Linh, Q1",chung cư,cho thuê,90.0,20,đầy đủ,tốt,8000000.0
"117 Trần Hưng Đạo, Q9",nhà nguyên căn,bán,39.0,1,không có,cũ,2126800000.0
"165 Võ Chí Công, Q10",phòng trọ,cho thuê,13.0,0,cơ bản,cũ,1800000.0
"193 Lê Văn Duyệt, Q4",nhà nguyên căn,bán,40.0,1,đầy đủ,tốt,1958500000.0
"177 Công xã Paris, Q1",nhà nguyên căn,cho thuê,32.0,3,cơ bản,mới,17600000.0
"160 Pasteur, Q5",phòng trọ,cho thuê,14.0,0,không có,cũ,1300000.0
"64 Lạc Long Quân, Q6",phòng trọ,cho thuê,14.0,0,không có,tốt,1200000.0
"168 Mê Linh, Q2",phòng trọ,cho thuê,15.0,0,cơ bản,cũ,2000000.0
"191 Lý Thường Kiệt, Q4",phòng trọ,cho thuê,14.0,0,cơ bản,mới,2000000.0
"121 Lê Duẩn, Q10",phòng trọ,cho thuê,14.0,0,không có,mới,1200000.0
"111 Mê Linh, Q6",chung cư,cho thuê,90.0,16,không có,mới,9900000.0
"161 Nguyễn Thị Minh Khai, Q8",phòng trọ,cho thuê,12.0,0,đầy đủ,mới,2000000.0
"154 Pasteur, Q3",nhà nguyên căn,cho thuê,32.0,5,không có,mới,22900000.0
"65 Lê Lợi, Q4",phòng trọ,cho thuê,12.0,0,không có,cũ,600000.0
"100 Bùi Viện, Q2",phòng trọ,cho thuê,10.0,0,không có,tốt,1300000.0
"32 Cách Mạng Tháng Tám, Q3",phòng trọ,cho thuê,18.0,0,cơ bản,tốt,2700000.0
"66 Võ Nguyên Giáp, Q1",chung cư,bán,90.0,3,đầy đủ,tốt,3987400000.0
"86 CMT8, Q3",chung cư,bán,75.0,14,không có,mới,4581500000.0
"73 Đồng Khởi, Q9",phòng trọ,cho thuê,16.0,0,không có,cũ,1500000.0
"107 Pasteur, Q3",chung cư,bán,75.0,16,cơ bản,cũ,2693500000.0
"1 Lũy Bán Bích, Q3",phòng trọ,cho thuê,10.0,0,đầy đủ,tốt,1800000.0
"170 Lũy Bán Bích, Q1",phòng trọ,cho thuê,19.0,0,không có,tốt,2600000.0
"114 Nam Kỳ Khởi Nghĩa, Q2",phòng trọ,cho thuê,11.0,0,đầy đủ,mới,1300000.0
"156 Dân Chủ, Q9",chung cư,bán,65.0,8,đầy đủ,mới,5023100000.0
"102 Phạm Ngũ Lão, Q1",chung cư,cho thuê,124.0,16,đầy đủ,tốt,14200000.0
"96 Cách Mạng Tháng Tám, Q2",phòng trọ,cho thuê,16.0,0,cơ bản,tốt,1400000.0
"114 Dân Chủ, Q3",chung cư,bán,90.0,12,cơ bản,cũ,6181100000.0
"152 Phạm Ngũ Lão, Q8",phòng trọ,cho thuê,15.0,0,đầy đủ,cũ,1700000.0
"126 Lê Văn Duyệt, Q8",phòng trọ,cho thuê,10.0,0,không có,mới,1400000.0
"107 Tôn Đức Thắng, Q1",phòng trọ,cho thuê,15.0,0,không có,cũ,2400000.0
"4 Lam Sơn, Q10",phòng trọ,cho thuê,16.0,0,đầy đủ,tốt,1700000.0
"165 Nam Kỳ Khởi Nghĩa, Q7",phòng trọ,cho thuê,10.0,0,không có,mới,800000.0
"81 Nguyễn Hữu Cảnh, Q7",chung cư,cho thuê,84.0,15,không có,tốt,7700000.0
"156 Lũy Bán Bích, Q5",phòng trọ,cho thuê,14.0,0,cơ bản,mới,2100000.0
"134 CMT8, Q3",phòng trọ,cho thuê,16.0,0,không có,mới,1700000.0
"129 Mai Chí Thọ, Q7",phòng trọ,cho thuê,18.0,0,không có,tốt,1100000.0
"107 Nguyễn Trãi, Q3",phòng trọ,cho thuê,19.0,0,cơ bản,cũ,2000000.0
"170 Nguyễn Thị Minh Khai, Q1",văn phòng,cho thuê,120.0,11,không có,cũ,191400000.0
"14 Phạm Ngũ Lão, Q1",phòng trọ,cho thuê,20.0,0,không có,tốt,2500000.0
"109 Rừng Sác, Q10",văn phòng,cho thuê,490.0,6,không có,mới,966000000.0
"147 Tôn Đức Thắng, Q4",phòng trọ,cho thuê,13.0,0,cơ bản,mới,1200000.0
"130 Lê Lợi, Q7",chung cư,cho thuê,84.0,12,đầy đủ,tốt,6000000.0
"17 Lam Sơn, Q1",phòng trọ,cho thuê,16.0,0,đầy đủ,mới,2300000.0
"15 Hùng Vương, Q10",phòng trọ,cho thuê,14.0,0,cơ bản,cũ,1800000.0
"49 Trần Hưng Đạo, Q8",phòng trọ,cho thuê,13.0,0,cơ bản,mới,2000000.0
"10 Dân Chủ, Q4",phòng trọ,cho thuê,16.0,0,cơ bản,tốt,2300000.0
"151 Quốc tế, Q8",phòng trọ,cho thuê,20.0,0,cơ bản,mới,3100000.0
"102 Nguyễn Văn Linh, Q3",phòng trọ,cho thuê,18.0,0,đầy đủ,mới,3200000.0
"142 Nguyễn Thị Minh Khai, Q3",phòng trọ,cho thuê,17.0,0,cơ bản,mới,1900000.0
"21 Quốc tế, Q7",phòng trọ,cho thuê,13.0,0,cơ bản,cũ,900000.0
"73 Đồng Khởi, Q10",phòng trọ,cho thuê,9.0,0,không có,cũ,900000.0
"64 Trần Hưng Đạo, Q4",phòng trọ,cho thuê,17.0,0,đầy đủ,cũ,2000000.0
"80 Châu Văn Liêm, Q7",chung cư,bán,120.0,3,đầy đủ,mới,4974600000.0
"61 Lý Tự Trọng, Q9",phòng trọ,cho thuê,20.0,0,cơ bản,mới,3000000.0
"135 Mai Chí Thọ, Q3",phòng trọ,cho thuê,14.0,0,cơ bản,tốt,1600000.0
"141 Hàm Nghi, Q8",phòng trọ,cho thuê,15.0,0,không có,mới,1300000.0
"45 Võ Nguyên Giáp, Q2",phòng trọ,cho thuê,13.0,0,đầy đủ,tốt,800000.0
"177 Âu Cơ, Q8",văn phòng,cho thuê,200.0,2,đầy đủ,mới,482600000.0
"86 Hải Thượng Lãn Ông, Q4",phòng trọ,cho thuê,18.0,0,cơ bản,tốt,1200000.0
"13 Công xã Paris, Q10",nhà nguyên căn,cho thuê,44.0,4,cơ bản,tốt,34500000.0
"14 Phạm Văn Đồng, Q5",nhà nguyên căn,bán,28.0,4,đầy đủ,cũ,10629500000.0
"185 Trường Chinh, Q4",chung cư,cho thuê,124.0,3,cơ bản,cũ,12500000.0
"119 Nguyễn Trãi, Q2",phòng trọ,cho thuê,12.0,0,không có,tốt,1300000.0
"159 Rừng Sác, Q5",phòng trọ,cho thuê,15.0,0,cơ bản,tốt,1900000.0
"91 Võ Nguyên Giáp, Q1",nhà nguyên căn,cho thuê,37.0,2,không có,tốt,5300000.0
"85 Nguyễn Văn Linh, Q3",phòng trọ,cho thuê,19.0,0,đầy đủ,tốt,2700000.0
"195 Nguyễn Trãi, Q3",phòng trọ,cho thuê,13.0,0,cơ bản,tốt,1400000.0
"110 Lê Duẩn, Q1",chung cư,bán,65.0,17,cơ bản,mới,5567300000.0
"142 Tôn Đức Thắng, Q2",phòng trọ,cho thuê,20.0,0,đầy đủ,cũ,2800000.0
"95 Mai Chí Thọ, Q7",phòng trọ,cho thuê,12.0,0,đầy đủ,mới,900000.0
"44 Hai Bà Trưng, Q5",phòng trọ,cho thuê,18.0,0,không có,cũ,1900000.0
"102 Phạm Ngũ Lão, Q2",chung cư,cho thuê,75.0,20,cơ bản,cũ,9600000.0
"137 Quốc tế, Q1",phòng trọ,cho thuê,17.0,0,cơ bản,mới,2200000.0
"106 Xô Viết Nghệ Tĩnh, Q1",nhà nguyên căn,cho thuê,33.0,2,không có,cũ,6300000.0
"26 Hàm Nghi, Q9",phòng trọ,cho thuê,18.0,0,đầy đủ,tốt,1600000.0
"93 Phạm Ngũ Lão, Q9",văn phòng,cho thuê,245.0,1,cơ bản,tốt,314800000.0
"69 Đồng Khởi, Q1",phòng trọ,cho thuê,17.0,0,không có,mới,3400000.0
"176 Lê Duẩn, Q10",phòng trọ,cho thuê,18.0,0,đầy đủ,mới,3700000.0
"8 Pasteur, Q5",phòng trọ,cho thuê,17.0,0,đầy đủ,tốt,2200000.0
"43 Quốc tế, Q6",phòng trọ,cho thuê,18.0,0,không có,tốt,2200000.0
"21 Lý Thường Kiệt, Q7",phòng trọ,cho thuê,13.0,0,không có,tốt,1700000.0
"178 CMT8, Q5",phòng trọ,cho thuê,17.0,0,không có,cũ,2300000.0
"53 Võ Nguyên Giáp, Q7",chung cư,cho thuê,90.0,6,đầy đủ,mới,12300000.0
"157 Lý Thường Kiệt, Q5",phòng trọ,cho thuê,13.0,0,đầy đủ,tốt,2300000.0
"167 Nguyễn Văn Linh, Q9",phòng trọ,cho thuê,15.0,0,đầy đủ,cũ,2200000.0
"30 Mê Linh, Q4",phòng trọ,cho thuê,17.0,0,không có,mới,2300000.0
"45 Pasteur, Q9",phòng trọ,cho thuê,20.0,0,đầy đủ,cũ,1100000.0
"107 Rừng Sác, Q5",phòng trọ,cho thuê,14.0,0,đầy đủ,cũ,1300000.0
"83 Nam Kỳ Khởi Nghĩa, Q8",phòng trọ,cho thuê,17.0,0,không có,mới,2800000.0
"134 Rừng Sác, Q3",phòng trọ,cho thuê,20.0,0,không có,mới,2500000.0
"191 Lạc Long Quân, Q3",phòng trọ,cho thuê,12.0,0,đầy đủ,tốt,1500000.0
"100 Nguyễn Hữu Cảnh, Q10",chung cư,bán,120.0,17,không có,tốt,6573900000.0
"143 Nguyễn Trãi, Q3",phòng trọ,cho thuê,16.0,0,đầy đủ,cũ,1900000.0
"61 Nguyễn Văn Linh, Q4",phòng trọ,cho thuê,12.0,0,không có,cũ,900000.0
"187 Công xã Paris, Q7",phòng trọ,cho thuê,12.0,0,đầy đủ,mới,1900000.0
"116 Nguyễn Trãi, Q8",chung cư,cho thuê,124.0,16,đầy đủ,cũ,19200000.0
"91 Hàm Nghi, Q1",phòng trọ,cho thuê,19.0,0,cơ bản,tốt,3600000.0
"172 Hùng Vương, Q7",phòng trọ,cho thuê,16.0,0,không có,cũ,1500000.0
"186 Nguyễn Thị Minh Khai, Q5",phòng trọ,cho thuê,16.0,0,không có,cũ,1600000.0
"160 Nguyễn Huệ, Q3",chung cư,bán,70.0,19,đầy đủ,cũ,3520000000.0
"17 Nguyễn Văn Linh, Q5",phòng trọ,cho thuê,15.0,0,không có,tốt,1200000.0
"186 Nguyễn Huệ, Q9",văn phòng,cho thuê,495.0,14,cơ bản,mới,674900000.0
"136 Quách Thị Trang, Q9",phòng trọ,cho thuê,10.0,0,đầy đủ,tốt,1600000.0
"102 Lê Văn Duyệt, Q2",phòng trọ,cho thuê,15.0,0,không có,mới,1000000.0
"82 Lê Văn Duyệt, Q3",phòng trọ,cho thuê,9.0,0,đầy đủ,cũ,1700000.0
"13 Châu Văn Liêm, Q2",chung cư,bán,70.0,2,không có,cũ,2030300000.0
"85 Hai Bà Trưng, Q2",chung cư,bán,75.0,1,cơ bản,cũ,3852400000.0
"67 Bùi Viện, Q4",nhà nguyên căn,cho thuê,34.0,3,cơ bản,tốt,14800000.0
"107 Lạc Long Quân, Q7",phòng trọ,cho thuê,10.0,0,không có,cũ,700000.0
"56 Nguyễn Thị Minh Khai, Q3",phòng trọ,cho thuê,16.0,0,đầy đủ,tốt,1800000.0
"117 Tôn Đức Thắng, Q7",phòng trọ,cho thuê,19.0,0,cơ bản,mới,3400000.0
"144 Âu Cơ, Q4",phòng trọ,cho thuê,9.0,0,cơ bản,mới,1200000.0
"144 Cách Mạng Tháng Tám, Q6",phòng trọ,cho thuê,10.0,0,cơ bản,mới,700000.0
"58 Lam Sơn, Q5",phòng trọ,cho thuê,9.0,0,đầy đủ,tốt,1200000.0
"135 Lũy Bán Bích, Q8",chung cư,bán,70.0,7,đầy đủ,cũ,4036000000.0
"171 Nguyễn Hữu Cảnh, Q7",phòng trọ,cho thuê,13.0,0,không có,mới,900000.0
"161 Nguyễn Thị Minh Khai, Q3",phòng trọ,cho thuê,20.0,0,cơ bản,cũ,3100000.0
"34 Mê Linh, Q7",phòng trọ,cho thuê,11.0,0,đầy đủ,cũ,1000000.0
"185 Nguyễn Văn Linh, Q2",phòng trọ,cho thuê,14.0,0,đầy đủ,cũ,2300000.0
"119 Trần Hưng Đạo, Q10",phòng trọ,cho thuê,14.0,0,đầy đủ,cũ,2300000.0
"88 Nguyễn Trãi, Q8",nhà nguyên căn,cho thuê,45.0,4,cơ bản,cũ,12200000.0
"54 Châu Văn Liêm, Q9",phòng trọ,cho thuê,9.0,0,đầy đủ,tốt,700000.0
"106 Châu Văn Liêm, Q2",phòng trọ,cho thuê,15.0,0,cơ bản,tốt,1000000.0
"39 Nguyễn Hữu Cảnh, Q3",phòng trọ,cho thuê,19.0,0,cơ bản,mới,2300000.0
"14 Lê Duẩn, Q1",phòng trọ,cho thuê,19.0,0,cơ bản,mới,3100000.0
"174 Nguyễn Hữu Cảnh, Q9",văn phòng,cho thuê,475.0,5,cơ bản,mới,679100000.0
"64 Nam Kỳ Khởi Nghĩa, Q4",phòng trọ,cho thuê,20.0,0,cơ bản,tốt,1300000.0
"38 Nguyễn Thị Minh Khai, Q10",chung cư,cho thuê,84.0,11,đầy đủ,tốt,17600000.0
"166 Nam Kỳ Khởi Nghĩa, Q6",văn phòng,cho thuê,375.0,1,đầy đủ,mới,818500000.0
"96 Hải Thượng Lãn Ông, Q5",phòng trọ,cho thuê,10.0,0,đầy đủ,tốt,900000.0
"132 Lý Thường Kiệt, Q5",phòng trọ,cho thuê,14.0,0,đầy đủ,cũ,2100000.0
"72 Nguyễn Văn Linh, Q7",phòng trọ,cho thuê,19.0,0,đầy đủ,tốt,2800000.0
"112 Nguyễn Thị Minh Khai, Q7",phòng trọ,cho thuê,12.0,0,cơ bản,mới,2100000.0
"193 Lý Thường Kiệt, Q5",nhà nguyên căn,bán,36.0,5,cơ bản,tốt,9672200000.0
"57 Mê Linh, Q5",phòng trọ,cho thuê,19.0,0,cơ bản,tốt,1400000.0
"168 Nguyễn Văn Linh, Q2",phòng trọ,cho thuê,10.0,0,cơ bản,mới,1500000.0
"67 Quách Thị Trang, Q3",phòng trọ,cho thuê,9.0,0,đầy đủ,mới,800000.0
"172 Cách Mạng Tháng Tám, Q5",phòng trọ,cho thuê,18.0,0,đầy đủ,mới,2900000.0
"37 Nguyễn Văn Linh, Q10",phòng trọ,cho thuê,19.0,0,đầy đủ,cũ,2400000.0
"94 Trần Hưng Đạo, Q9",phòng trọ,cho thuê,14.0,0,cơ bản,tốt,2200000.0
"6 Lý Tự Trọng, Q8",phòng trọ,cho thuê,13.0,0,cơ bản,tốt,1600000.0
"22 Nguyễn Hữu Cảnh, Q3",phòng trọ,cho thuê,15.0,0,đầy đủ,cũ,2900000.0
"176 Âu Cơ, Q1",phòng trọ,cho thuê,11.0,0,không có,tốt,1400000.0
"77 Lê Văn Duyệt, Q3",văn phòng,cho thuê,155.0,12,đầy đủ,tốt,170400000.0
"200 Lũy Bán Bích, Q2",phòng trọ,cho thuê,12.0,0,không có,cũ,600000.0
"156 Quốc tế, Q1",nhà nguyên căn,cho thuê,41.0,1,đầy đủ,mới,7400000.0
"112 Phạm Ngũ Lão, Q7",phòng trọ,cho thuê,16.0,0,cơ bản,tốt,1700000.0
"143 Trường Chinh, Q2",nhà nguyên căn,cho thuê,44.0,3,không có,tốt,17400000.0
"186 Hàm Nghi, Q9",phòng trọ,cho thuê,12.0,0,đầy đủ,mới,800000.0
"70 Nguyễn Hữu Cảnh, Q7",chung cư,bán,75.0,13,đầy đủ,cũ,2668500000.0
"5 Hàm Nghi, Q1",phòng trọ,cho thuê,17.0,0,không có,cũ,1300000.0
"109 Hàm Nghi, Q2",phòng trọ,cho thuê,10.0,0,không có,mới,1300000.0
"5 Xô Viết Nghệ Tĩnh, Q1",phòng trọ,cho thuê,10.0,0,cơ bản,cũ,600000.0
"70 Đồng Khởi, Q2",phòng trọ,cho thuê,13.0,0,đầy đủ,mới,900000.0
"188 Tôn Đức Thắng, Q7",phòng trọ,cho thuê,18.0,0,cơ bản,mới,2000000.0
"186 Rừng Sác, Q6",phòng trọ,cho thuê,14.0,0,cơ bản,cũ,1600000.0
"78 Lê Lợi, Q10",phòng trọ,cho thuê,9.0,0,đầy đủ,mới,1500000.0
"97 Mai Chí Thọ, Q7",phòng trọ,cho thuê,17.0,0,cơ bản,mới,2500000.0
"189 Lam Sơn, Q3",phòng trọ,cho thuê,14.0,0,cơ bản,tốt,1200000.0
"63 Trường Chinh, Q2",chung cư,bán,84.0,12,không có,mới,3706500000.0
"122 CMT8, Q10",phòng trọ,cho thuê,13.0,0,đầy đủ,tốt,1900000.0
"51 Nam Kỳ Khởi Nghĩa, Q5",chung cư,bán,75.0,6,đầy đủ,mới,3004000000.0
"156 Tôn Đức Thắng, Q6",chung cư,bán,90.0,8,không có,tốt,3076800000.0
"139 Quốc tế, Q1",phòng trọ,cho thuê,13.0,0,đầy đủ,tốt,1000000.0
"136 Dân Chủ, Q10",phòng trọ,cho thuê,19.0,0,cơ bản,cũ,2900000.0
"49 Âu Cơ, Q5",phòng trọ,cho thuê,16.0,0,không có,cũ,1800000.0
"60 Hai Bà Trưng, Q2",nhà nguyên căn,bán,30.0,2,cơ bản,cũ,2731700000.0
"92 Tôn Đức Thắng, Q4",phòng trọ,cho thuê,13.0,0,không có,tốt,1700000.0
"120 Nguyễn Hữu Cảnh, Q7",phòng trọ,cho thuê,14.0,0,cơ bản,tốt,2100000.0
"33 Nguyễn Văn Linh, Q1",nhà nguyên căn,bán,35.0,4,cơ bản,mới,13956600000.0
"86 Bùi Viện, Q4",phòng trọ,cho thuê,20.0,0,cơ bản,cũ,2300000.0
"61 Lê Lợi, Q10",phòng trọ,cho thuê,17.0,0,cơ bản,cũ,2000000.0
"110 Âu Cơ, Q5",phòng trọ,cho thuê,19.0,0,đầy đủ,cũ,2100000.0
"20 Bùi Viện, Q10",chung cư,cho thuê,70.0,7,đầy đủ,mới,6200000.0
"182 Âu Cơ, Q9",nhà nguyên căn,bán,27.0,5,đầy đủ,mới,12771800000.0
"82 Lê Văn Duyệt, Q9",chung cư,bán,65.0,19,không có,mới,4741700000.0
"135 Bùi Viện, Q1",chung cư,cho thuê,120.0,18,không có,mới,8000000.0
"140 Quách Thị Trang, Q8",phòng trọ,cho thuê,17.0,0,không có,tốt,1600000.0
"173 Công xã Paris, Q7",chung cư,bán,70.0,19,cơ bản,tốt,3042500000.0
"146 Hùng Vương, Q6",nhà nguyên căn,cho thuê,44.0,2,cơ bản,mới,15000000.0
"147 Đồng Khởi, Q10",phòng trọ,cho thuê,10.0,0,đầy đủ,cũ,1100000.0
"64 Châu Văn Liêm, Q7",phòng trọ,cho thuê,15.0,0,đầy đủ,mới,2700000.0
"69 Lê Văn Duyệt, Q4",phòng trọ,cho thuê,19.0,0,đầy đủ,tốt,1300000.0
"94 Đồng Khởi, Q3",phòng trọ,cho thuê,14.0,0,đầy đủ,tốt,2300000.0
"78 Phạm Ngũ Lão, Q7",phòng trọ,cho thuê,13.0,0,đầy đủ,mới,2100000.0
"199 Âu Cơ, Q10",phòng trọ,cho thuê,14.0,0,không có,tốt,900000.0
"193 Nguyễn Huệ, Q2",phòng trọ,cho thuê,14.0,0,đầy đủ,mới,1200000.0
"21 Cách Mạng Tháng Tám, Q10",phòng trọ,cho thuê,19.0,0,cơ bản,tốt,2700000.0
"88 Mê Linh, Q7",phòng trọ,cho thuê,15.0,0,cơ bản,tốt,1300000.0
"99 Võ Nguyên Giáp, Q3",phòng trọ,cho thuê,17.0,0,không có,mới,3400000.0
"152 Hàm Nghi, Q9",phòng trọ,cho thuê,20.0,0,không có,cũ,2200000.0
"43 Hai Bà Trưng, Q2",phòng trọ,cho thuê,10.0,0,đầy đủ,cũ,1600000.0
"191 Hùng Vương, Q5",phòng trọ,cho thuê,12.0,0,cơ bản,tốt,2100000.0
"163 Võ Nguyên Giáp, Q2",phòng trọ,cho thuê,18.0,0,không có,tốt,2700000.0
"73 Châu Văn Liêm, Q9",phòng trọ,cho thuê,11.0,0,không có,mới,1100000.0
"72 Xô Viết Nghệ Tĩnh, Q3",phòng trọ,cho thuê,18.0,0,đầy đủ,tốt,2200000.0
"19 Hùng Vương, Q3",phòng trọ,cho thuê,9.0,0,cơ bản,cũ,1500000.0
"90 Trần Hưng Đạo, Q1",phòng trọ,cho thuê,12.0,0,không có,cũ,1100000.0
"126 Hùng Vương, Q8",phòng trọ,cho thuê,20.0,0,không có,cũ,1200000.0
"24 Lam Sơn, Q6",phòng trọ,cho thuê,12.0,0,đầy đủ,cũ,1200000.0
"197 Rừng Sác, Q5",phòng trọ,cho thuê,17.0,0,đầy đủ,cũ,3200000.0
"174 Bùi Viện, Q4",phòng trọ,cho thuê,20.0,0,cơ bản,cũ,1700000.0
"167 Đồng Khởi, Q4",phòng trọ,cho thuê,13.0,0,cơ bản,cũ,1200000.0
"26 Hai Bà Trưng, Q2",phòng trọ,cho thuê,17.0,0,cơ bản,cũ,2000000.0
"57 Lê Lợi, Q1",phòng trọ,cho thuê,14.0,0,không có,cũ,1900000.0
"134 Hùng Vương, Q7",phòng trọ,cho thuê,20.0,0,cơ bản,tốt,2500000.0
"12 Nguyễn Huệ, Q2",nhà nguyên căn,cho thuê,42.0,4,cơ bản,cũ,22500000.0
"36 Mê Linh, Q7",phòng trọ,cho thuê,15.0,0,đầy đủ,mới,2800000.0
"63 Phạm Văn Đồng, Q4",văn phòng,cho thuê,280.0,13,đầy đủ,tốt,524100000.0
"12 CMT8, Q9",nhà nguyên căn,bán,33.0,3,cơ bản,tốt,4096400000.0
"160 Lý Tự Trọng, Q10",chung cư,bán,65.0,16,không có,tốt,4657800000.0
"14 Võ Nguyên Giáp, Q7",phòng trọ,cho thuê,10.0,0,không có,cũ,1300000.0
"70 Nguyễn Thị Minh Khai, Q4",nhà nguyên căn,bán,45.0,3,không có,tốt,5509600000.0
"124 Hùng Vương, Q3",nhà nguyên căn,cho thuê,44.0,1,cơ bản,tốt,5800000.0
"90 Nguyễn Trãi, Q8",phòng trọ,cho thuê,15.0,0,đầy đủ,tốt,1900000.0
"43 Lý Thường Kiệt, Q2",nhà nguyên căn,bán,43.0,1,không có,mới,1752100000.0
"143 Đồng Khởi, Q1",phòng trọ,cho thuê,18.0,0,cơ bản,cũ,1200000.0
"57 Lam Sơn, Q1",phòng trọ,cho thuê,17.0,0,không có,mới,1800000.0
"56 Dân Chủ, Q7",chung cư,bán,120.0,20,không có,mới,6507900000.0
"188 Hùng Vương, Q2",phòng trọ,cho thuê,15.0,0,không có,tốt,1800000.0
"44 Lý Tự Trọng, Q7",chung cư,bán,120.0,13,cơ bản,mới,5178500000.0
"63 Nguyễn Huệ, Q7",phòng trọ,cho thuê,15.0,0,không có,tốt,1600000.0
"53 Nguyễn Huệ, Q3",nhà nguyên căn,bán,27.0,4,đầy đủ,mới,4139100000.0
"167 Lũy Bán Bích, Q9",phòng trọ,cho thuê,13.0,0,không có,cũ,1500000.0
"143 Hùng Vương, Q9",phòng trọ,cho thuê,18.0,0,đầy đủ,cũ,2000000.0
"114 Nguyễn Thị Minh Khai, Q7",phòng trọ,cho thuê,13.0,0,cơ bản,mới,1200000.0
"90 Lý Thường Kiệt, Q8",chung cư,cho thuê,120.0,3,cơ bản,cũ,15300000.0
"8 Hai Bà Trưng, Q3",chung cư,bán,70.0,1,không có,mới,2501300000.0
"140 Dân Chủ, Q8",phòng trọ,cho thuê,14.0,0,đầy đủ,cũ,1500000.0
"28 Nguyễn Huệ, Q10",phòng trọ,cho thuê,14.0,0,đầy đủ,cũ,1400000.0
"47 Lê Duẩn, Q5",phòng trọ,cho thuê,12.0,0,không có,tốt,1200000.0
"187 Lê Lợi, Q8",nhà nguyên căn,bán,31.0,5,cơ bản,cũ,9795700000.0
"70 Phạm Ngũ Lão, Q4",phòng trọ,cho thuê,11.0,0,đầy đủ,tốt,700000.0
"166 Quốc tế, Q7",phòng trọ,cho thuê,12.0,0,cơ bản,mới,1200000.0
"179 Quách Thị Trang, Q6",phòng trọ,cho thuê,10.0,0,đầy đủ,cũ,1600000.0
"131 Lam Sơn, Q5",chung cư,cho thuê,90.0,5,cơ bản,cũ,12200000.0
"62 Lũy Bán Bích, Q10",phòng trọ,cho thuê,9.0,0,đầy đủ,tốt,1000000.0
"126 Đồng Khởi, Q1",phòng trọ,cho thuê,12.0,0,không có,cũ,1500000.0
"40 Lam Sơn, Q1",phòng trọ,cho thuê,12.0,0,đầy đủ,tốt,1700000.0
"196 Mai Chí Thọ, Q9",phòng trọ,cho thuê,18.0,0,đầy đủ,cũ,1700000.0
"56 Trần Hưng Đạo, Q1",phòng trọ,cho thuê,15.0,0,cơ bản,tốt,1800000.0
"44 Lý Tự Trọng, Q8",văn phòng,cho thuê,570.0,12,không có,cũ,273600000.0
"118 Pasteur, Q4",phòng trọ,cho thuê,9.0,0,không có,mới,900000.0
"161 Châu Văn Liêm, Q4",phòng trọ,cho thuê,16.0,0,đầy đủ,tốt,1100000.0
"197 Bùi Viện, Q4",chung cư,cho thuê,70.0,20,cơ bản,cũ,7700000.0
"134 Lê Văn Duyệt, Q8",phòng trọ,cho thuê,14.0,0,cơ bản,mới,1600000.0
"200 Hải Thượng Lãn Ông, Q1",phòng trọ,cho thuê,14.0,0,không có,tốt,1300000.0
"124 Nam Kỳ Khởi Nghĩa, Q1",phòng trọ,cho thuê,12.0,0,đầy đủ,cũ,1800000.0
"170 Hải Thượng Lãn Ông, Q10",phòng trọ,cho thuê,9.0,0,cơ bản,mới,900000.0
"143 Hùng Vương, Q10",nhà nguyên căn,bán,34.0,1,không có,tốt,2079000000.0
"86 Lạc Long Quân, Q9",phòng trọ,cho thuê,12.0,0,không có,cũ,1400000.0
"45 Võ Chí Công, Q9",phòng trọ,cho thuê,12.0,0,cơ bản,tốt,1600000.0
"182 Nam Kỳ Khởi Nghĩa, Q9",nhà nguyên căn,bán,28.0,1,đầy đủ,mới,1966900000.0
"148 Trần Hưng Đạo, Q5",phòng trọ,cho thuê,17.0,0,không có,tốt,1200000.0
"185 Lũy Bán Bích, Q2",phòng trọ,cho thuê,14.0,0,không có,cũ,1500000.0
"123 Lê Duẩn, Q1",phòng trọ,cho thuê,16.0,0,cơ bản,mới,2400000.0
"17 Nguyễn Thị Minh Khai, Q6",phòng trọ,cho thuê,17.0,0,không có,cũ,1100000.0
"147 Mê Linh, Q5",nhà nguyên căn,cho thuê,33.0,2,cơ bản,tốt,9400000.0
"185 Hùng Vương, Q1",chung cư,bán,75.0,11,không có,mới,3067300000.0
"101 Hải Thượng Lãn Ông, Q9",phòng trọ,cho thuê,20.0,0,cơ bản,tốt,2400000.0
"171 Hàm Nghi, Q3",nhà nguyên căn,cho thuê,38.0,3,cơ bản,cũ,9700000.0
"175 Nguyễn Huệ, Q5",nhà nguyên căn,cho thuê,29.0,5,đầy đủ,tốt,21700000.0
"9 Nam Kỳ Khởi Nghĩa, Q4",phòng trọ,cho thuê,20.0,0,không có,mới,3300000.0
"107 Cách Mạng Tháng Tám, Q10",chung cư,bán,70.0,2,đầy đủ,cũ,2348100000.0
"188 Hàm Nghi, Q7",chung cư,cho thuê,75.0,3,không có,tốt,4100000.0
"128 Lam Sơn, Q1",phòng trọ,cho thuê,10.0,0,đầy đủ,mới,2000000.0
"8 Phạm Văn Đồng, Q9",nhà nguyên căn,bán,36.0,3,cơ bản,mới,7330100000.0
"28 Bùi Viện, Q10",nhà nguyên căn,bán,41.0,5,cơ bản,tốt,7163600000.0
"6 CMT8, Q1",chung cư,cho thuê,90.0,8,cơ bản,tốt,7800000.0
"168 Lê Lợi, Q4",phòng trọ,cho thuê,11.0,0,cơ bản,mới,700000.0
"75 Lê Lợi, Q2",phòng trọ,cho thuê,9.0,0,không có,mới,900000.0
"130 Trần Hưng Đạo, Q2",chung cư,cho thuê,70.0,14,cơ bản,mới,7700000.0
"27 Lê Duẩn, Q2",phòng trọ,cho thuê,17.0,0,đầy đủ,tốt,3000000.0
"134 Nguyễn Thị Minh Khai, Q9",phòng trọ,cho thuê,16.0,0,đầy đủ,cũ,1600000.0
"93 Nam Kỳ Khởi Nghĩa, Q5",phòng trọ,cho thuê,17.0,0,cơ bản,mới,3300000.0
"99 Quách Thị Trang, Q2",phòng trọ,cho thuê,17.0,0,cơ bản,tốt,1900000.0
"10 Hai Bà Trưng, Q4",phòng trọ,cho thuê,14.0,0,cơ bản,cũ,1800000.0
"116 Âu Cơ, Q7",phòng trọ,cho thuê,12.0,0,đầy đủ,mới,1100000.0
"8 Hai Bà Trưng, Q10",chung cư,bán,70.0,19,đầy đủ,tốt,5031900000.0
"199 Tôn Đức Thắng, Q4",phòng trọ,cho thuê,18.0,0,không có,tốt,1300000.0
"68 Nguyễn Văn Linh, Q1",chung cư,bán,124.0,8,cơ bản,cũ,5233200000.0
"84 CMT8, Q10",phòng trọ,cho thuê,11.0,0,cơ bản,mới,1000000.0
"83 Châu Văn Liêm, Q5",phòng trọ,cho thuê,14.0,0,cơ bản,mới,1100000.0
"56 Bùi Viện, Q8",phòng trọ,cho thuê,17.0,0,không có,cũ,1200000.0
"156 Lê Lợi, Q1",văn phòng,cho thuê,185.0,18,cơ bản,cũ,246700000.0
"153 Âu Cơ, Q1",phòng trọ,cho thuê,16.0,0,đầy đủ,cũ,1500000.0
"86 Hàm Nghi, Q7",nhà nguyên căn,cho thuê,37.0,2,cơ bản,mới,10000000.0
"115 Quốc tế, Q7",nhà nguyên căn,bán,32.0,4,đầy đủ,cũ,6507700000.0
"75 Châu Văn Liêm, Q3",phòng trọ,cho thuê,14.0,0,cơ bản,tốt,1000000.0
"50 Hùng Vương, Q4",phòng trọ,cho thuê,18.0,0,cơ bản,mới,3000000.0
"66 Nguyễn Trãi, Q2",phòng trọ,cho thuê,10.0,0,không có,cũ,1200000.0
"179 Trường Chinh, Q5",phòng trọ,cho thuê,12.0,0,đầy đủ,cũ,1700000.0
"85 Hùng Vương, Q2",phòng trọ,cho thuê,18.0,0,cơ bản,tốt,1400000.0
"113 Nam Kỳ Khởi Nghĩa, Q3",phòng trọ,cho thuê,16.0,0,cơ bản,cũ,1100000.0
"6 Lê Văn Duyệt, Q8",phòng trọ,cho thuê,10.0,0,cơ bản,tốt,1400000.0
"61 Cách Mạng Tháng Tám, Q8",phòng trọ,cho thuê,11.0,0,không có,cũ,900000.0
"24 Bùi Viện, Q1",phòng trọ,cho thuê,10.0,0,cơ bản,mới,800000.0
"47 Nguyễn Huệ, Q10",phòng trọ,cho thuê,19.0,0,không có,cũ,2900000.0
"155 Hùng Vương, Q4",phòng trọ,cho thuê,17.0,0,đầy đủ,tốt,1900000.0
"67 Cách Mạng Tháng Tám, Q5",phòng trọ,cho thuê,19.0,0,đầy đủ,cũ,2400000.0
"96 Mai Chí Thọ, Q2",phòng trọ,cho thuê,12.0,0,không có,tốt,1600000.0
"131 Hùng Vương, Q1",phòng trọ,cho thuê,15.0,0,cơ bản,cũ,2800000.0
"33 Hùng Vương, Q4",phòng trọ,cho thuê,18.0,0,đầy đủ,tốt,2200000.0
"185 Quách Thị Trang, Q10",phòng trọ,cho thuê,19.0,0,đầy đủ,mới,2200000.0
"35 Lý Tự Trọng, Q7",nhà nguyên căn,bán,33.0,5,đầy đủ,cũ,6411200000.0
"44 Cách Mạng Tháng Tám, Q8",nhà nguyên căn,bán,31.0,3,không có,tốt,2870900000.0
"78 Cách Mạng Tháng Tám, Q9",phòng trọ,cho thuê,17.0,0,không có,mới,1000000.0
"84 Nguyễn Hữu Cảnh, Q2",phòng trọ,cho thuê,19.0,0,cơ bản,cũ,1700000.0
"1 Nguyễn Trãi, Q6",phòng trọ,cho thuê,17.0,0,không có,mới,2800000.0
"165 Nguyễn Văn Linh, Q9",nhà nguyên căn,cho thuê,29.0,5,cơ bản,mới,14500000.0
"8 Rừng Sác, Q1",nhà nguyên căn,cho thuê,41.0,3,không có,tốt,13100000.0
"169 Lũy Bán Bích, Q4",phòng trọ,cho thuê,11.0,0,không có,mới,1700000.0
"162 Trần Hưng Đạo, Q7",phòng trọ,cho thuê,11.0,0,cơ bản,tốt,1400000.0
"42 Cách Mạng Tháng Tám, Q3",phòng trọ,cho thuê,14.0,0,đầy đủ,mới,1500000.0
"55 Võ Chí Công, Q4",phòng trọ,cho thuê,15.0,0,đầy đủ,cũ,2300000.0
"140 Dân Chủ, Q3",phòng trọ,cho thuê,19.0,0,cơ bản,cũ,2000000.0
"34 Âu Cơ, Q8",phòng trọ,cho thuê,10.0,0,cơ bản,tốt,1000000.0
"149 Nguyễn Văn Linh, Q2",phòng trọ,cho thuê,9.0,0,không có,tốt,800000.0
"154 Lạc Long Quân, Q6",phòng trọ,cho thuê,18.0,0,cơ bản,mới,2000000.0
"82 Bùi Viện, Q10",phòng trọ,cho thuê,20.0,0,cơ bản,tốt,1500000.0
"170 Nguyễn Trãi, Q10",phòng trọ,cho thuê,17.0,0,đầy đủ,tốt,1600000.0
"151 Đồng Khởi, Q3",phòng trọ,cho thuê,19.0,0,đầy đủ,tốt,2600000.0
"188 Võ Chí Công, Q9",phòng trọ,cho thuê,17.0,0,không có,tốt,900000.0
"72 Bùi Viện, Q6",văn phòng,bán,365.0,20,không có,tốt,14817900000.0
"64 Trường Chinh, Q1",phòng trọ,cho thuê,15.0,0,cơ bản,cũ,1500000.0
"118 Quách Thị Trang, Q2",nhà nguyên căn,bán,32.0,3,không có,mới,4939600000.0
"20 Hai Bà Trưng, Q5",phòng trọ,cho thuê,13.0,0,cơ bản,cũ,1700000.0
"61 Hàm Nghi, Q4",nhà nguyên căn,bán,35.0,5,cơ bản,cũ,9300600000.0
"123 Trường Chinh, Q9",phòng trọ,cho thuê,11.0,0,đầy đủ,cũ,1000000.0
"153 Bùi Viện, Q8",chung cư,bán,75.0,12,không có,mới,2412100000.0
"16 Âu Cơ, Q9",chung cư,bán,65.0,2,không có,cũ,4519700000.0
"118 Mai Chí Thọ, Q5",phòng trọ,cho thuê,13.0,0,không có,cũ,1800000.0
"6 Nguyễn Thị Minh Khai, Q10",phòng trọ,cho thuê,11.0,0,đầy đủ,mới,1800000.0
"62 Châu Văn Liêm, Q7",phòng trọ,cho thuê,20.0,0,không có,mới,2200000.0
"183 Cách Mạng Tháng Tám, Q10",phòng trọ,cho thuê,19.0,0,đầy đủ,mới,3600000.0
"140 Trường Chinh, Q10",phòng trọ,cho thuê,20.0,0,không có,mới,1700000.0
"99 Nguyễn Thị Minh Khai, Q5",phòng trọ,cho thuê,17.0,0,cơ bản,cũ,3200000.0
"122 Xô Viết Nghệ Tĩnh, Q4",phòng trọ,cho thuê,18.0,0,không có,tốt,2500000.0
"134 Phạm Văn Đồng, Q1",phòng trọ,cho thuê,11.0,0,không có,mới,1700000.0
"176 Phạm Ngũ Lão, Q6",nhà nguyên căn,bán,45.0,3,đầy đủ,cũ,6633100000.0
"22 Trần Hưng Đạo, Q3",phòng trọ,cho thuê,10.0,0,đầy đủ,tốt,1200000.0
"9 Xô Viết Nghệ Tĩnh, Q3",nhà nguyên căn,cho thuê,29.0,5,cơ bản,cũ,17800000.0
"192 Pasteur, Q3",nhà nguyên căn,cho thuê,44.0,1,đầy đủ,mới,8900000.0
"152 Công xã Paris, Q10",nhà nguyên căn,cho thuê,44.0,1,cơ bản,cũ,5200000.0
"185 Hùng Vương, Q9",chung cư,bán,90.0,8,đầy đủ,mới,3418300000.0
"153 Lê Lợi, Q3",nhà nguyên căn,bán,34.0,5,cơ bản,tốt,10793700000.0
"188 Nguyễn Hữu Cảnh, Q10",phòng trọ,cho thuê,9.0,0,cơ bản,tốt,1500000.0
"132 Võ Nguyên Giáp, Q4",phòng trọ,cho thuê,15.0,0,không có,mới,1800000.0
"188 Võ Chí Công, Q10",phòng trọ,cho thuê,13.0,0,không có,tốt,1500000.0
"150 Hải Thượng Lãn Ông, Q4",chung cư,bán,84.0,7,cơ bản,tốt,4338800000.0
"83 Lũy Bán Bích, Q3",phòng trọ,cho thuê,16.0,0,không có,cũ,2300000.0
"197 Lê Văn Duyệt, Q7",phòng trọ,cho thuê,19.0,0,cơ bản,cũ,1600000.0
"135 Dân Chủ, Q2",nhà nguyên căn,cho thuê,29.0,5,đầy đủ,cũ,24300000.0
"155 Trường Chinh, Q1",chung cư,bán,70.0,2,không có,cũ,5675600000.0
"102 Pasteur, Q6",phòng trọ,cho thuê,19.0,0,cơ bản,mới,2200000.0
"67 Mê Linh, Q3",chung cư,cho thuê,90.0,7,không có,mới,16100000.0
"190 Lũy Bán Bích, Q8",phòng trọ,cho thuê,17.0,0,cơ bản,cũ,2200000.0
"16 Nguyễn Trãi, Q7",nhà nguyên căn,bán,27.0,2,cơ bản,tốt,1873100000.0
"65 Tôn Đức Thắng, Q9",phòng trọ,cho thuê,14.0,0,đầy đủ,cũ,1700000.0
"179 Dân Chủ, Q2",phòng trọ,cho thuê,14.0,0,không có,cũ,1900000.0
"149 Hàm Nghi, Q4",nhà nguyên căn,cho thuê,42.0,4,không có,mới,13200000.0
"83 Nam Kỳ Khởi Nghĩa, Q7",phòng trọ,cho thuê,15.0,0,cơ bản,cũ,1000000.0
"190 Đồng Khởi, Q7",phòng trọ,cho thuê,19.0,0,đầy đủ,cũ,1800000.0
"107 Pasteur, Q7",phòng trọ,cho thuê,15.0,0,đầy đủ,tốt,900000.0
"134 Quốc tế, Q5",phòng trọ,cho thuê,15.0,0,đầy đủ,tốt,2400000.0
"11 Nguyễn Văn Linh, Q7",nhà nguyên căn,cho thuê,45.0,4,không có,tốt,13000000.0
"25 Lũy Bán Bích, Q2",văn phòng,cho thuê,515.0,14,cơ bản,tốt,299900000.0
"66 Lũy Bán Bích, Q3",phòng trọ,cho thuê,20.0,0,đầy đủ,cũ,3300000.0
"186 Lũy Bán Bích, Q10",chung cư,bán,120.0,15,không có,tốt,4265500000.0
"117 Xô Viết Nghệ Tĩnh, Q2",phòng trọ,cho thuê,12.0,0,cơ bản,mới,2000000.0
"200 Tôn Đức Thắng, Q6",phòng trọ,cho thuê,12.0,0,đầy đủ,mới,2300000.0
"48 Tôn Đức Thắng, Q9",phòng trọ,cho thuê,9.0,0,không có,mới,800000.0
"69 Quốc tế, Q8",phòng trọ,cho thuê,16.0,0,đầy đủ,tốt,1600000.0
"26 Trường Chinh, Q5",nhà nguyên căn,bán,39.0,2,đầy đủ,cũ,6057100000.0
"6 Nguyễn Huệ, Q4",chung cư,cho thuê,65.0,1,cơ bản,cũ,9000000.0
"18 Tôn Đức Thắng, Q5",phòng trọ,cho thuê,11.0,0,cơ bản,cũ,1000000.0
"93 Châu Văn Liêm, Q6",phòng trọ,cho thuê,18.0,0,đầy đủ,mới,1600000.0
"75 Dân Chủ, Q9",phòng trọ,cho thuê,16.0,0,không có,mới,1800000.0
"38 Lê Lợi, Q1",phòng trọ,cho thuê,18.0,0,cơ bản,tốt,2500000.0
"143 Lạc Long Quân, Q9",phòng trọ,cho thuê,16.0,0,cơ bản,tốt,2200000.0
"49 Trần Hưng Đạo, Q7",chung cư,bán,120.0,4,đầy đủ,mới,9974600000.0
"74 Trường Chinh, Q1",chung cư,bán,90.0,1,đầy đủ,cũ,8108800000.0
"116 Xô Viết Nghệ Tĩnh, Q9",nhà nguyên căn,bán,28.0,3,không có,cũ,4152500000.0
"6 Võ Nguyên Giáp, Q8",phòng trọ,cho thuê,19.0,0,không có,cũ,2100000.0
"77 Nguyễn Thị Minh Khai, Q10",nhà nguyên căn,cho thuê,43.0,3,không có,cũ,19500000.0
"8 Âu Cơ, Q10",phòng trọ,cho thuê,17.0,0,đầy đủ,cũ,1700000.0
"132 Nguyễn Hữu Cảnh, Q6",phòng trọ,cho thuê,16.0,0,cơ bản,tốt,1000000.0
"149 Lê Văn Duyệt, Q1",phòng trọ,cho thuê,11.0,0,đầy đủ,mới,2500000.0
"109 Đồng Khởi, Q6",phòng trọ,cho thuê,10.0,0,đầy đủ,tốt,600000.0
"142 Quốc tế, Q6",nhà nguyên căn,cho thuê,30.0,1,cơ bản,cũ,3600000.0
"26 Âu Cơ, Q8",chung cư,bán,65.0,8,không có,tốt,2075700000.0
"80 Xô Viết Nghệ Tĩnh, Q9",phòng trọ,cho thuê,12.0,0,không có,mới,1000000.0
"171 Nam Kỳ Khởi Nghĩa, Q7",phòng trọ,cho thuê,12.0,0,đầy đủ,tốt,1000000.0
"69 Võ Chí Công, Q9",chung cư,bán,70.0,4,không có,cũ,4309100000.0
"98 Phạm Văn Đồng, Q10",phòng trọ,cho thuê,13.0,0,không có,tốt,2100000.0
"140 CMT8, Q9",phòng trọ,cho thuê,14.0,0,đầy đủ,cũ,2500000.0
"171 Dân Chủ, Q4",phòng trọ,cho thuê,12.0,0,cơ bản,tốt,1600000.0
"182 Đồng Khởi, Q9",phòng trọ,cho thuê,10.0,0,không có,tốt,1300000.0
"109 Cách Mạng Tháng Tám, Q2",phòng trọ,cho thuê,14.0,0,không có,tốt,900000.0
"66 Võ Chí Công, Q3",phòng trọ,cho thuê,17.0,0,đầy đủ,mới,1400000.0
"21 Lê Lợi, Q1",nhà nguyên căn,cho thuê,40.0,5,đầy đủ,tốt,21700000.0
"35 Rừng Sác, Q8",phòng trọ,cho thuê,16.0,0,đầy đủ,cũ,2100000.0
"92 Nguyễn Huệ, Q7",chung cư,cho thuê,124.0,20,không có,cũ,6200000.0
"126 Lạc Long Quân, Q9",nhà nguyên căn,cho thuê,41.0,2,đầy đủ,cũ,6200000.0
"160 Dân Chủ, Q2",văn phòng,cho thuê,485.0,12,không có,tốt,319800000.0
"88 Lê Duẩn, Q6",phòng trọ,cho thuê,15.0,0,cơ bản,cũ,2200000.0
"34 Nguyễn Hữu Cảnh, Q4",phòng trọ,cho thuê,18.0,0,đầy đủ,cũ,1000000.0
"58 Âu Cơ, Q2",văn phòng,cho thuê,390.0,18,không có,cũ,229900000.0
"159 Võ Nguyên Giáp, Q5",phòng trọ,cho thuê,17.0,0,đầy đủ,tốt,1700000.0
"80 Xô Viết Nghệ Tĩnh, Q4",phòng trọ,cho thuê,20.0,0,cơ bản,mới,3200000.0
"194 Trường Chinh, Q10",phòng trọ,cho thuê,20.0,0,cơ bản,cũ,2200000.0
"36 Hai Bà Trưng, Q1",phòng trọ,cho thuê,20.0,0,cơ bản,cũ,2800000.0
"183 Lũy Bán Bích, Q2",phòng trọ,cho thuê,14.0,0,cơ bản,mới,1900000.0
"154 Nam Kỳ Khởi Nghĩa, Q7",phòng trọ,cho thuê,11.0,0,đầy đủ,mới,1200000.0
"114 Công xã Paris, Q1",phòng trọ,cho thuê,14.0,0,đầy đủ,mới,3000000.0
"174 Rừng Sác, Q9",phòng trọ,cho thuê,17.0,0,không có,tốt,1500000.0
"136 Phạm Văn Đồng, Q8",phòng trọ,cho thuê,13.0,0,đầy đủ,mới,2200000.0
"123 Tôn Đức Thắng, Q3",chung cư,bán,124.0,11,không có,mới,8726200000.0
"140 Lê Lợi, Q7",phòng trọ,cho thuê,18.0,0,không có,cũ,1600000.0
"165 Đồng Khởi, Q9",nhà nguyên căn,bán,32.0,5,đầy đủ,mới,8599400000.0
"170 Lý Tự Trọng, Q7",nhà nguyên căn,cho thuê,45.0,2,không có,tốt,11900000.0
"159 Rừng Sác, Q8",phòng trọ,cho thuê,18.0,0,đầy đủ,cũ,1500000.0
"97 Bùi Viện, Q1",phòng trọ,cho thuê,11.0,0,không có,tốt,1100000.0
"172 Bùi Viện, Q4",phòng trọ,cho thuê,9.0,0,cơ bản,tốt,500000.0
"71 Công xã Paris, Q8",nhà nguyên căn,cho thuê,34.0,3,cơ bản,cũ,8400000.0
"165 Đồng Khởi, Q4",nhà nguyên căn,bán,33.0,1,đầy đủ,cũ,1001300000.0
"44 Lê Lợi, Q4",phòng trọ,cho thuê,16.0,0,đầy đủ,tốt,1300000.0
"52 Nguyễn Hữu Cảnh, Q2",phòng trọ,cho thuê,19.0,0,không có,cũ,1900000.0
"187 Hàm Nghi, Q4",chung cư,cho thuê,124.0,17,đầy đủ,tốt,22300000.0
"88 Bùi Viện, Q7",phòng trọ,cho thuê,13.0,0,cơ bản,cũ,800000.0
"184 Lê Văn Duyệt, Q2",phòng trọ,cho thuê,16.0,0,cơ bản,mới,1200000.0
"24 Quách Thị Trang, Q5",phòng trọ,cho thuê,9.0,0,cơ bản,cũ,600000.0
"92 Âu Cơ, Q6",phòng trọ,cho thuê,9.0,0,không có,tốt,1100000.0
"71 CMT8, Q3",phòng trọ,cho thuê,10.0,0,không có,mới,1100000.0
"80 Bùi Viện, Q1",phòng trọ,cho thuê,15.0,0,cơ bản,tốt,1400000.0
"200 Quốc tế, Q10",nhà nguyên căn,cho thuê,40.0,5,cơ bản,tốt,14600000.0
"112 Trần Hưng Đạo, Q5",phòng trọ,cho thuê,16.0,0,đầy đủ,tốt,1300000.0
"160 Lam Sơn, Q1",nhà nguyên căn,bán,32.0,4,cơ bản,cũ,5546800000.0
"2 Hai Bà Trưng, Q1",phòng trọ,cho thuê,18.0,0,cơ bản,tốt,2500000.0
"50 Lạc Long Quân, Q4",phòng trọ,cho thuê,19.0,0,đầy đủ,mới,3400000.0
"69 Công xã Paris, Q4",phòng trọ,cho thuê,18.0,0,cơ bản,mới,2400000.0
"85 Nam Kỳ Khởi Nghĩa, Q7",phòng trọ,cho thuê,14.0,0,không có,tốt,1800000.0
"75 Âu Cơ, Q6",phòng trọ,cho thuê,18.0,0,cơ bản,cũ,2700000.0
"24 Phạm Văn Đồng, Q2",nhà nguyên căn,cho thuê,43.0,2,đầy đủ,cũ,12000000.0
"105 Võ Chí Công, Q4",phòng trọ,cho thuê,9.0,0,cơ bản,mới,1200000.0
"4 Quách Thị Trang, Q1",nhà nguyên căn,cho thuê,30.0,4,cơ bản,mới,23500000.0
"132 Hai Bà Trưng, Q8",phòng trọ,cho thuê,16.0,0,đầy đủ,mới,1700000.0
"50 Tôn Đức Thắng, Q3",phòng trọ,cho thuê,16.0,0,đầy đủ,mới,3000000.0
"133 Võ Nguyên Giáp, Q6",phòng trọ,cho thuê,14.0,0,đầy đủ,cũ,1700000.0
"136 Võ Nguyên Giáp, Q5",chung cư,bán,90.0,15,không có,cũ,5110600000.0
"141 Lũy Bán Bích, Q7",phòng trọ,cho thuê,17.0,0,đầy đủ,mới,1200000.0
"85 Phạm Văn Đồng, Q8",phòng trọ,cho thuê,12.0,0,không có,tốt,900000.0
"66 Võ Nguyên Giáp, Q6",chung cư,bán,84.0,8,đầy đủ,cũ,4730900000.0
"190 Dân Chủ, Q4",phòng trọ,cho thuê,10.0,0,không có,mới,800000.0
"80 Tôn Đức Thắng, Q6",phòng trọ,cho thuê,17.0,0,cơ bản,tốt,1000000.0
"184 Trần Hưng Đạo, Q10",phòng trọ,cho thuê,16.0,0,không có,cũ,2200000.0
"39 Phạm Ngũ Lão, Q1",phòng trọ,cho thuê,11.0,0,cơ bản,mới,1600000.0
"2 Lý Tự Trọng, Q2",văn phòng,cho thuê,130.0,15,không có,mới,162600000.0
"118 Xô Viết Nghệ Tĩnh, Q9",phòng trọ,cho thuê,9.0,0,đầy đủ,mới,1500000.0
"90 Xô Viết Nghệ Tĩnh, Q5",phòng trọ,cho thuê,9.0,0,cơ bản,cũ,1200000.0
"153 Pasteur, Q4",phòng trọ,cho thuê,15.0,0,đầy đủ,cũ,1500000.0
"126 Hùng Vương, Q7",nhà nguyên căn,bán,38.0,1,không có,tốt,1021000000.0
"115 Hai Bà Trưng, Q8",nhà nguyên căn,cho thuê,39.0,5,không có,cũ,15900000.0
"85 Nguyễn Văn Linh, Q1",văn phòng,cho thuê,520.0,15,đầy đủ,mới,418300000.0
"158 Phạm Văn Đồng, Q6",phòng trọ,cho thuê,9.0,0,cơ bản,mới,1000000.0
"9 Lý Tự Trọng, Q2",phòng trọ,cho thuê,15.0,0,cơ bản,mới,2000000.0
"16 Lạc Long Quân, Q4",phòng trọ,cho thuê,13.0,0,cơ bản,cũ,700000.0
"20 Lê Văn Duyệt, Q4",nhà nguyên căn,bán,33.0,5,đầy đủ,tốt,8861900000.0
"142 CMT8, Q3",phòng trọ,cho thuê,19.0,0,đầy đủ,cũ,3900000.0
"184 Đồng Khởi, Q3",phòng trọ,cho thuê,14.0,0,cơ bản,tốt,2700000.0
"170 Hùng Vương, Q9",phòng trọ,cho thuê,13.0,0,không có,tốt,1800000.0
"39 Mê Linh, Q10",văn phòng,cho thuê,215.0,17,đầy đủ,tốt,337300000.0
"116 Nguyễn Huệ, Q4",phòng trọ,cho thuê,12.0,0,đầy đủ,tốt,900000.0
"11 Nguyễn Huệ, Q10",phòng trọ,cho thuê,18.0,0,cơ bản,mới,1200000.0
"184 Quách Thị Trang, Q10",nhà nguyên căn,bán,43.0,1,cơ bản,mới,1657000000.0
"187 Cách Mạng Tháng Tám, Q3",phòng trọ,cho thuê,18.0,0,cơ bản,cũ,2200000.0
"193 Rừng Sác, Q4",phòng trọ,cho thuê,14.0,0,đầy đủ,mới,2600000.0
"158 Võ Nguyên Giáp, Q1",phòng trọ,cho thuê,14.0,0,đầy đủ,mới,2700000.0
"194 Trần Hưng Đạo, Q7",phòng trọ,cho thuê,11.0,0,cơ bản,cũ,1500000.0
"198 Lê Duẩn, Q4",phòng trọ,cho thuê,18.0,0,không có,tốt,1100000.0
"24 Mai Chí Thọ, Q9",phòng trọ,cho thuê,18.0,0,cơ bản,cũ,1200000.0
"125 Lê Văn Duyệt, Q7",phòng trọ,cho thuê,9.0,0,đầy đủ,tốt,900000.0
"115 Quách Thị Trang, Q9",phòng trọ,cho thuê,12.0,0,không có,mới,1600000.0
"143 Cách Mạng Tháng Tám, Q5",phòng trọ,cho thuê,20.0,0,đầy đủ,mới,3400000.0
"73 Lê Duẩn, Q6",phòng trọ,cho thuê,17.0,0,đầy đủ,tốt,3000000.0
"172 Lý Tự Trọng, Q7",phòng trọ,cho thuê,12.0,0,không có,cũ,1600000.0
"60 Lê Duẩn, Q10",phòng trọ,cho thuê,18.0,0,cơ bản,cũ,3000000.0
"190 Lê Văn Duyệt, Q6",phòng trọ,cho thuê,20.0,0,không có,tốt,1600000.0
"6 Quốc tế, Q2",chung cư,cho thuê,124.0,7,cơ bản,cũ,14900000.0
"132 Quách Thị Trang, Q10",phòng trọ,cho thuê,9.0,0,cơ bản,tốt,900000.0
"77 Hải Thượng Lãn Ông, Q9",phòng trọ,cho thuê,16.0,0,đầy đủ,tốt,1500000.0
"75 Pasteur, Q5",phòng trọ,cho thuê,9.0,0,cơ bản,tốt,1100000.0
"126 Trần Hưng Đạo, Q2",văn phòng,cho thuê,310.0,9,đầy đủ,tốt,449200000.0
"42 Xô Viết Nghệ Tĩnh, Q4",phòng trọ,cho thuê,10.0,0,đầy đủ,tốt,600000.0
"63 Võ Chí Công, Q4",phòng trọ,cho thuê,11.0,0,cơ bản,mới,1000000.0
"183 Đồng Khởi, Q6",phòng trọ,cho thuê,14.0,0,đầy đủ,cũ,1400000.0
"82 Nguyễn Huệ, Q4",phòng trọ,cho thuê,15.0,0,không có,cũ,2000000.0
"183 Hùng Vương, Q1",phòng trọ,cho thuê,14.0,0,đầy đủ,mới,1200000.0
"37 Hai Bà Trưng, Q2",chung cư,bán,124.0,4,cơ bản,mới,10632300000.0
"81 Âu Cơ, Q10",phòng trọ,cho thuê,17.0,0,cơ bản,mới,3200000.0
"100 Nguyễn Văn Linh, Q6",phòng trọ,cho thuê,14.0,0,không có,cũ,1600000.0
"37 Mai Chí Thọ, Q6",phòng trọ,cho thuê,10.0,0,cơ bản,tốt,1500000.0
"1 Nam Kỳ Khởi Nghĩa, Q4",phòng trọ,cho thuê,13.0,0,cơ bản,tốt,1400000.0
"44 Hai Bà Trưng, Q3",nhà nguyên căn,bán,38.0,4,không có,cũ,3663200000.0
"88 Hàm Nghi, Q3",chung cư,bán,120.0,3,đầy đủ,tốt,4583900000.0
"75 Hải Thượng Lãn Ông, Q5",phòng trọ,cho thuê,16.0,0,đầy đủ,tốt,3100000.0
"7 Mê Linh, Q1",phòng trọ,cho thuê,9.0,0,cơ bản,mới,1500000.0
"112 Mai Chí Thọ, Q9",phòng trọ,cho thuê,13.0,0,đầy đủ,mới,2400000.0
"161 Nguyễn Trãi, Q7",phòng trọ,cho thuê,10.0,0,cơ bản,cũ,1200000.0
"128 Quách Thị Trang, Q1",phòng trọ,cho thuê,10.0,0,đầy đủ,mới,1500000.0
"9 Bùi Viện, Q6",phòng trọ,cho thuê,12.0,0,đầy đủ,cũ,1700000.0
"10 Nguyễn Thị Minh Khai, Q6",chung cư,bán,120.0,18,cơ bản,cũ,2611000000.0
"200 Mai Chí Thọ, Q8",chung cư,bán,84.0,15,cơ bản,tốt,4467900000.0
"77 Lam Sơn, Q8",phòng trọ,cho thuê,16.0,0,không có,mới,1800000.0
"46 Lý Thường Kiệt, Q5",văn phòng,cho thuê,340.0,20,đầy đủ,cũ,204300000.0
"168 Phạm Văn Đồng, Q6",phòng trọ,cho thuê,20.0,0,cơ bản,mới,3000000.0
"142 Lạc Long Quân, Q8",phòng trọ,cho thuê,18.0,0,đầy đủ,mới,1600000.0
"171 Rừng Sác, Q2",nhà nguyên căn,bán,28.0,3,cơ bản,tốt,3130600000.0
"4 Châu Văn Liêm, Q6",phòng trọ,cho thuê,17.0,0,cơ bản,mới,1200000.0
"196 Lạc Long Quân, Q8",chung cư,bán,65.0,1,cơ bản,mới,3424000000.0
"178 Bùi Viện, Q7",phòng trọ,cho thuê,14.0,0,cơ bản,tốt,1100000.0
"198 Cách Mạng Tháng Tám, Q10",phòng trọ,cho thuê,9.0,0,cơ bản,cũ,1300000.0
"7 Lam Sơn, Q8",chung cư,bán,84.0,14,không có,cũ,2133900000.0
"4 Tôn Đức Thắng, Q2",chung cư,bán,65.0,12,cơ bản,tốt,3262400000.0
"177 Phạm Văn Đồng, Q6",phòng trọ,cho thuê,14.0,0,đầy đủ,cũ,2300000.0
"154 Nguyễn Huệ, Q9",nhà nguyên căn,bán,36.0,2,cơ bản,cũ,2003600000.0
"11 Hùng Vương, Q2",văn phòng,cho thuê,475.0,17,đầy đủ,mới,992000000.0
"122 Võ Nguyên Giáp, Q10",phòng trọ,cho thuê,13.0,0,cơ bản,cũ,1500000.0
"151 Lý Thường Kiệt, Q8",phòng trọ,cho thuê,10.0,0,cơ bản,tốt,700000.0
"112 Mai Chí Thọ, Q10",phòng trọ,cho thuê,13.0,0,không có,cũ,1400000.0
"111 Quách Thị Trang, Q1",phòng trọ,cho thuê,17.0,0,đầy đủ,mới,2200000.0
"154 Rừng Sác, Q2",nhà nguyên căn,bán,38.0,5,đầy đủ,cũ,14213800000.0
"196 Hai Bà Trưng, Q2",phòng trọ,cho thuê,13.0,0,không có,mới,800000.0
"102 Quách Thị Trang, Q10",chung cư,cho thuê,75.0,11,không có,cũ,10200000.0
"127 Lũy Bán Bích, Q8",chung cư,cho thuê,70.0,14,không có,mới,7000000.0
"78 Mai Chí Thọ, Q9",nhà nguyên căn,bán,34.0,3,đầy đủ,mới,3539500000.0
"113 Nguyễn Trãi, Q1",phòng trọ,cho thuê,20.0,0,cơ bản,tốt,3500000.0
"75 Nguyễn Văn Linh, Q6",phòng trọ,cho thuê,12.0,0,không có,tốt,1500000.0
"144 CMT8, Q3",phòng trọ,cho thuê,12.0,0,đầy đủ,tốt,2200000.0
"19 Nguyễn Trãi, Q6",phòng trọ,cho thuê,15.0,0,đầy đủ,cũ,1800000.0
"133 Lam Sơn, Q6",nhà nguyên căn,bán,34.0,2,đầy đủ,mới,2246700000.0
"6 Nguyễn Trãi, Q10",nhà nguyên căn,cho thuê,41.0,3,đầy đủ,tốt,10500000.0
"50 Nguyễn Văn Linh, Q10",chung cư,cho thuê,124.0,5,cơ bản,tốt,9700000.0
"114 Trường Chinh, Q7",phòng trọ,cho thuê,16.0,0,không có,mới,1800000.0
"128 Phạm Ngũ Lão, Q2",phòng trọ,cho thuê,11.0,0,đầy đủ,tốt,1600000.0
"138 Mê Linh, Q2",nhà nguyên căn,bán,29.0,5,cơ bản,mới,6977100000.0
"137 Rừng Sác, Q2",phòng trọ,cho thuê,9.0,0,cơ bản,cũ,700000.0
"29 Võ Nguyên Giáp, Q9",phòng trọ,cho thuê,15.0,0,cơ bản,tốt,900000.0
"70 Nam Kỳ Khởi Nghĩa, Q5",phòng trọ,cho thuê,11.0,0,không có,cũ,1100000.0
"17 Quốc tế, Q1",phòng trọ,cho thuê,11.0,0,không có,tốt,2000000.0
"136 Cách Mạng Tháng Tám, Q5",chung cư,bán,84.0,6,đầy đủ,mới,4038700000.0
"66 Nguyễn Hữu Cảnh, Q9",nhà nguyên căn,cho thuê,41.0,3,không có,tốt,11600000.0
"9 Lam Sơn, Q2",phòng trọ,cho thuê,10.0,0,cơ bản,tốt,900000.0
"83 Âu Cơ, Q3",phòng trọ,cho thuê,15.0,0,cơ bản,mới,1400000.0
"81 Hải Thượng Lãn Ông, Q8",nhà nguyên căn,cho thuê,37.0,1,không có,tốt,2200000.0
"169 Tôn Đức Thắng, Q2",phòng trọ,cho thuê,18.0,0,cơ bản,cũ,1500000.0
"127 CMT8, Q3",phòng trọ,cho thuê,17.0,0,đầy đủ,tốt,2900000.0
"49 Hải Thượng Lãn Ông, Q6",phòng trọ,cho thuê,12.0,0,cơ bản,mới,2000000.0
"36 Mai Chí Thọ, Q4",chung cư,bán,120.0,4,không có,cũ,5876800000.0
"1 Hùng Vương, Q8",chung cư,bán,70.0,10,cơ bản,mới,2559800000.0
"146 Đồng Khởi, Q7",phòng trọ,cho thuê,20.0,0,không có,cũ,2300000.0
"189 CMT8, Q10",phòng trọ,cho thuê,11.0,0,đầy đủ,tốt,1400000.0
"114 Hàm Nghi, Q9",chung cư,bán,75.0,16,cơ bản,cũ,5069000000.0
"167 Phạm Văn Đồng, Q4",phòng trọ,cho thuê,20.0,0,không có,mới,3100000.0
"199 Lũy Bán Bích, Q5",chung cư,bán,84.0,7,không có,cũ,6600200000.0
"174 Dân Chủ, Q6",phòng trọ,cho thuê,9.0,0,đầy đủ,tốt,1200000.0
"32 Dân Chủ, Q2",nhà nguyên căn,bán,33.0,1,không có,mới,1911400000.0
"176 Lý Tự Trọng, Q3",phòng trọ,cho thuê,11.0,0,đầy đủ,mới,1500000.0
"187 Lý Tự Trọng, Q2",văn phòng,cho thuê,185.0,16,không có,mới,282800000.0
"79 Hải Thượng Lãn Ông, Q3",nhà nguyên căn,bán,43.0,3,cơ bản,tốt,6958700000.0
"158 Dân Chủ, Q5",phòng trọ,cho thuê,10.0,0,không có,tốt,1400000.0
"117 Tôn Đức Thắng, Q4",nhà nguyên căn,bán,31.0,3,cơ bản,cũ,5357400000.0
"44 Châu Văn Liêm, Q8",chung cư,cho thuê,65.0,19,đầy đủ,mới,5000000.0
"117 Hàm Nghi, Q2",phòng trọ,cho thuê,20.0,0,không có,tốt,1700000.0
"81 Lý Tự Trọng, Q4",chung cư,bán,70.0,5,đầy đủ,tốt,3608200000.0
"135 Âu Cơ, Q4",chung cư,cho thuê,90.0,2,đầy đủ,mới,17200000.0
"5 Lê Văn Duyệt, Q7",chung cư,bán,124.0,9,đầy đủ,tốt,4413200000.0
"20 Trường Chinh, Q10",phòng trọ,cho thuê,9.0,0,không có,cũ,1000000.0
"106 Lạc Long Quân, Q4",phòng trọ,cho thuê,12.0,0,cơ bản,tốt,1700000.0
"193 Võ Nguyên Giáp, Q10",phòng trọ,cho thuê,14.0,0,không có,tốt,1000000.0
"4 Lý Thường Kiệt, Q10",nhà nguyên căn,cho thuê,41.0,3,đầy đủ,tốt,18500000.0
"85 Rừng Sác, Q2",phòng trọ,cho thuê,13.0,0,không có,mới,1700000.0
"164 Hàm Nghi, Q5",phòng trọ,cho thuê,16.0,0,cơ bản,mới,2700000.0
"49 Nguyễn Hữu Cảnh, Q9",phòng trọ,cho thuê,13.0,0,không có,tốt,1000000.0
"158 Lê Lợi, Q1",phòng trọ,cho thuê,13.0,0,không có,mới,1100000.0
"197 Nguyễn Hữu Cảnh, Q2",phòng trọ,cho thuê,10.0,0,đầy đủ,tốt,700000.0
"92 Lý Thường Kiệt, Q9",phòng trọ,cho thuê,20.0,0,không có,cũ,2400000.0
"53 Lê Lợi, Q2",phòng trọ,cho thuê,13.0,0,không có,mới,2100000.0
"109 Bùi Viện, Q5",phòng trọ,cho thuê,15.0,0,không có,cũ,1700000.0
"154 Nguyễn Hữu Cảnh, Q9",phòng trọ,cho thuê,12.0,0,không có,mới,1700000.0
"39 Tôn Đức Thắng, Q7",phòng trọ,cho thuê,18.0,0,không có,mới,2200000.0
"186 Lê Duẩn, Q10",phòng trọ,cho thuê,11.0,0,đầy đủ,mới,2100000.0
"51 Nguyễn Thị Minh Khai, Q7",phòng trọ,cho thuê,11.0,0,không có,mới,900000.0
"176 Hùng Vương, Q7",phòng trọ,cho thuê,16.0,0,đầy đủ,mới,3200000.0
"147 Hai Bà Trưng, Q1",phòng trọ,cho thuê,20.0,0,không có,mới,2900000.0
"61 Trường Chinh, Q5",phòng trọ,cho thuê,16.0,0,cơ bản,tốt,1400000.0
"95 Nguyễn Thị Minh Khai, Q9",nhà nguyên căn,bán,27.0,5,cơ bản,mới,4692900000.0
"72 Pasteur, Q10",phòng trọ,cho thuê,15.0,0,không có,tốt,1700000.0
"11 Bùi Viện, Q6",phòng trọ,cho thuê,12.0,0,cơ bản,tốt,1400000.0
"66 Lý Tự Trọng, Q2",phòng trọ,cho thuê,16.0,0,cơ bản,mới,2500000.0
"180 Nguyễn Trãi, Q5",phòng trọ,cho thuê,14.0,0,cơ bản,tốt,2500000.0
"153 Công xã Paris, Q10",phòng trọ,cho thuê,10.0,0,cơ bản,mới,2000000.0
"78 Âu Cơ, Q2",phòng trọ,cho thuê,18.0,0,cơ bản,tốt,2000000.0
"22 Tôn Đức Thắng, Q7",phòng trọ,cho thuê,16.0,0,đầy đủ,mới,3200000.0
"71 Lê Văn Duyệt, Q8",phòng trọ,cho thuê,9.0,0,không có,tốt,900000.0
"88 Cách Mạng Tháng Tám, Q5",phòng trọ,cho thuê,16.0,0,cơ bản,mới,1200000.0
"53 Mê Linh, Q7",chung cư,cho thuê,75.0,16,cơ bản,cũ,8400000.0
"166 Nam Kỳ Khởi Nghĩa, Q6",phòng trọ,cho thuê,20.0,0,không có,mới,2700000.0
"84 Châu Văn Liêm, Q3",chung cư,bán,70.0,12,đầy đủ,mới,3943200000.0
"161 Quách Thị Trang, Q5",nhà nguyên căn,cho thuê,44.0,1,cơ bản,mới,4500000.0
"190 Lũy Bán Bích, Q7",phòng trọ,cho thuê,13.0,0,cơ bản,tốt,1300000.0
"81 Lũy Bán Bích, Q1",chung cư,bán,90.0,9,cơ bản,mới,7959300000.0
"51 Âu Cơ, Q2",chung cư,cho thuê,124.0,7,cơ bản,tốt,10800000.0
"74 Hải Thượng Lãn Ông, Q2",phòng trọ,cho thuê,15.0,0,cơ bản,mới,1500000.0
"139 Âu Cơ, Q8",phòng trọ,cho thuê,10.0,0,không có,mới,1400000.0
"68 Lê Văn Duyệt, Q5",chung cư,bán,70.0,20,đầy đủ,tốt,3785700000.0
"101 Lê Duẩn, Q8",phòng trọ,cho thuê,9.0,0,cơ bản,cũ,1000000.0
"190 Mê Linh, Q10",phòng trọ,cho thuê,20.0,0,cơ bản,cũ,3100000.0
"60 Phạm Văn Đồng, Q4",chung cư,bán,84.0,13,đầy đủ,tốt,2784500000.0
"31 Tôn Đức Thắng, Q9",nhà nguyên căn,cho thuê,41.0,2,không có,tốt,7500000.0
"163 Nguyễn Trãi, Q5",phòng trọ,cho thuê,14.0,0,không có,mới,2300000.0
"188 Tôn Đức Thắng, Q4",phòng trọ,cho thuê,20.0,0,đầy đủ,mới,2600000.0
"58 Quốc tế, Q5",phòng trọ,cho thuê,13.0,0,không có,cũ,1400000.0
"90 Võ Nguyên Giáp, Q3",phòng trọ,cho thuê,19.0,0,không có,cũ,1900000.0
"125 CMT8, Q8",phòng trọ,cho thuê,18.0,0,không có,tốt,1900000.0
"45 Nguyễn Hữu Cảnh, Q1",nhà nguyên căn,cho thuê,33.0,3,cơ bản,tốt,13200000.0
"122 Lê Lợi, Q10",phòng trọ,cho thuê,15.0,0,không có,cũ,1800000.0
"157 Lam Sơn, Q10",phòng trọ,cho thuê,11.0,0,cơ bản,tốt,1800000.0
"64 Châu Văn Liêm, Q9",nhà nguyên căn,cho thuê,28.0,3,đầy đủ,mới,11200000.0
"141 Trần Hưng Đạo, Q2",nhà nguyên căn,bán,32.0,3,cơ bản,tốt,3910200000.0
"65 Lũy Bán Bích, Q6",phòng trọ,cho thuê,15.0,0,cơ bản,mới,2000000.0
"168 Lý Thường Kiệt, Q3",văn phòng,bán,570.0,7,đầy đủ,mới,66234700000.0
"104 Rừng Sác, Q4",phòng trọ,cho thuê,17.0,0,không có,tốt,2200000.0
"161 Lạc Long Quân, Q4",nhà nguyên căn,cho thuê,36.0,2,cơ bản,mới,7900000.0
"191 Mai Chí Thọ, Q5",phòng trọ,cho thuê,11.0,0,cơ bản,mới,1700000.0
"156 Nguyễn Huệ, Q10",phòng trọ,cho thuê,11.0,0,không có,tốt,1700000.0
"194 Nam Kỳ Khởi Nghĩa, Q5",phòng trọ,cho thuê,10.0,0,cơ bản,cũ,1200000.0
"72 CMT8, Q2",chung cư,cho thuê,65.0,9,không có,cũ,6100000.0
"146 Pasteur, Q8",chung cư,bán,124.0,14,cơ bản,tốt,7898200000.0
"177 Trường Chinh, Q4",phòng trọ,cho thuê,14.0,0,không có,mới,1600000.0
"122 Nguyễn Thị Minh Khai, Q7",phòng trọ,cho thuê,10.0,0,đầy đủ,tốt,1600000.0
"133 Trường Chinh, Q5",phòng trọ,cho thuê,12.0,0,cơ bản,mới,2200000.0
"133 Nguyễn Thị Minh Khai, Q8",phòng trọ,cho thuê,18.0,0,đầy đủ,tốt,1900000.0
"53 Âu Cơ, Q7",phòng trọ,cho thuê,12.0,0,đầy đủ,tốt,1300000.0
"29 Đồng Khởi, Q2",chung cư,bán,120.0,13,cơ bản,tốt,3058400000.0
"171 Nguyễn Trãi, Q6",phòng trọ,cho thuê,9.0,0,cơ bản,mới,1400000.0
"127 Quách Thị Trang, Q5",phòng trọ,cho thuê,20.0,0,cơ bản,tốt,2900000.0
"110 Nguyễn Huệ, Q6",phòng trọ,cho thuê,19.0,0,cơ bản,cũ,1200000.0
"33 Mê Linh, Q3",văn phòng,cho thuê,505.0,7,đầy đủ,mới,573600000.0
"26 Nguyễn Thị Minh Khai, Q4",phòng trọ,cho thuê,17.0,0,không có,mới,1100000.0
"123 CMT8, Q4",phòng trọ,cho thuê,14.0,0,đầy đủ,tốt,1300000.0
"156 Mê Linh, Q10",phòng trọ,cho thuê,18.0,0,đầy đủ,tốt,3200000.0
"5 Hải Thượng Lãn Ông, Q2",phòng trọ,cho thuê,18.0,0,đầy đủ,mới,1700000.0
"104 Tôn Đức Thắng, Q8",phòng trọ,cho thuê,9.0,0,không có,tốt,600000.0
"175 Trần Hưng Đạo, Q7",phòng trọ,cho thuê,16.0,0,đầy đủ,tốt,2600000.0
"142 Rừng Sác, Q8",nhà nguyên căn,bán,33.0,2,không có,mới,4714300000.0
"71 Lam Sơn, Q3",phòng trọ,cho thuê,11.0,0,không có,mới,1700000.0
"184 Hai Bà Trưng, Q8",phòng trọ,cho thuê,14.0,0,cơ bản,mới,1800000.0
"149 Dân Chủ, Q4",chung cư,bán,65.0,6,không có,tốt,4463400000.0
"107 Trần Hưng Đạo, Q2",phòng trọ,cho thuê,16.0,0,không có,cũ,1800000.0
"91 Phạm Ngũ Lão, Q1",nhà nguyên căn,bán,35.0,3,cơ bản,mới,9552100000.0
"75 Mai Chí Thọ, Q2",phòng trọ,cho thuê,10.0,0,không có,mới,1600000.0
"61 Lạc Long Quân, Q1",phòng trọ,cho thuê,15.0,0,không có,tốt,2300000.0
"102 Châu Văn Liêm, Q8",phòng trọ,cho thuê,16.0,0,cơ bản,tốt,1800000.0
"176 Lam Sơn, Q3",phòng trọ,cho thuê,11.0,0,đầy đủ,mới,2300000.0
"175 Quách Thị Trang, Q7",nhà nguyên căn,bán,28.0,1,không có,cũ,1211400000.0
"166 Quốc tế, Q9",phòng trọ,cho thuê,18.0,0,đầy đủ,cũ,2700000.0
"138 Võ Nguyên Giáp, Q9",phòng trọ,cho thuê,18.0,0,không có,tốt,2000000.0
"125 Rừng Sác, Q8",phòng trọ,cho thuê,12.0,0,cơ bản,mới,1000000.0
"63 Mê Linh, Q9",phòng trọ,cho thuê,19.0,0,đầy đủ,cũ,1800000.0
"182 Lạc Long Quân, Q8",phòng trọ,cho thuê,13.0,0,cơ bản,mới,1000000.0
"47 Lạc Long Quân, Q5",phòng trọ,cho thuê,16.0,0,không có,tốt,1300000.0
"21 Nguyễn Thị Minh Khai, Q2",phòng trọ,cho thuê,19.0,0,cơ bản,mới,2700000.0
"197 Lạc Long Quân, Q4",phòng trọ,cho thuê,9.0,0,không có,cũ,800000.0
"19 Trần Hưng Đạo, Q4",phòng trọ,cho thuê,15.0,0,cơ bản,tốt,1800000.0
"172 Quốc tế, Q3",phòng trọ,cho thuê,20.0,0,cơ bản,mới,3400000.0
"101 Quách Thị Trang, Q4",chung cư,bán,75.0,4,không có,cũ,4163400000.0
"54 Bùi Viện, Q7",phòng trọ,cho thuê,15.0,0,đầy đủ,mới,1200000.0
"45 CMT8, Q5",phòng trọ,cho thuê,10.0,0,đầy đủ,mới,1900000.0
"77 Lý Tự Trọng, Q7",phòng trọ,cho thuê,13.0,0,đầy đủ,cũ,800000.0
"67 Mai Chí Thọ, Q7",phòng trọ,cho thuê,13.0,0,không có,cũ,800000.0
"165 Mai Chí Thọ, Q6",phòng trọ,cho thuê,20.0,0,cơ bản,mới,1300000.0
"158 Quách Thị Trang, Q7",phòng trọ,cho thuê,9.0,0,không có,cũ,1000000.0
"107 Lê Văn Duyệt, Q9",phòng trọ,cho thuê,20.0,0,đầy đủ,cũ,3300000.0
"161 Hùng Vương, Q7",phòng trọ,cho thuê,17.0,0,không có,cũ,2300000.0
"134 CMT8, Q10",phòng trọ,cho thuê,18.0,0,cơ bản,mới,1800000.0
"26 Nguyễn Văn Linh, Q1",phòng trọ,cho thuê,18.0,0,không có,tốt,2300000.0
"124 Mê Linh, Q4",phòng trọ,cho thuê,19.0,0,đầy đủ,mới,1600000.0
"196 Âu Cơ, Q5",chung cư,bán,84.0,17,không có,cũ,6129300000.0
"74 Nguyễn Trãi, Q2",phòng trọ,cho thuê,16.0,0,đầy đủ,tốt,1100000.0
"175 Nguyễn Thị Minh Khai, Q5",văn phòng,cho thuê,175.0,3,không có,cũ,331100000.0
"166 Quốc tế, Q10",phòng trọ,cho thuê,18.0,0,cơ bản,mới,2300000.0
"179 Cách Mạng Tháng Tám, Q10",nhà nguyên căn,cho thuê,31.0,1,không có,cũ,4600000.0
"24 CMT8, Q8",phòng trọ,cho thuê,11.0,0,đầy đủ,mới,2000000.0
"11 Âu Cơ, Q9",phòng trọ,cho thuê,11.0,0,đầy đủ,mới,1800000.0
"68 Châu Văn Liêm, Q8",nhà nguyên căn,cho thuê,36.0,1,đầy đủ,tốt,5300000.0
"95 Võ Chí Công, Q5",phòng trọ,cho thuê,10.0,0,đầy đủ,cũ,800000.0
"34 Châu Văn Liêm, Q10",chung cư,cho thuê,75.0,17,đầy đủ,cũ,11300000.0
"127 Nguyễn Huệ, Q1",phòng trọ,cho thuê,18.0,0,cơ bản,tốt,1700000.0
"199 Công xã Paris, Q5",phòng trọ,cho thuê,15.0,0,không có,mới,2200000.0
"124 Lam Sơn, Q3",chung cư,bán,124.0,6,cơ bản,mới,13167300000.0
"159 Công xã Paris, Q7",phòng trọ,cho thuê,16.0,0,cơ bản,tốt,1400000.0
"109 Nguyễn Thị Minh Khai, Q2",nhà nguyên căn,bán,35.0,2,cơ bản,mới,4335800000.0
"56 Lê Văn Duyệt, Q8",phòng trọ,cho thuê,12.0,0,cơ bản,mới,2100000.0
"147 Mê Linh, Q8",chung cư,bán,65.0,16,đầy đủ,cũ,3087000000.0
"24 Hải Thượng Lãn Ông, Q4",phòng trọ,cho thuê,9.0,0,không có,cũ,600000.0
"196 Lạc Long Quân, Q2",chung cư,cho thuê,90.0,12,cơ bản,tốt,13800000.0
"33 Lý Thường Kiệt, Q10",văn phòng,cho thuê,170.0,16,cơ bản,cũ,162700000.0
"133 Cách Mạng Tháng Tám, Q6",nhà nguyên căn,bán,41.0,2,không có,tốt,3766900000.0
"163 Phạm Văn Đồng, Q10",nhà nguyên căn,bán,37.0,5,không có,tốt,14290600000.0
"71 Phạm Văn Đồng, Q1",phòng trọ,cho thuê,16.0,0,không có,tốt,2700000.0
"16 Tôn Đức Thắng, Q3",phòng trọ,cho thuê,16.0,0,đầy đủ,cũ,2600000.0
"200 Võ Chí Công, Q5",phòng trọ,cho thuê,19.0,0,cơ bản,tốt,2600000.0
"187 Phạm Ngũ Lão, Q8",phòng trọ,cho thuê,10.0,0,không có,tốt,900000.0
"174 Nguyễn Văn Linh, Q2",nhà nguyên căn,bán,30.0,2,cơ bản,tốt,3827800000.0
"108 Nguyễn Trãi, Q7",phòng trọ,cho thuê,9.0,0,cơ bản,tốt,900000.0
"64 Đồng Khởi, Q4",phòng trọ,cho thuê,10.0,0,không có,mới,1000000.0
"125 Nguyễn Thị Minh Khai, Q10",phòng trọ,cho thuê,16.0,0,đầy đủ,tốt,1600000.0
"195 Nguyễn Trãi, Q10",phòng trọ,cho thuê,12.0,0,đầy đủ,tốt,2100000.0
"117 Xô Viết Nghệ Tĩnh, Q6",phòng trọ,cho thuê,9.0,0,không có,mới,500000.0
"51 Cách Mạng Tháng Tám, Q9",nhà nguyên căn,bán,38.0,3,đầy đủ,mới,7899500000.0
"89 Quách Thị Trang, Q7",nhà nguyên căn,cho thuê,29.0,1,cơ bản,mới,4600000.0
"98 Mai Chí Thọ, Q6",phòng trọ,cho thuê,10.0,0,cơ bản,tốt,1200000.0
"59 Mê Linh, Q1",phòng trọ,cho thuê,17.0,0,cơ bản,cũ,1400000.0
"39 Hai Bà Trưng, Q8",phòng trọ,cho thuê,19.0,0,cơ bản,mới,1500000.0
"66 Võ Chí Công, Q5",chung cư,bán,90.0,14,cơ bản,tốt,5677700000.0
"34 Lê Duẩn, Q5",phòng trọ,cho thuê,18.0,0,đầy đủ,mới,2600000.0
"106 Trần Hưng Đạo, Q3",phòng trọ,cho thuê,16.0,0,không có,tốt,2200000.0
"56 Nguyễn Huệ, Q7",nhà nguyên căn,cho thuê,34.0,4,cơ bản,cũ,16400000.0
"143 Quách Thị Trang, Q2",phòng trọ,cho thuê,12.0,0,không có,cũ,700000.0
"96 Lạc Long Quân, Q3",nhà nguyên căn,cho thuê,27.0,2,không có,mới,3900000.0
"134 Rừng Sác, Q10",phòng trọ,cho thuê,19.0,0,đầy đủ,tốt,2000000.0
"157 Võ Nguyên Giáp, Q9",phòng trọ,cho thuê,14.0,0,không có,cũ,1000000.0
"156 Nguyễn Trãi, Q6",phòng trọ,cho thuê,12.0,0,đầy đủ,tốt,1400000.0
"2 Bùi Viện, Q3",nhà nguyên căn,cho thuê,32.0,1,không có,tốt,2300000.0
"22 Hai Bà Trưng, Q8",phòng trọ,cho thuê,14.0,0,không có,cũ,1100000.0
"88 Võ Chí Công, Q1",chung cư,bán,75.0,8,cơ bản,tốt,3976600000.0
"160 Võ Chí Công, Q8",phòng trọ,cho thuê,18.0,0,đầy đủ,tốt,2200000.0
"19 Hàm Nghi, Q8",phòng trọ,cho thuê,12.0,0,không có,cũ,1300000.0
"67 Lê Lợi, Q10",nhà nguyên căn,cho thuê,27.0,4,đầy đủ,mới,23000000.0
"12 Dân Chủ, Q9",phòng trọ,cho thuê,19.0,0,không có,cũ,1800000.0
"2 Phạm Văn Đồng, Q1",phòng trọ,cho thuê,11.0,0,đầy đủ,mới,2000000.0
"11 Phạm Ngũ Lão, Q3",phòng trọ,cho thuê,13.0,0,không có,mới,1400000.0
"30 Đồng Khởi, Q4",phòng trọ,cho thuê,17.0,0,không có,tốt,2000000.0
"17 Hàm Nghi, Q3",phòng trọ,cho thuê,11.0,0,cơ bản,tốt,1900000.0
"118 Mai Chí Thọ, Q3",nhà nguyên căn,cho thuê,35.0,4,cơ bản,mới,27500000.0
"196 Phạm Ngũ Lão, Q9",phòng trọ,cho thuê,19.0,0,không có,mới,1400000.0
"23 Nguyễn Thị Minh Khai, Q2",phòng trọ,cho thuê,14.0,0,không có,cũ,1000000.0
"5 Hai Bà Trưng, Q8",phòng trọ,cho thuê,9.0,0,không có,tốt,1100000.0
"112 Lý Thường Kiệt, Q6",phòng trọ,cho thuê,9.0,0,không có,tốt,900000.0
"48 Phạm Văn Đồng, Q6",phòng trọ,cho thuê,13.0,0,cơ bản,tốt,2000000.0
"167 Hùng Vương, Q8",nhà nguyên căn,bán,32.0,5,không có,tốt,9000500000.0
"137 Âu Cơ, Q8",phòng trọ,cho thuê,16.0,0,đầy đủ,mới,1300000.0
"107 CMT8, Q6",phòng trọ,cho thuê,19.0,0,không có,mới,1500000.0
"41 Nguyễn Trãi, Q4",phòng trọ,cho thuê,15.0,0,cơ bản,cũ,1400000.0
"145 Hùng Vương, Q1",văn phòng,cho thuê,280.0,10,đầy đủ,cũ,321900000.0
"43 Hải Thượng Lãn Ông, Q4",phòng trọ,cho thuê,13.0,0,cơ bản,mới,1600000.0
"113 Bùi Viện, Q9",chung cư,bán,70.0,14,không có,mới,4115400000.0
"67 Phạm Ngũ Lão, Q7",phòng trọ,cho thuê,10.0,0,cơ bản,mới,600000.0
"188 Âu Cơ, Q10",nhà nguyên căn,cho thuê,35.0,1,cơ bản,tốt,2800000.0
"43 Tôn Đức Thắng, Q5",phòng trọ,cho thuê,10.0,0,cơ bản,cũ,1600000.0
"149 Châu Văn Liêm, Q2",phòng trọ,cho thuê,14.0,0,không có,tốt,2000000.0
"154 Mê Linh, Q9",phòng trọ,cho thuê,13.0,0,không có,mới,1000000.0
"102 Đồng Khởi, Q9",nhà nguyên căn,cho thuê,34.0,3,không có,cũ,5300000.0
"58 Bùi Viện, Q4",phòng trọ,cho thuê,15.0,0,không có,mới,1800000.0
"200 Xô Viết Nghệ Tĩnh, Q10",chung cư,cho thuê,120.0,5,đầy đủ,cũ,15800000.0
"34 Lý Tự Trọng, Q6",nhà nguyên căn,cho thuê,30.0,4,không có,cũ,14300000.0
"153 Rừng Sác, Q9",phòng trọ,cho thuê,18.0,0,không có,mới,2200000.0
"97 Nguyễn Hữu Cảnh, Q5",phòng trọ,cho thuê,15.0,0,cơ bản,tốt,2700000.0
"108 Lý Tự Trọng, Q8",phòng trọ,cho thuê,17.0,0,không có,tốt,1600000.0
"8 Lê Duẩn, Q6",phòng trọ,cho thuê,19.0,0,không có,tốt,1300000.0
"112 Quách Thị Trang, Q8",phòng trọ,cho thuê,15.0,0,đầy đủ,cũ,1800000.0
"31 Hai Bà Trưng, Q9",phòng trọ,cho thuê,14.0,0,cơ bản,mới,2400000.0
"142 Lạc Long Quân, Q7",phòng trọ,cho thuê,20.0,0,không có,mới,2600000.0
"77 CMT8, Q10",phòng trọ,cho thuê,18.0,0,không có,cũ,2100000.0
"134 Quốc tế, Q3",phòng trọ,cho thuê,11.0,0,đầy đủ,mới,2100000.0
"73 Lũy Bán Bích, Q5",văn phòng,cho thuê,295.0,15,đầy đủ,cũ,234800000.0
"123 Lý Tự Trọng, Q4",nhà nguyên căn,cho thuê,36.0,3,không có,cũ,12800000.0
"140 Lý Thường Kiệt, Q5",phòng trọ,cho thuê,13.0,0,đầy đủ,mới,2500000.0
"39 Lũy Bán Bích, Q3",nhà nguyên căn,cho thuê,44.0,3,đầy đủ,mới,25900000.0
"18 Lý Thường Kiệt, Q5",phòng trọ,cho thuê,12.0,0,cơ bản,mới,1300000.0
"177 Dân Chủ, Q7",phòng trọ,cho thuê,9.0,0,đầy đủ,cũ,600000.0
"58 Rừng Sác, Q7",chung cư,cho thuê,70.0,10,không có,cũ,8700000.0
"173 Lam Sơn, Q2",phòng trọ,cho thuê,11.0,0,đầy đủ,tốt,1300000.0
"178 Võ Nguyên Giáp, Q8",nhà nguyên căn,cho thuê,44.0,5,không có,tốt,17600000.0
"71 Hải Thượng Lãn Ông, Q10",nhà nguyên căn,bán,29.0,1,không có,cũ,1778000000.0
"149 Nguyễn Thị Minh Khai, Q3",chung cư,bán,70.0,6,không có,tốt,5662300000.0
"29 Âu Cơ, Q6",phòng trọ,cho thuê,12.0,0,đầy đủ,tốt,1900000.0
"185 Mai Chí Thọ, Q9",chung cư,bán,65.0,3,đầy đủ,tốt,3325800000.0
"197 Lê Văn Duyệt, Q9",phòng trọ,cho thuê,17.0,0,đầy đủ,mới,3100000.0
"38 Trường Chinh, Q9",phòng trọ,cho thuê,13.0,0,cơ bản,cũ,1900000.0
"141 Hàm Nghi, Q10",nhà nguyên căn,bán,39.0,2,đầy đủ,tốt,2735400000.0
"90 Trường Chinh, Q2",phòng trọ,cho thuê,13.0,0,đầy đủ,mới,2300000.0
"100 Dân Chủ, Q10",phòng trọ,cho thuê,13.0,0,đầy đủ,tốt,2400000.0
"149 Lam Sơn, Q2",chung cư,bán,124.0,4,cơ bản,mới,11552500000.0
"164 Nguyễn Huệ, Q4",văn phòng,cho thuê,575.0,4,cơ bản,cũ,322500000.0
"60 Lam Sơn, Q7",phòng trọ,cho thuê,12.0,0,đầy đủ,tốt,1300000.0
"81 Xô Viết Nghệ Tĩnh, Q10",chung cư,bán,124.0,4,không có,cũ,8950800000.0
"197 Nguyễn Trãi, Q10",phòng trọ,cho thuê,14.0,0,cơ bản,cũ,2200000.0
"144 Công xã Paris, Q7",phòng trọ,cho thuê,10.0,0,cơ bản,mới,1600000.0
"56 Lý Tự Trọng, Q8",phòng trọ,cho thuê,20.0,0,đầy đủ,cũ,1500000.0
"163 Hàm Nghi, Q6",phòng trọ,cho thuê,12.0,0,đầy đủ,mới,2100000.0
"22 Lũy Bán Bích, Q3",phòng trọ,cho thuê,16.0,0,cơ bản,tốt,1500000.0
"177 Cách Mạng Tháng Tám, Q1",phòng trọ,cho thuê,18.0,0,không có,tốt,1100000.0
"43 Lạc Long Quân, Q4",chung cư,bán,75.0,8,không có,mới,1765900000.0
"6 Cách Mạng Tháng Tám, Q3",chung cư,cho thuê,90.0,19,cơ bản,mới,18400000.0
"62 Lý Tự Trọng, Q5",phòng trọ,cho thuê,17.0,0,không có,tốt,1700000.0
"190 Đồng Khởi, Q9",phòng trọ,cho thuê,20.0,0,cơ bản,mới,1800000.0
"73 Hàm Nghi, Q8",phòng trọ,cho thuê,17.0,0,đầy đủ,tốt,2300000.0
"128 Tôn Đức Thắng, Q1",phòng trọ,cho thuê,14.0,0,không có,mới,1300000.0
"76 Hai Bà Trưng, Q8",chung cư,bán,120.0,7,đầy đủ,tốt,8300300000.0
"6 Công xã Paris, Q4",phòng trọ,cho thuê,13.0,0,cơ bản,cũ,900000.0
"161 Võ Nguyên Giáp, Q8",phòng trọ,cho thuê,9.0,0,không có,tốt,900000.0
"173 Mai Chí Thọ, Q3",phòng trọ,cho thuê,19.0,0,đầy đủ,mới,1700000.0
"138 Trần Hưng Đạo, Q10",phòng trọ,cho thuê,10.0,0,cơ bản,cũ,1400000.0
"8 Hùng Vương, Q10",văn phòng,cho thuê,195.0,5,cơ bản,mới,398800000.0
"76 Trần Hưng Đạo, Q4",phòng trọ,cho thuê,15.0,0,không có,tốt,1300000.0
"136 Hai Bà Trưng, Q10",phòng trọ,cho thuê,17.0,0,cơ bản,cũ,1800000.0
"21 Lạc Long Quân, Q10",chung cư,bán,70.0,8,cơ bản,tốt,4614200000.0
"142 Hải Thượng Lãn Ông, Q9",phòng trọ,cho thuê,9.0,0,cơ bản,cũ,600000.0
"181 Âu Cơ, Q7",phòng trọ,cho thuê,9.0,0,không có,mới,1100000.0
"101 Âu Cơ, Q4",phòng trọ,cho thuê,10.0,0,không có,cũ,1300000.0
"192 Âu Cơ, Q8",phòng trọ,cho thuê,18.0,0,cơ bản,cũ,2400000.0
"100 Hàm Nghi, Q2",phòng trọ,cho thuê,17.0,0,đầy đủ,mới,2100000.0
"117 Âu Cơ, Q6",phòng trọ,cho thuê,18.0,0,không có,mới,2400000.0
"100 Xô Viết Nghệ Tĩnh, Q2",phòng trọ,cho thuê,18.0,0,cơ bản,mới,3200000.0
"193 Nguyễn Trãi, Q1",phòng trọ,cho thuê,20.0,0,đầy đủ,mới,3400000.0
"181 Trần Hưng Đạo, Q4",phòng trọ,cho thuê,17.0,0,cơ bản,tốt,1300000.0
"37 Hải Thượng Lãn Ông, Q10",phòng trọ,cho thuê,15.0,0,cơ bản,mới,2600000.0
"159 Lam Sơn, Q8",nhà nguyên căn,cho thuê,39.0,2,đầy đủ,cũ,9500000.0
"105 Quách Thị Trang, Q2",nhà nguyên căn,cho thuê,41.0,2,không có,mới,5200000.0
"60 Nguyễn Trãi, Q4",nhà nguyên căn,cho thuê,42.0,5,cơ bản,mới,35100000.0
"150 Âu Cơ, Q1",phòng trọ,cho thuê,12.0,0,đầy đủ,tốt,2200000.0
"26 Quách Thị Trang, Q8",phòng trọ,cho thuê,15.0,0,không có,mới,1500000.0
"81 Hải Thượng Lãn Ông, Q5",văn phòng,cho thuê,520.0,5,cơ bản,tốt,280000000.0
"88 Nguyễn Trãi, Q9",phòng trọ,cho thuê,17.0,0,đầy đủ,mới,2800000.0
"144 Phạm Văn Đồng, Q1",phòng trọ,cho thuê,18.0,0,cơ bản,cũ,2500000.0
"186 CMT8, Q8",nhà nguyên căn,cho thuê,31.0,3,không có,cũ,4800000.0
"30 Võ Chí Công, Q3",chung cư,bán,84.0,4,cơ bản,tốt,4525900000.0
"24 Quách Thị Trang, Q3",phòng trọ,cho thuê,16.0,0,không có,mới,1300000.0
"82 Nguyễn Văn Linh, Q9",nhà nguyên căn,cho thuê,38.0,3,cơ bản,mới,16800000.0
"2 Hàm Nghi, Q3",phòng trọ,cho thuê,17.0,0,không có,tốt,1800000.0
"43 Lê Văn Duyệt, Q7",phòng trọ,cho thuê,10.0,0,cơ bản,mới,1400000.0
"82 Rừng Sác, Q6",phòng trọ,cho thuê,18.0,0,không có,mới,1500000.0
"2 Xô Viết Nghệ Tĩnh, Q3",phòng trọ,cho thuê,13.0,0,cơ bản,cũ,1800000.0
"53 Nguyễn Huệ, Q10",phòng trọ,cho thuê,12.0,0,không có,cũ,2100000.0
"88 Nguyễn Trãi, Q10",phòng trọ,cho thuê,11.0,0,không có,tốt,700000.0
"7 Quách Thị Trang, Q3",phòng trọ,cho thuê,16.0,0,cơ bản,cũ,2900000.0
"173 Xô Viết Nghệ Tĩnh, Q6",nhà nguyên căn,bán,29.0,1,cơ bản,tốt,1349800000.0
"34 Nguyễn Thị Minh Khai, Q5",phòng trọ,cho thuê,16.0,0,đầy đủ,cũ,1500000.0
"21 Châu Văn Liêm, Q2",chung cư,bán,84.0,12,không có,mới,2017700000.0
"114 Quách Thị Trang, Q8",phòng trọ,cho thuê,11.0,0,không có,mới,700000.0
"169 Quốc tế, Q6",phòng trọ,cho thuê,17.0,0,cơ bản,tốt,1900000.0
"178 Hải Thượng Lãn Ông, Q9",phòng trọ,cho thuê,10.0,0,không có,cũ,1100000.0
"19 Nguyễn Huệ, Q9",phòng trọ,cho thuê,20.0,0,cơ bản,cũ,1600000.0
"15 Hùng Vương, Q1",phòng trọ,cho thuê,14.0,0,đầy đủ,tốt,2100000.0
"56 Hải Thượng Lãn Ông, Q9",phòng trọ,cho thuê,18.0,0,đầy đủ,cũ,2300000.0
"43 Phạm Văn Đồng, Q4",văn phòng,cho thuê,195.0,10,cơ bản,mới,112200000.0
"167 Lê Văn Duyệt, Q7",phòng trọ,cho thuê,11.0,0,không có,tốt,1500000.0
"13 Trường Chinh, Q5",phòng trọ,cho thuê,12.0,0,cơ bản,tốt,1800000.0
"4 Pasteur, Q3",phòng trọ,cho thuê,20.0,0,không có,mới,2700000.0
"187 Quách Thị Trang, Q6",phòng trọ,cho thuê,15.0,0,đầy đủ,cũ,900000.0
"6 Mai Chí Thọ, Q8",nhà nguyên căn,bán,38.0,3,đầy đủ,cũ,5154500000.0
"10 Dân Chủ, Q1",phòng trọ,cho thuê,10.0,0,đầy đủ,tốt,1700000.0
"10 Cách Mạng Tháng Tám, Q10",văn phòng,cho thuê,385.0,17,đầy đủ,cũ,406500000.0
"105 Công xã Paris, Q10",phòng trọ,cho thuê,12.0,0,đầy đủ,mới,2700000.0
"70 Rừng Sác, Q7",phòng trọ,cho thuê,11.0,0,không có,cũ,1300000.0
"90 Hùng Vương, Q10",phòng trọ,cho thuê,15.0,0,không có,cũ,2100000.0
"19 Quách Thị Trang, Q2",nhà nguyên căn,bán,39.0,5,cơ bản,mới,15609400000.0
"1 Hàm Nghi, Q6",phòng trọ,cho thuê,19.0,0,không có,cũ,1800000.0
"192 Nam Kỳ Khởi Nghĩa, Q8",nhà nguyên căn,bán,40.0,2,không có,cũ,3430300000.0
"163 Công xã Paris, Q5",phòng trọ,cho thuê,10.0,0,không có,tốt,1500000.0
"19 Nguyễn Huệ, Q10",phòng trọ,cho thuê,13.0,0,đầy đủ,mới,2300000.0
"110 Lê Duẩn, Q8",chung cư,bán,84.0,3,không có,tốt,6336400000.0
"192 Nguyễn Thị Minh Khai, Q1",chung cư,bán,120.0,13,đầy đủ,cũ,4546900000.0
"3 Châu Văn Liêm, Q5",phòng trọ,cho thuê,20.0,0,cơ bản,tốt,2500000.0
"70 Lê Duẩn, Q1",phòng trọ,cho thuê,10.0,0,cơ bản,mới,2000000.0
"161 Hải Thượng Lãn Ông, Q4",phòng trọ,cho thuê,11.0,0,không có,cũ,1100000.0
"171 Phạm Văn Đồng, Q7",phòng trọ,cho thuê,15.0,0,đầy đủ,tốt,2500000.0
"169 Võ Nguyên Giáp, Q5",nhà nguyên căn,bán,27.0,3,không có,tốt,6173300000.0
"157 Quách Thị Trang, Q10",nhà nguyên căn,cho thuê,35.0,5,cơ bản,mới,34200000.0
"54 Mê Linh, Q7",phòng trọ,cho thuê,9.0,0,cơ bản,cũ,1000000.0
"57 Tôn Đức Thắng, Q8",chung cư,bán,124.0,16,đầy đủ,tốt,3521400000.0
"130 Trường Chinh, Q8",phòng trọ,cho thuê,18.0,0,đầy đủ,cũ,1800000.0
"171 Nguyễn Văn Linh, Q10",phòng trọ,cho thuê,14.0,0,đầy đủ,cũ,2200000.0
"144 Hải Thượng Lãn Ông, Q9",phòng trọ,cho thuê,20.0,0,không có,mới,1900000.0
"38 Võ Chí Công, Q8",phòng trọ,cho thuê,14.0,0,đầy đủ,cũ,1800000.0
"126 Mai Chí Thọ, Q7",phòng trọ,cho thuê,14.0,0,đầy đủ,mới,1700000.0
"159 Nguyễn Trãi, Q10",phòng trọ,cho thuê,19.0,0,không có,tốt,2600000.0
"175 Nam Kỳ Khởi Nghĩa, Q8",phòng trọ,cho thuê,10.0,0,không có,mới,1000000.0
"131 Lũy Bán Bích, Q6",chung cư,cho thuê,90.0,16,không có,cũ,4200000.0
"141 Công xã Paris, Q9",phòng trọ,cho thuê,20.0,0,không có,tốt,2500000.0
"23 Trường Chinh, Q4",phòng trọ,cho thuê,14.0,0,không có,mới,2000000.0
"126 Hùng Vương, Q9",phòng trọ,cho thuê,12.0,0,đầy đủ,tốt,2100000.0
"42 Lê Duẩn, Q4",nhà nguyên căn,bán,35.0,3,không có,mới,7436600000.0
"109 Nguyễn Văn Linh, Q5",nhà nguyên căn,cho thuê,38.0,3,đầy đủ,tốt,15100000.0
"151 Rừng Sác, Q1",phòng trọ,cho thuê,9.0,0,đầy đủ,mới,1000000.0
"33 Lý Thường Kiệt, Q9",chung cư,bán,84.0,14,đầy đủ,mới,3442300000.0
"28 Trường Chinh, Q3",văn phòng,cho thuê,205.0,6,không có,cũ,226300000.0
"37 Mê Linh, Q7",phòng trọ,cho thuê,10.0,0,không có,tốt,800000.0
"70 Trần Hưng Đạo, Q3",phòng trọ,cho thuê,15.0,0,đầy đủ,tốt,2200000.0
"18 Lê Duẩn, Q1",phòng trọ,cho thuê,17.0,0,đầy đủ,tốt,1700000.0
"154 Lê Duẩn, Q3",nhà nguyên căn,bán,43.0,2,cơ bản,cũ,3994400000.0
"40 Hàm Nghi, Q10",chung cư,bán,120.0,16,đầy đủ,cũ,8758800000.0
"120 Châu Văn Liêm, Q8",phòng trọ,cho thuê,18.0,0,đầy đủ,cũ,2200000.0
"68 Dân Chủ, Q10",phòng trọ,cho thuê,11.0,0,không có,tốt,1700000.0
"49 Công xã Paris, Q6",phòng trọ,cho thuê,10.0,0,đầy đủ,cũ,1600000.0
"84 Bùi Viện, Q1",phòng trọ,cho thuê,12.0,0,cơ bản,cũ,800000.0
"187 Dân Chủ, Q6",phòng trọ,cho thuê,10.0,0,đầy đủ,cũ,800000.0
"107 Nguyễn Huệ, Q10",phòng trọ,cho thuê,10.0,0,đầy đủ,tốt,1600000.0
"135 Châu Văn Liêm, Q4",phòng trọ,cho thuê,13.0,0,cơ bản,mới,2300000.0
"191 Hàm Nghi, Q9",chung cư,cho thuê,84.0,19,cơ bản,cũ,10100000.0
"21 Võ Chí Công, Q8",phòng trọ,cho thuê,12.0,0,không có,tốt,800000.0
"149 Võ Nguyên Giáp, Q1",phòng trọ,cho thuê,14.0,0,cơ bản,mới,2800000.0
"10 Lê Lợi, Q5",phòng trọ,cho thuê,19.0,0,không có,mới,2200000.0
"30 Hải Thượng Lãn Ông, Q3",chung cư,cho thuê,75.0,19,đầy đủ,tốt,7800000.0
"120 Pasteur, Q9",phòng trọ,cho thuê,20.0,0,cơ bản,cũ,1500000.0
"22 Hai Bà Trưng, Q3",chung cư,bán,84.0,10,cơ bản,tốt,4249100000.0
"91 Châu Văn Liêm, Q5",phòng trọ,cho thuê,18.0,0,không có,mới,3400000.0
"142 Rừng Sác, Q7",phòng trọ,cho thuê,15.0,0,cơ bản,mới,1800000.0
"84 Trường Chinh, Q5",phòng trọ,cho thuê,15.0,0,không có,mới,1100000.0
"158 Nam Kỳ Khởi Nghĩa, Q8",phòng trọ,cho thuê,10.0,0,cơ bản,tốt,1100000.0
"136 Nguyễn Huệ, Q8",phòng trọ,cho thuê,18.0,0,đầy đủ,tốt,1900000.0
"55 Lý Tự Trọng, Q6",phòng trọ,cho thuê,18.0,0,không có,tốt,1200000.0
"81 Lê Văn Duyệt, Q7",phòng trọ,cho thuê,9.0,0,cơ bản,cũ,600000.0
"100 Xô Viết Nghệ Tĩnh, Q5",chung cư,bán,65.0,20,cơ bản,mới,2385600000.0
"74 Lũy Bán Bích, Q8",phòng trọ,cho thuê,11.0,0,không có,mới,900000.0
"163 Lê Văn Duyệt, Q10",chung cư,cho thuê,65.0,9,đầy đủ,cũ,9300000.0
"19 Võ Chí Công, Q9",phòng trọ,cho thuê,14.0,0,không có,cũ,1900000.0
"106 Dân Chủ, Q8",nhà nguyên căn,cho thuê,45.0,5,cơ bản,cũ,18600000.0
"141 Pasteur, Q1",phòng trọ,cho thuê,20.0,0,không có,tốt,3400000.0
"63 Dân Chủ, Q2",nhà nguyên căn,bán,38.0,4,đầy đủ,mới,11031300000.0
"17 Lê Văn Duyệt, Q6",phòng trọ,cho thuê,16.0,0,đầy đủ,cũ,2400000.0
"57 Nguyễn Văn Linh, Q5",phòng trọ,cho thuê,10.0,0,không có,mới,1900000.0
"190 Cách Mạng Tháng Tám, Q2",phòng trọ,cho thuê,12.0,0,đầy đủ,tốt,1300000.0
"116 Hai Bà Trưng, Q2",phòng trọ,cho thuê,11.0,0,cơ bản,mới,900000.0
"46 Quốc tế, Q10",phòng trọ,cho thuê,19.0,0,không có,mới,3300000.0
"170 Dân Chủ, Q6",phòng trọ,cho thuê,20.0,0,cơ bản,cũ,1600000.0
"149 Nguyễn Huệ, Q5",phòng trọ,cho thuê,10.0,0,đầy đủ,mới,1200000.0
"81 Nam Kỳ Khởi Nghĩa, Q1",phòng trọ,cho thuê,9.0,0,không có,mới,1800000.0
"186 Lê Văn Duyệt, Q7",phòng trọ,cho thuê,16.0,0,cơ bản,mới,2100000.0
"117 Nguyễn Huệ, Q7",văn phòng,cho thuê,415.0,20,đầy đủ,tốt,382000000.0
"182 Hải Thượng Lãn Ông, Q8",nhà nguyên căn,cho thuê,30.0,3,đầy đủ,tốt,12100000.0
"189 Võ Nguyên Giáp, Q10",phòng trọ,cho thuê,13.0,0,không có,cũ,1800000.0
"107 Công xã Paris, Q9",phòng trọ,cho thuê,15.0,0,không có,cũ,1300000.0
"19 Võ Chí Công, Q4",phòng trọ,cho thuê,18.0,0,cơ bản,tốt,2900000.0
"15 Mai Chí Thọ, Q10",nhà nguyên căn,cho thuê,37.0,4,không có,tốt,22600000.0
"14 Quách Thị Trang, Q1",phòng trọ,cho thuê,17.0,0,đầy đủ,tốt,3300000.0
"88 Xô Viết Nghệ Tĩnh, Q8",phòng trọ,cho thuê,17.0,0,không có,mới,2400000.0
"72 Lũy Bán Bích, Q4",phòng trọ,cho thuê,12.0,0,đầy đủ,cũ,1900000.0
"21 Nguyễn Huệ, Q3",phòng trọ,cho thuê,16.0,0,không có,tốt,1600000.0
"177 Trần Hưng Đạo, Q9",phòng trọ,cho thuê,20.0,0,cơ bản,cũ,2600000.0
"40 Nguyễn Văn Linh, Q5",phòng trọ,cho thuê,12.0,0,cơ bản,tốt,1100000.0
"179 CMT8, Q7",phòng trọ,cho thuê,20.0,0,cơ bản,tốt,2200000.0
"109 Trần Hưng Đạo, Q7",nhà nguyên căn,cho thuê,40.0,1,đầy đủ,cũ,6400000.0
"165 Lạc Long Quân, Q7",phòng trọ,cho thuê,9.0,0,cơ bản,mới,900000.0
"102 Trần Hưng Đạo, Q1",phòng trọ,cho thuê,11.0,0,cơ bản,mới,1800000.0
"87 Dân Chủ, Q3",nhà nguyên căn,cho thuê,41.0,1,đầy đủ,tốt,4000000.0
"180 Lê Văn Duyệt, Q8",phòng trọ,cho thuê,12.0,0,đầy đủ,mới,1300000.0
"77 Xô Viết Nghệ Tĩnh, Q4",phòng trọ,cho thuê,16.0,0,không có,cũ,1200000.0
"29 Hai Bà Trưng, Q10",phòng trọ,cho thuê,19.0,0,không có,cũ,1400000.0
"157 Hàm Nghi, Q2",phòng trọ,cho thuê,15.0,0,đầy đủ,tốt,2500000.0
"79 Nguyễn Thị Minh Khai, Q6",nhà nguyên căn,bán,30.0,5,đầy đủ,cũ,10784300000.0
"180 Bùi Viện, Q8",phòng trọ,cho thuê,16.0,0,không có,mới,2700000.0
"38 Đồng Khởi, Q5",phòng trọ,cho thuê,14.0,0,đầy đủ,cũ,2200000.0
"81 Lam Sơn, Q5",nhà nguyên căn,cho thuê,30.0,1,cơ bản,cũ,4100000.0
"73 Pasteur, Q4",văn phòng,cho thuê,180.0,17,không có,tốt,115600000.0
"117 Pasteur, Q1",văn phòng,cho thuê,475.0,20,không có,tốt,333200000.0
"56 Mai Chí Thọ, Q5",phòng trọ,cho thuê,13.0,0,không có,mới,1500000.0
"178 Nguyễn Trãi, Q10",phòng trọ,cho thuê,20.0,0,đầy đủ,cũ,2100000.0
"147 Pasteur, Q4",phòng trọ,cho thuê,12.0,0,không có,mới,1500000.0
"162 Nguyễn Huệ, Q10",phòng trọ,cho thuê,18.0,0,cơ bản,mới,3200000.0
"159 Châu Văn Liêm, Q1",phòng trọ,cho thuê,18.0,0,cơ bản,tốt,1300000.0
"56 Nguyễn Trãi, Q10",nhà nguyên căn,cho thuê,44.0,4,không có,tốt,14500000.0
"129 Nguyễn Huệ, Q2",phòng trọ,cho thuê,17.0,0,đầy đủ,mới,1200000.0
"117 Hai Bà Trưng, Q4",phòng trọ,cho thuê,13.0,0,đầy đủ,cũ,1000000.0
"37 Châu Văn Liêm, Q1",phòng trọ,cho thuê,19.0,0,cơ bản,tốt,3400000.0
"119 Hải Thượng Lãn Ông, Q5",phòng trọ,cho thuê,13.0,0,cơ bản,mới,2300000.0
"69 Đồng Khởi, Q5",chung cư,bán,124.0,15,cơ bản,cũ,4699500000.0
"186 Lam Sơn, Q5",phòng trọ,cho thuê,13.0,0,cơ bản,mới,2300000.0
"188 Bùi Viện, Q7",chung cư,cho thuê,70.0,11,cơ bản,tốt,6300000.0
"184 Tôn Đức Thắng, Q4",phòng trọ,cho thuê,18.0,0,đầy đủ,tốt,2700000.0
"183 Lê Lợi, Q1",phòng trọ,cho thuê,9.0,0,cơ bản,mới,700000.0
"70 Nam Kỳ Khởi Nghĩa, Q3",phòng trọ,cho thuê,15.0,0,đầy đủ,tốt,1200000.0
"151 Mê Linh, Q10",chung cư,bán,84.0,13,cơ bản,mới,4531400000.0
"66 Lũy Bán Bích, Q9",phòng trọ,cho thuê,20.0,0,đầy đủ,cũ,2600000.0
"7 Lê Văn Duyệt, Q6",chung cư,bán,65.0,1,không có,cũ,3759700000.0
"196 Nguyễn Thị Minh Khai, Q4",phòng trọ,cho thuê,18.0,0,không có,cũ,1600000.0
"124 Lam Sơn, Q6",phòng trọ,cho thuê,18.0,0,cơ bản,mới,3100000.0
"191 Xô Viết Nghệ Tĩnh, Q7",phòng trọ,cho thuê,17.0,0,không có,mới,2700000.0
"189 Mai Chí Thọ, Q4",phòng trọ,cho thuê,14.0,0,đầy đủ,cũ,1800000.0
"108 Võ Nguyên Giáp, Q4",văn phòng,cho thuê,505.0,3,đầy đủ,tốt,536500000.0
"99 Pasteur, Q1",phòng trọ,cho thuê,15.0,0,đầy đủ,cũ,1000000.0
"91 Võ Chí Công, Q10",phòng trọ,cho thuê,9.0,0,đầy đủ,mới,1600000.0
"46 Đồng Khởi, Q6",phòng trọ,cho thuê,9.0,0,cơ bản,mới,1400000.0
"108 Nam Kỳ Khởi Nghĩa, Q9",chung cư,bán,90.0,14,đầy đủ,cũ,6658400000.0
"195 Công xã Paris, Q10",phòng trọ,cho thuê,9.0,0,không có,cũ,800000.0
"179 Nguyễn Thị Minh Khai, Q9",nhà nguyên căn,cho thuê,45.0,3,cơ bản,mới,10200000.0
"111 Rừng Sác, Q2",văn phòng,cho thuê,205.0,3,đầy đủ,cũ,304900000.0
"8 Mê Linh, Q8",phòng trọ,cho thuê,9.0,0,đầy đủ,mới,1900000.0
"199 Lý Tự Trọng, Q5",phòng trọ,cho thuê,13.0,0,đầy đủ,tốt,1700000.0
"64 Lạc Long Quân, Q8",phòng trọ,cho thuê,13.0,0,đầy đủ,cũ,1300000.0
"62 Phạm Ngũ Lão, Q6",nhà nguyên căn,bán,29.0,3,đầy đủ,cũ,6676300000.0
"171 Lũy Bán Bích, Q9",phòng trọ,cho thuê,15.0,0,đầy đủ,mới,2700000.0
"158 Trần Hưng Đạo, Q7",chung cư,bán,84.0,15,cơ bản,cũ,3654500000.0
"165 Võ Nguyên Giáp, Q8",chung cư,cho thuê,65.0,15,đầy đủ,mới,8800000.0
"191 Võ Nguyên Giáp, Q3",phòng trọ,cho thuê,13.0,0,không có,mới,2900000.0
"174 Nguyễn Trãi, Q1",phòng trọ,cho thuê,16.0,0,cơ bản,cũ,2800000.0
"177 Nguyễn Thị Minh Khai, Q8",văn phòng,cho thuê,560.0,12,không có,cũ,800300000.0
"70 Trường Chinh, Q10",nhà nguyên căn,bán,37.0,1,không có,tốt,1634200000.0
"179 Hai Bà Trưng, Q9",văn phòng,cho thuê,200.0,6,cơ bản,mới,129100000.0
"22 Rừng Sác, Q4",phòng trọ,cho thuê,12.0,0,không có,cũ,1500000.0
"47 Lam Sơn, Q5",nhà nguyên căn,bán,32.0,4,cơ bản,tốt,10665500000.0
"100 Lý Thường Kiệt, Q9",phòng trọ,cho thuê,17.0,0,đầy đủ,cũ,2500000.0
"111 Bùi Viện, Q8",phòng trọ,cho thuê,16.0,0,đầy đủ,cũ,2100000.0
"27 Lý Tự Trọng, Q3",phòng trọ,cho thuê,10.0,0,không có,mới,1200000.0
"144 Nguyễn Trãi, Q10",phòng trọ,cho thuê,11.0,0,cơ bản,tốt,1600000.0
"188 Lũy Bán Bích, Q10",phòng trọ,cho thuê,13.0,0,đầy đủ,mới,1700000.0
"8 Hai Bà Trưng, Q1",phòng trọ,cho thuê,18.0,0,cơ bản,mới,2700000.0
"151 Lý Tự Trọng, Q1",phòng trọ,cho thuê,14.0,0,không có,tốt,1900000.0
"158 Hải Thượng Lãn Ông, Q2",nhà nguyên căn,bán,37.0,1,cơ bản,cũ,896400000.0
"1 Châu Văn Liêm, Q9",phòng trọ,cho thuê,9.0,0,đầy đủ,mới,1700000.0
"76 Lũy Bán Bích, Q8",phòng trọ,cho thuê,18.0,0,cơ bản,mới,1800000.0
"113 Lê Văn Duyệt, Q1",phòng trọ,cho thuê,9.0,0,cơ bản,cũ,1100000.0
"146 Rừng Sác, Q7",văn phòng,bán,410.0,2,không có,mới,23281900000.0
"83 Trường Chinh, Q1",phòng trọ,cho thuê,19.0,0,đầy đủ,cũ,2800000.0
"75 Tôn Đức Thắng, Q1",phòng trọ,cho thuê,14.0,0,đầy đủ,tốt,2900000.0
"117 Nam Kỳ Khởi Nghĩa, Q1",văn phòng,cho thuê,575.0,15,không có,tốt,800500000.0
"77 Mê Linh, Q2",phòng trọ,cho thuê,13.0,0,không có,cũ,1400000.0
"152 Lam Sơn, Q5",nhà nguyên căn,bán,44.0,1,đầy đủ,cũ,2675100000.0
"167 CMT8, Q8",phòng trọ,cho thuê,15.0,0,cơ bản,cũ,1200000.0
"104 Nguyễn Huệ, Q2",phòng trọ,cho thuê,17.0,0,cơ bản,cũ,2300000.0
"168 Mê Linh, Q5",phòng trọ,cho thuê,15.0,0,cơ bản,tốt,1200000.0
"147 Hàm Nghi, Q3",phòng trọ,cho thuê,20.0,0,không có,tốt,3200000.0
"35 Nguyễn Trãi, Q1",phòng trọ,cho thuê,17.0,0,đầy đủ,mới,2800000.0
"100 Bùi Viện, Q5",phòng trọ,cho thuê,12.0,0,không có,cũ,1000000.0
"181 Bùi Viện, Q2",văn phòng,cho thuê,305.0,9,đầy đủ,mới,310200000.0
"94 Hùng Vương, Q3",phòng trọ,cho thuê,9.0,0,cơ bản,mới,1900000.0
"92 Quách Thị Trang, Q8",chung cư,bán,120.0,10,không có,tốt,5269400000.0
"55 Lam Sơn, Q6",phòng trọ,cho thuê,16.0,0,không có,mới,1900000.0
"86 Âu Cơ, Q2",phòng trọ,cho thuê,10.0,0,không có,tốt,1000000.0
"60 CMT8, Q4",phòng trọ,cho thuê,18.0,0,cơ bản,cũ,1600000.0
"16 Hai Bà Trưng, Q8",phòng trọ,cho thuê,16.0,0,đầy đủ,cũ,1400000.0
"50 Quách Thị Trang, Q8",chung cư,bán,65.0,18,cơ bản,cũ,3236400000.0
"114 Nam Kỳ Khởi Nghĩa, Q5",phòng trọ,cho thuê,9.0,0,đầy đủ,cũ,1000000.0
"155 Phạm Ngũ Lão, Q7",chung cư,bán,84.0,17,đầy đủ,tốt,2095100000.0
"60 Mê Linh, Q2",phòng trọ,cho thuê,16.0,0,cơ bản,cũ,2300000.0
"1 Châu Văn Liêm, Q10",phòng trọ,cho thuê,15.0,0,cơ bản,mới,1700000.0
"23 Nguyễn Huệ, Q3",phòng trọ,cho thuê,20.0,0,đầy đủ,cũ,4100000.0
"125 Quốc tế, Q5",phòng trọ,cho thuê,9.0,0,đầy đủ,cũ,1200000.0
"97 Dân Chủ, Q5",phòng trọ,cho thuê,20.0,0,cơ bản,mới,2800000.0
"101 Phạm Ngũ Lão, Q7",phòng trọ,cho thuê,15.0,0,đầy đủ,mới,2900000.0
"57 Đồng Khởi, Q5",phòng trọ,cho thuê,13.0,0,đầy đủ,tốt,1900000.0
"151 Mê Linh, Q5",nhà nguyên căn,cho thuê,37.0,5,đầy đủ,tốt,36500000.0
"62 Lũy Bán Bích, Q1",phòng trọ,cho thuê,12.0,0,không có,tốt,1100000.0
"199 Công xã Paris, Q8",nhà nguyên căn,cho thuê,41.0,1,không có,mới,5600000.0
"43 CMT8, Q4",phòng trọ,cho thuê,16.0,0,đầy đủ,mới,1800000.0
"106 Trường Chinh, Q6",chung cư,bán,75.0,6,không có,mới,5688400000.0
"73 Châu Văn Liêm, Q1",văn phòng,cho thuê,295.0,10,không có,cũ,298100000.0
"133 Hải Thượng Lãn Ông, Q7",phòng trọ,cho thuê,17.0,0,đầy đủ,cũ,1700000.0
"97 Nam Kỳ Khởi Nghĩa, Q5",phòng trọ,cho thuê,13.0,0,cơ bản,cũ,900000.0
"43 Lê Lợi, Q7",nhà nguyên căn,cho thuê,45.0,4,đầy đủ,tốt,20900000.0
"54 Hùng Vương, Q9",nhà nguyên căn,cho thuê,29.0,3,cơ bản,mới,13300000.0
"100 Hùng Vương, Q8",chung cư,bán,120.0,3,cơ bản,cũ,6206100000.0
"120 Âu Cơ, Q7",phòng trọ,cho thuê,12.0,0,cơ bản,tốt,1000000.0
"119 Lạc Long Quân, Q8",phòng trọ,cho thuê,13.0,0,cơ bản,cũ,800000.0
"162 Nam Kỳ Khởi Nghĩa, Q7",phòng trọ,cho thuê,20.0,0,cơ bản,tốt,1700000.0
"156 Mê Linh, Q5",chung cư,bán,70.0,10,không có,mới,6703200000.0
"200 Trần Hưng Đạo, Q7",phòng trọ,cho thuê,12.0,0,cơ bản,cũ,1400000.0
"27 Quốc tế, Q1",phòng trọ,cho thuê,20.0,0,đầy đủ,mới,2500000.0
"133 Trường Chinh, Q3",phòng trọ,cho thuê,14.0,0,không có,mới,1900000.0
"20 Lê Văn Duyệt, Q5",văn phòng,cho thuê,495.0,19,cơ bản,cũ,770200000.0
"70 Nguyễn Hữu Cảnh, Q6",chung cư,bán,84.0,4,không có,mới,3579800000.0
"93 Âu Cơ, Q3",phòng trọ,cho thuê,10.0,0,đầy đủ,mới,1300000.0
"54 Hùng Vương, Q10",phòng trọ,cho thuê,10.0,0,đầy đủ,mới,1100000.0
"100 Mai Chí Thọ, Q2",nhà nguyên căn,bán,37.0,3,đầy đủ,tốt,3956300000.0
"118 Trường Chinh, Q8",phòng trọ,cho thuê,14.0,0,không có,mới,1100000.0
"84 Phạm Văn Đồng, Q2",phòng trọ,cho thuê,16.0,0,đầy đủ,mới,1000000.0
"63 Cách Mạng Tháng Tám, Q3",phòng trọ,cho thuê,20.0,0,không có,tốt,2100000.0
"88 Nguyễn Huệ, Q4",phòng trọ,cho thuê,12.0,0,cơ bản,tốt,900000.0
"4 Trường Chinh, Q4",phòng trọ,cho thuê,14.0,0,cơ bản,cũ,1500000.0
"77 Tôn Đức Thắng, Q8",phòng trọ,cho thuê,19.0,0,không có,tốt,1300000.0
"10 Quốc tế, Q1",phòng trọ,cho thuê,14.0,0,cơ bản,cũ,1400000.0
"162 Rừng Sác, Q2",chung cư,cho thuê,90.0,19,đầy đủ,tốt,7400000.0
"56 Lạc Long Quân, Q10",phòng trọ,cho thuê,19.0,0,không có,tốt,1900000.0
"182 Nam Kỳ Khởi Nghĩa, Q1",phòng trọ,cho thuê,9.0,0,không có,cũ,1100000.0
"166 Nguyễn Hữu Cảnh, Q8",phòng trọ,cho thuê,14.0,0,không có,cũ,1300000.0
"154 Dân Chủ, Q4",phòng trọ,cho thuê,10.0,0,không có,mới,700000.0
"86 Quốc tế, Q10",nhà nguyên căn,bán,32.0,2,cơ bản,tốt,2185800000.0
"119 Bùi Viện, Q5",phòng trọ,cho thuê,20.0,0,cơ bản,tốt,2100000.0
"85 Hai Bà Trưng, Q4",phòng trọ,cho thuê,18.0,0,cơ bản,cũ,1500000.0
"45 Nguyễn Trãi, Q7",phòng trọ,cho thuê,20.0,0,đầy đủ,mới,2200000.0
"159 Lam Sơn, Q7",phòng trọ,cho thuê,10.0,0,không có,tốt,1000000.0
"47 Hải Thượng Lãn Ông, Q7",phòng trọ,cho thuê,13.0,0,cơ bản,cũ,1000000.0
"156 Lũy Bán Bích, Q9",nhà nguyên căn,cho thuê,27.0,2,không có,mới,4100000.0
"108 Hải Thượng Lãn Ông, Q4",phòng trọ,cho thuê,12.0,0,đầy đủ,mới,1200000.0
"33 Hai Bà Trưng, Q3",nhà nguyên căn,bán,42.0,4,cơ bản,tốt,12869400000.0
"173 Lũy Bán Bích, Q10",phòng trọ,cho thuê,13.0,0,cơ bản,mới,2700000.0
"50 Lý Thường Kiệt, Q3",nhà nguyên căn,bán,36.0,2,cơ bản,tốt,5653300000.0
"69 Quốc tế, Q10",nhà nguyên căn,cho thuê,31.0,3,đầy đủ,mới,18500000.0
"155 Đồng Khởi, Q6",phòng trọ,cho thuê,16.0,0,cơ bản,mới,1200000.0
"16 Quốc tế, Q3",phòng trọ,cho thuê,14.0,0,cơ bản,cũ,900000.0
"105 Lê Duẩn, Q8",phòng trọ,cho thuê,14.0,0,không có,tốt,900000.0
"107 Phạm Ngũ Lão, Q8",nhà nguyên căn,cho thuê,45.0,3,cơ bản,tốt,12600000.0
"85 Lê Văn Duyệt, Q5",phòng trọ,cho thuê,17.0,0,đầy đủ,mới,4300000.0
"152 CMT8, Q8",nhà nguyên căn,bán,41.0,4,cơ bản,tốt,7209700000.0
"81 Rừng Sác, Q8",nhà nguyên căn,cho thuê,42.0,5,cơ bản,mới,29500000.0
"9 Lạc Long Quân, Q8",phòng trọ,cho thuê,9.0,0,không có,tốt,700000.0
"80 Nam Kỳ Khởi Nghĩa, Q5",chung cư,bán,70.0,2,đầy đủ,cũ,6206600000.0
"156 Lũy Bán Bích, Q10",phòng trọ,cho thuê,12.0,0,đầy đủ,tốt,1500000.0
"27 Lý Thường Kiệt, Q8",văn phòng,cho thuê,190.0,2,không có,cũ,279800000.0
"155 CMT8, Q1",phòng trọ,cho thuê,9.0,0,đầy đủ,mới,900000.0
"14 Mai Chí Thọ, Q2",phòng trọ,cho thuê,10.0,0,cơ bản,mới,1200000.0
"79 Rừng Sác, Q3",phòng trọ,cho thuê,11.0,0,đầy đủ,cũ,2000000.0
"71 Nguyễn Hữu Cảnh, Q6",chung cư,cho thuê,90.0,9,không có,cũ,11000000.0
"117 Nguyễn Thị Minh Khai, Q2",phòng trọ,cho thuê,11.0,0,cơ bản,tốt,1700000.0
"142 Bùi Viện, Q4",chung cư,bán,84.0,6,cơ bản,mới,3956900000.0
"26 Tôn Đức Thắng, Q8",phòng trọ,cho thuê,16.0,0,cơ bản,cũ,1300000.0
"14 Phạm Văn Đồng, Q2",văn phòng,cho thuê,350.0,15,không có,mới,267000000.0
"149 Âu Cơ, Q8",văn phòng,cho thuê,130.0,13,cơ bản,mới,145000000.0
"185 Hùng Vương, Q3",nhà nguyên căn,bán,43.0,1,đầy đủ,tốt,3698400000.0
"120 Nam Kỳ Khởi Nghĩa, Q4",phòng trọ,cho thuê,11.0,0,đầy đủ,mới,1600000.0
"16 Lý Tự Trọng, Q9",phòng trọ,cho thuê,16.0,0,đầy đủ,cũ,2600000.0
"55 Nguyễn Hữu Cảnh, Q1",phòng trọ,cho thuê,17.0,0,cơ bản,mới,2900000.0
"163 Hùng Vương, Q8",phòng trọ,cho thuê,17.0,0,đầy đủ,tốt,2100000.0
"172 Trường Chinh, Q8",phòng trọ,cho thuê,15.0,0,cơ bản,tốt,1800000.0
"6 Hàm Nghi, Q10",phòng trọ,cho thuê,14.0,0,không có,mới,2200000.0
"142 Nguyễn Huệ, Q4",phòng trọ,cho thuê,13.0,0,cơ bản,cũ,1400000.0
"160 Nguyễn Văn Linh, Q3",nhà nguyên căn,bán,41.0,5,không có,cũ,15972100000.0
"116 Nguyễn Trãi, Q7",phòng trọ,cho thuê,20.0,0,cơ bản,cũ,1600000.0
"173 Lê Văn Duyệt, Q5",phòng trọ,cho thuê,19.0,0,không có,cũ,2900000.0
"38 Pasteur, Q6",phòng trọ,cho thuê,13.0,0,cơ bản,mới,1300000.0
"106 Công xã Paris, Q2",phòng trọ,cho thuê,19.0,0,đầy đủ,tốt,2600000.0
"181 Nguyễn Trãi, Q6",phòng trọ,cho thuê,13.0,0,cơ bản,cũ,1700000.0
"108 Lam Sơn, Q7",nhà nguyên căn,cho thuê,28.0,4,cơ bản,cũ,13800000.0
"160 Trường Chinh, Q7",văn phòng,cho thuê,135.0,8,cơ bản,tốt,177800000.0
"83 Quách Thị Trang, Q1",phòng trọ,cho thuê,20.0,0,cơ bản,tốt,3100000.0
"194 Châu Văn Liêm, Q5",phòng trọ,cho thuê,15.0,0,cơ bản,tốt,2800000.0
"36 Lê Duẩn, Q8",phòng trọ,cho thuê,12.0,0,đầy đủ,cũ,1600000.0
"108 Quách Thị Trang, Q8",phòng trọ,cho thuê,12.0,0,đầy đủ,tốt,2000000.0
"71 Công xã Paris, Q10",phòng trọ,cho thuê,15.0,0,không có,mới,3000000.0
"40 CMT8, Q2",phòng trọ,cho thuê,12.0,0,đầy đủ,tốt,1400000.0
"196 Lý Thường Kiệt, Q6",phòng trọ,cho thuê,20.0,0,không có,tốt,1500000.0
"132 Phạm Văn Đồng, Q6",phòng trọ,cho thuê,17.0,0,cơ bản,mới,2700000.0
"31 Rừng Sác, Q1",phòng trọ,cho thuê,15.0,0,không có,mới,1400000.0
"134 Lê Lợi, Q10",nhà nguyên căn,cho thuê,45.0,3,cơ bản,cũ,14200000.0
"134 Lý Thường Kiệt, Q6",chung cư,bán,124.0,15,đầy đủ,cũ,4125300000.0
"163 Đồng Khởi, Q1",phòng trọ,cho thuê,13.0,0,cơ bản,tốt,1100000.0
"100 Phạm Ngũ Lão, Q2",phòng trọ,cho thuê,10.0,0,không có,tốt,1100000.0
"8 Pasteur, Q10",nhà nguyên căn,cho thuê,29.0,4,không có,cũ,7700000.0
"175 Dân Chủ, Q9",phòng trọ,cho thuê,9.0,0,đầy đủ,mới,900000.0
"120 Rừng Sác, Q6",phòng trọ,cho thuê,11.0,0,cơ bản,cũ,1000000.0
"118 Trường Chinh, Q3",phòng trọ,cho thuê,10.0,0,không có,mới,900000.0
"94 Trường Chinh, Q4",chung cư,bán,65.0,6,cơ bản,mới,2197100000.0
"153 Lê Văn Duyệt, Q1",nhà nguyên căn,bán,40.0,4,cơ bản,tốt,7332800000.0
"72 Cách Mạng Tháng Tám, Q6",phòng trọ,cho thuê,17.0,0,không có,tốt,2200000.0
"71 Xô Viết Nghệ Tĩnh, Q10",chung cư,bán,84.0,15,cơ bản,tốt,2844900000.0
"197 Xô Viết Nghệ Tĩnh, Q4",phòng trọ,cho thuê,19.0,0,không có,tốt,2600000.0
"12 Mai Chí Thọ, Q10",văn phòng,cho thuê,550.0,2,cơ bản,cũ,481400000.0
"187 Tôn Đức Thắng, Q6",phòng trọ,cho thuê,14.0,0,cơ bản,tốt,1800000.0
"44 Hàm Nghi, Q1",phòng trọ,cho thuê,17.0,0,không có,cũ,1800000.0
"101 Quốc tế, Q6",phòng trọ,cho thuê,16.0,0,đầy đủ,cũ,1400000.0
"58 Lam Sơn, Q9",phòng trọ,cho thuê,12.0,0,cơ bản,tốt,1000000.0
"27 Hàm Nghi, Q8",phòng trọ,cho thuê,9.0,0,đầy đủ,cũ,1400000.0
"67 Đồng Khởi, Q2",nhà nguyên căn,bán,34.0,2,cơ bản,tốt,2010200000.0
"114 Dân Chủ, Q7",nhà nguyên căn,cho thuê,42.0,2,đầy đủ,cũ,7500000.0
"153 Tôn Đức Thắng, Q7",chung cư,bán,120.0,17,cơ bản,mới,7027000000.0
"160 Nguyễn Trãi, Q2",phòng trọ,cho thuê,17.0,0,đầy đủ,cũ,1700000.0
"177 Hai Bà Trưng, Q6",chung cư,bán,84.0,2,đầy đủ,mới,2837600000.0
"199 Nguyễn Thị Minh Khai, Q6",phòng trọ,cho thuê,10.0,0,đầy đủ,tốt,1600000.0
"102 Phạm Văn Đồng, Q10",phòng trọ,cho thuê,10.0,0,không có,mới,1800000.0
"144 CMT8, Q9",phòng trọ,cho thuê,12.0,0,đầy đủ,cũ,900000.0
"119 Lý Tự Trọng, Q8",chung cư,bán,84.0,2,đầy đủ,cũ,6530600000.0
"137 Đồng Khởi, Q3",chung cư,bán,84.0,11,đầy đủ,tốt,5648700000.0
"17 Nguyễn Văn Linh, Q10",phòng trọ,cho thuê,15.0,0,không có,cũ,1000000.0
"119 Bùi Viện, Q5",chung cư,cho thuê,65.0,17,không có,tốt,4800000.0
"126 Phạm Ngũ Lão, Q8",nhà nguyên căn,cho thuê,42.0,3,đầy đủ,mới,19000000.0
"166 Võ Chí Công, Q3",phòng trọ,cho thuê,12.0,0,đầy đủ,mới,2300000.0
"11 Lý Thường Kiệt, Q2",phòng trọ,cho thuê,18.0,0,cơ bản,cũ,1700000.0
"108 Lê Văn Duyệt, Q7",phòng trọ,cho thuê,15.0,0,cơ bản,cũ,900000.0
"7 Lam Sơn, Q8",phòng trọ,cho thuê,9.0,0,không có,cũ,700000.0
"199 Pasteur, Q4",phòng trọ,cho thuê,10.0,0,không có,tốt,1100000.0
"121 Cách Mạng Tháng Tám, Q4",phòng trọ,cho thuê,19.0,0,đầy đủ,mới,2300000.0
"155 Nam Kỳ Khởi Nghĩa, Q6",phòng trọ,cho thuê,9.0,0,đầy đủ,tốt,1600000.0
"97 Cách Mạng Tháng Tám, Q1",nhà nguyên căn,cho thuê,37.0,3,cơ bản,cũ,7000000.0
"68 Rừng Sác, Q7",văn phòng,cho thuê,305.0,20,đầy đủ,mới,219400000.0
"161 Rừng Sác, Q9",phòng trọ,cho thuê,13.0,0,không có,tốt,1300000.0
"122 Châu Văn Liêm, Q2",phòng trọ,cho thuê,13.0,0,cơ bản,tốt,1300000.0
"55 Nguyễn Thị Minh Khai, Q3",phòng trọ,cho thuê,11.0,0,cơ bản,tốt,800000.0
"107 Tôn Đức Thắng, Q2",phòng trọ,cho thuê,10.0,0,đầy đủ,tốt,1600000.0
"117 Nguyễn Huệ, Q5",phòng trọ,cho thuê,16.0,0,cơ bản,tốt,3100000.0
"50 Xô Viết Nghệ Tĩnh, Q8",chung cư,bán,124.0,15,không có,tốt,7220400000.0
"19 Lê Lợi, Q6",nhà nguyên căn,bán,36.0,1,đầy đủ,cũ,1498200000.0
"113 Lam Sơn, Q1",nhà nguyên căn,cho thuê,30.0,5,không có,cũ,14800000.0
"71 Mai Chí Thọ, Q8",phòng trọ,cho thuê,16.0,0,đầy đủ,cũ,2700000.0
"51 Hùng Vương, Q3",chung cư,bán,75.0,20,không có,cũ,4464300000.0
"127 Lam Sơn, Q7",phòng trọ,cho thuê,17.0,0,đầy đủ,mới,2800000.0
"160 Trần Hưng Đạo, Q4",phòng trọ,cho thuê,13.0,0,đầy đủ,tốt,2200000.0
"193 Lý Thường Kiệt, Q10",nhà nguyên căn,bán,29.0,2,cơ bản,tốt,2167100000.0
"189 Lê Văn Duyệt, Q1",phòng trọ,cho thuê,10.0,0,đầy đủ,cũ,1500000.0
"81 Phạm Văn Đồng, Q1",nhà nguyên căn,bán,28.0,3,đầy đủ,mới,6739300000.0
"191 Nguyễn Văn Linh, Q4",phòng trọ,cho thuê,9.0,0,không có,tốt,1100000.0
"53 Châu Văn Liêm, Q9",phòng trọ,cho thuê,11.0,0,cơ bản,cũ,600000.0
"2 Lê Lợi, Q6",phòng trọ,cho thuê,14.0,0,không có,tốt,1300000.0
"64 Lý Tự Trọng, Q8",phòng trọ,cho thuê,13.0,0,đầy đủ,mới,2500000.0
"91 Lý Thường Kiệt, Q7",phòng trọ,cho thuê,17.0,0,không có,mới,2300000.0
"69 Rừng Sác, Q1",phòng trọ,cho thuê,20.0,0,cơ bản,cũ,2600000.0
"72 Lê Duẩn, Q9",phòng trọ,cho thuê,11.0,0,không có,cũ,1300000.0
"87 Xô Viết Nghệ Tĩnh, Q2",chung cư,bán,75.0,8,đầy đủ,mới,6518500000.0
"185 Cách Mạng Tháng Tám, Q1",phòng trọ,cho thuê,13.0,0,không có,cũ,1800000.0
"185 Lạc Long Quân, Q2",nhà nguyên căn,cho thuê,36.0,3,đầy đủ,mới,14100000.0
"53 Phạm Văn Đồng, Q4",phòng trọ,cho thuê,12.0,0,đầy đủ,mới,800000.0
"5 Trần Hưng Đạo, Q10",phòng trọ,cho thuê,19.0,0,đầy đủ,mới,2400000.0
"85 Tôn Đức Thắng, Q10",chung cư,bán,120.0,10,không có,cũ,6233700000.0
"169 Võ Nguyên Giáp, Q8",nhà nguyên căn,cho thuê,37.0,2,không có,mới,6200000.0
"193 Võ Chí Công, Q5",phòng trọ,cho thuê,20.0,0,không có,mới,1700000.0
"4 Dân Chủ, Q7",phòng trọ,cho thuê,16.0,0,không có,mới,1600000.0
"48 Phạm Văn Đồng, Q5",chung cư,bán,90.0,5,không có,mới,7132000000.0
"39 Dân Chủ, Q9",phòng trọ,cho thuê,16.0,0,cơ bản,tốt,2000000.0
"185 Lũy Bán Bích, Q5",nhà nguyên căn,cho thuê,40.0,1,đầy đủ,cũ,6400000.0
"145 Lũy Bán Bích, Q7",phòng trọ,cho thuê,11.0,0,không có,cũ,800000.0
"163 CMT8, Q3",phòng trọ,cho thuê,12.0,0,không có,cũ,1100000.0
"163 Dân Chủ, Q1",phòng trọ,cho thuê,13.0,0,không có,tốt,1200000.0
"172 Bùi Viện, Q1",phòng trọ,cho thuê,9.0,0,cơ bản,mới,1700000.0
"69 Dân Chủ, Q6",phòng trọ,cho thuê,18.0,0,đầy đủ,cũ,1400000.0
"8 Lạc Long Quân, Q6",phòng trọ,cho thuê,19.0,0,cơ bản,mới,1300000.0
"190 Võ Chí Công, Q1",phòng trọ,cho thuê,12.0,0,cơ bản,mới,1100000.0
"51 Quách Thị Trang, Q8",phòng trọ,cho thuê,19.0,0,đầy đủ,tốt,2200000.0
"37 Lạc Long Quân, Q10",phòng trọ,cho thuê,12.0,0,đầy đủ,mới,3200000.0
"5 Quốc tế, Q7",phòng trọ,cho thuê,15.0,0,cơ bản,tốt,1600000.0
"99 Quách Thị Trang, Q5",phòng trọ,cho thuê,19.0,0,cơ bản,cũ,1800000.0
"66 Quốc tế, Q4",phòng trọ,cho thuê,11.0,0,không có,tốt,1100000.0
"102 Hùng Vương, Q5",phòng trọ,cho thuê,15.0,0,cơ bản,mới,2500000.0
"89 Bùi Viện, Q10",văn phòng,cho thuê,315.0,18,đầy đủ,cũ,425300000.0
"154 Âu Cơ, Q10",phòng trọ,cho thuê,19.0,0,không có,mới,3500000.0
"177 Dân Chủ, Q4",nhà nguyên căn,cho thuê,44.0,4,không có,mới,28900000.0
"176 Xô Viết Nghệ Tĩnh, Q4",phòng trọ,cho thuê,19.0,0,cơ bản,cũ,2200000.0
"146 Dân Chủ, Q1",phòng trọ,cho thuê,11.0,0,không có,mới,1000000.0
"146 Lê Văn Duyệt, Q7",phòng trọ,cho thuê,16.0,0,cơ bản,tốt,1900000.0
"83 Lê Duẩn, Q2",phòng trọ,cho thuê,12.0,0,không có,mới,900000.0
"191 Cách Mạng Tháng Tám, Q3",nhà nguyên căn,bán,37.0,2,không có,cũ,5114400000.0
"39 Dân Chủ, Q10",phòng trọ,cho thuê,10.0,0,không có,cũ,1300000.0
"68 Mê Linh, Q10",chung cư,bán,120.0,19,không có,mới,4053900000.0
"27 Hàm Nghi, Q3",phòng trọ,cho thuê,19.0,0,không có,mới,3500000.0
"200 Lê Văn Duyệt, Q2",phòng trọ,cho thuê,13.0,0,không có,mới,1600000.0
"66 Hai Bà Trưng, Q4",phòng trọ,cho thuê,17.0,0,đầy đủ,mới,1400000.0
"88 Nguyễn Thị Minh Khai, Q8",phòng trọ,cho thuê,15.0,0,không có,cũ,1000000.0
"91 Tôn Đức Thắng, Q4",phòng trọ,cho thuê,13.0,0,không có,mới,800000.0
"129 Đồng Khởi, Q3",nhà nguyên căn,bán,31.0,5,không có,cũ,12694800000.0
"181 Mê Linh, Q9",phòng trọ,cho thuê,18.0,0,cơ bản,cũ,2200000.0
"184 Trần Hưng Đạo, Q1",phòng trọ,cho thuê,10.0,0,không có,tốt,1000000.0
"128 Hải Thượng Lãn Ông, Q6",phòng trọ,cho thuê,16.0,0,đầy đủ,cũ,1800000.0
"77 Quốc tế, Q1",chung cư,bán,75.0,19,đầy đủ,cũ,3136000000.0
"85 Quốc tế, Q2",phòng trọ,cho thuê,20.0,0,cơ bản,mới,1400000.0
"150 Lam Sơn, Q8",phòng trọ,cho thuê,11.0,0,đầy đủ,mới,1600000.0
"124 Nguyễn Huệ, Q1",phòng trọ,cho thuê,13.0,0,không có,tốt,900000.0
"47 Quách Thị Trang, Q5",nhà nguyên căn,cho thuê,28.0,5,không có,cũ,21100000.0
"199 Nguyễn Huệ, Q4",nhà nguyên căn,cho thuê,33.0,2,cơ bản,tốt,10700000.0
"175 Phạm Ngũ Lão, Q6",văn phòng,cho thuê,390.0,12,không có,cũ,219900000.0
"149 Nguyễn Huệ, Q8",nhà nguyên căn,bán,33.0,1,không có,cũ,2026900000.0
"67 Trường Chinh, Q8",phòng trọ,cho thuê,16.0,0,không có,cũ,1500000.0
"49 Hai Bà Trưng, Q4",phòng trọ,cho thuê,15.0,0,đầy đủ,cũ,2300000.0
"76 Mê Linh, Q10",phòng trọ,cho thuê,10.0,0,cơ bản,mới,1700000.0
"74 Nguyễn Huệ, Q6",phòng trọ,cho thuê,9.0,0,không có,tốt,500000.0
"113 Nguyễn Hữu Cảnh, Q8",nhà nguyên căn,cho thuê,33.0,2,cơ bản,cũ,7600000.0
"184 Quách Thị Trang, Q1",phòng trọ,cho thuê,10.0,0,đầy đủ,tốt,1100000.0
"68 Quốc tế, Q2",phòng trọ,cho thuê,20.0,0,đầy đủ,cũ,3200000.0
"194 Mê Linh, Q6",phòng trọ,cho thuê,13.0,0,đầy đủ,cũ,1900000.0
"18 Xô Viết Nghệ Tĩnh, Q10",chung cư,bán,65.0,5,cơ bản,cũ,1638600000.0
"22 Nam Kỳ Khởi Nghĩa, Q10",phòng trọ,cho thuê,10.0,0,đầy đủ,cũ,1800000.0
"148 Lam Sơn, Q4",phòng trọ,cho thuê,14.0,0,cơ bản,cũ,700000.0
"200 Pasteur, Q6",phòng trọ,cho thuê,13.0,0,cơ bản,mới,1600000.0
"13 Pasteur, Q10",chung cư,bán,90.0,1,không có,tốt,3101000000.0
"85 Âu Cơ, Q10",phòng trọ,cho thuê,16.0,0,không có,tốt,2000000.0
"93 Hùng Vương, Q6",phòng trọ,cho thuê,16.0,0,đầy đủ,cũ,2600000.0
"140 Lê Lợi, Q7",văn phòng,cho thuê,515.0,19,không có,mới,804800000.0
"195 Tôn Đức Thắng, Q3",phòng trọ,cho thuê,11.0,0,đầy đủ,tốt,1200000.0
"123 Phạm Văn Đồng, Q3",phòng trọ,cho thuê,17.0,0,không có,mới,2800000.0
"155 Lê Duẩn, Q2",phòng trọ,cho thuê,16.0,0,đầy đủ,mới,1300000.0
"134 Cách Mạng Tháng Tám, Q9",phòng trọ,cho thuê,19.0,0,đầy đủ,tốt,2000000.0
"135 Quách Thị Trang, Q5",phòng trọ,cho thuê,11.0,0,cơ bản,mới,1900000.0
"13 Tôn Đức Thắng, Q5",phòng trọ,cho thuê,20.0,0,đầy đủ,mới,2900000.0
"24 Tôn Đức Thắng, Q9",văn phòng,cho thuê,220.0,19,cơ bản,mới,290500000.0
"58 Võ Nguyên Giáp, Q9",nhà nguyên căn,bán,34.0,2,không có,tốt,2112400000.0
"72 Mê Linh, Q1",nhà nguyên căn,cho thuê,33.0,4,cơ bản,mới,19600000.0
"186 Võ Nguyên Giáp, Q3",nhà nguyên căn,bán,27.0,3,cơ bản,cũ,3029900000.0
"165 Công xã Paris, Q8",nhà nguyên căn,cho thuê,44.0,5,đầy đủ,mới,31500000.0
"178 Tôn Đức Thắng, Q3",phòng trọ,cho thuê,15.0,0,đầy đủ,tốt,2300000.0
"75 Hùng Vương, Q7",chung cư,bán,75.0,19,không có,mới,5543700000.0
"138 Lê Duẩn, Q2",phòng trọ,cho thuê,17.0,0,cơ bản,cũ,1200000.0
"162 Mai Chí Thọ, Q8",phòng trọ,cho thuê,13.0,0,cơ bản,tốt,900000.0
"186 Lê Lợi, Q8",phòng trọ,cho thuê,19.0,0,cơ bản,cũ,1100000.0
"161 Trần Hưng Đạo, Q6",phòng trọ,cho thuê,18.0,0,đầy đủ,tốt,2900000.0
"170 Phạm Văn Đồng, Q2",phòng trọ,cho thuê,19.0,0,đầy đủ,mới,3800000.0
"139 Võ Nguyên Giáp, Q6",phòng trọ,cho thuê,11.0,0,cơ bản,cũ,1300000.0
"72 Nguyễn Trãi, Q8",phòng trọ,cho thuê,13.0,0,đầy đủ,cũ,800000.0
"76 Lạc Long Quân, Q8",văn phòng,cho thuê,430.0,18,cơ bản,cũ,289600000.0
"41 Võ Nguyên Giáp, Q9",phòng trọ,cho thuê,9.0,0,cơ bản,tốt,500000.0
"5 Hai Bà Trưng, Q8",văn phòng,cho thuê,150.0,13,cơ bản,mới,99400000.0
"102 Pasteur, Q8",nhà nguyên căn,cho thuê,41.0,3,đầy đủ,tốt,16000000.0
"192 Nguyễn Văn Linh, Q6",phòng trọ,cho thuê,15.0,0,cơ bản,tốt,1300000.0
"27 Mê Linh, Q9",văn phòng,cho thuê,225.0,1,không có,tốt,187000000.0
"179 Võ Nguyên Giáp, Q7",phòng trọ,cho thuê,15.0,0,cơ bản,cũ,1100000.0
"19 Dân Chủ, Q3",chung cư,bán,90.0,3,đầy đủ,mới,8251900000.0
"104 Quốc tế, Q4",phòng trọ,cho thuê,16.0,0,đầy đủ,tốt,2100000.0
"24 Pasteur, Q2",phòng trọ,cho thuê,13.0,0,cơ bản,cũ,800000.0
"13 Lý Thường Kiệt, Q6",nhà nguyên căn,bán,32.0,5,cơ bản,cũ,4553000000.0
"180 Tôn Đức Thắng, Q4",văn phòng,cho thuê,450.0,11,không có,mới,290500000.0
"120 Nguyễn Trãi, Q5",phòng trọ,cho thuê,9.0,0,đầy đủ,cũ,800000.0
"173 Lý Thường Kiệt, Q2",phòng trọ,cho thuê,17.0,0,không có,cũ,900000.0
"139 Âu Cơ, Q9",phòng trọ,cho thuê,9.0,0,không có,cũ,1200000.0
"116 CMT8, Q7",phòng trọ,cho thuê,19.0,0,đầy đủ,mới,3900000.0
"11 Lê Văn Duyệt, Q8",phòng trọ,cho thuê,12.0,0,đầy đủ,mới,1700000.0
"41 Võ Nguyên Giáp, Q4",phòng trọ,cho thuê,16.0,0,cơ bản,tốt,1900000.0
"122 Đồng Khởi, Q8",chung cư,cho thuê,120.0,12,cơ bản,mới,11700000.0
"158 Châu Văn Liêm, Q5",phòng trọ,cho thuê,17.0,0,cơ bản,mới,3200000.0
"88 Hải Thượng Lãn Ông, Q4",chung cư,bán,70.0,6,không có,tốt,3950100000.0
"161 Mê Linh, Q5",văn phòng,cho thuê,555.0,9,không có,cũ,689600000.0
"119 Công xã Paris, Q5",phòng trọ,cho thuê,19.0,0,không có,tốt,2900000.0
"149 Nguyễn Hữu Cảnh, Q8",phòng trọ,cho thuê,15.0,0,cơ bản,tốt,1900000.0
"24 Quốc tế, Q5",nhà nguyên căn,bán,40.0,5,cơ bản,cũ,14483500000.0
"162 Nguyễn Văn Linh, Q10",phòng trọ,cho thuê,9.0,0,không có,mới,1000000.0
"200 Nguyễn Hữu Cảnh, Q10",phòng trọ,cho thuê,11.0,0,cơ bản,tốt,1000000.0
"47 Lam Sơn, Q8",phòng trọ,cho thuê,18.0,0,đầy đủ,mới,3400000.0
"167 Mai Chí Thọ, Q4",văn phòng,cho thuê,460.0,19,cơ bản,cũ,302900000.0
"50 Châu Văn Liêm, Q2",phòng trọ,cho thuê,11.0,0,không có,tốt,900000.0
"134 Bùi Viện, Q1",phòng trọ,cho thuê,14.0,0,không có,mới,2400000.0
"113 Quốc tế, Q10",phòng trọ,cho thuê,10.0,0,cơ bản,cũ,1100000.0
"150 Rừng Sác, Q7",phòng trọ,cho thuê,19.0,0,cơ bản,cũ,1400000.0
"21 Quốc tế, Q1",phòng trọ,cho thuê,13.0,0,đầy đủ,cũ,1900000.0
"93 Hàm Nghi, Q2",phòng trọ,cho thuê,15.0,0,đầy đủ,cũ,1200000.0
"171 Châu Văn Liêm, Q9",phòng trọ,cho thuê,17.0,0,cơ bản,mới,1700000.0
"163 Lạc Long Quân, Q10",phòng trọ,cho thuê,14.0,0,không có,tốt,1800000.0
"12 Nguyễn Thị Minh Khai, Q2",nhà nguyên căn,cho thuê,32.0,2,đầy đủ,cũ,10300000.0
"143 Mê Linh, Q1",phòng trọ,cho thuê,12.0,0,đầy đủ,cũ,2000000.0
"112 Pasteur, Q2",phòng trọ,cho thuê,19.0,0,đầy đủ,tốt,3100000.0
"61 Mê Linh, Q3",phòng trọ,cho thuê,17.0,0,đầy đủ,tốt,1200000.0
"104 Châu Văn Liêm, Q5",chung cư,bán,75.0,14,đầy đủ,mới,4307400000.0
"161 Xô Viết Nghệ Tĩnh, Q4",phòng trọ,cho thuê,18.0,0,cơ bản,mới,2000000.0
"12 Lam Sơn, Q1",chung cư,bán,65.0,6,không có,cũ,4852400000.0
"82 Mai Chí Thọ, Q10",nhà nguyên căn,bán,30.0,1,cơ bản,cũ,1517200000.0
"67 Quốc tế, Q6",phòng trọ,cho thuê,16.0,0,cơ bản,cũ,1000000.0
"117 Xô Viết Nghệ Tĩnh, Q5",phòng trọ,cho thuê,13.0,0,đầy đủ,mới,2500000.0
"191 Pasteur, Q1",phòng trọ,cho thuê,17.0,0,đầy đủ,tốt,2300000.0
"129 Võ Nguyên Giáp, Q4",phòng trọ,cho thuê,20.0,0,không có,cũ,2100000.0
"108 CMT8, Q9",phòng trọ,cho thuê,20.0,0,không có,mới,3300000.0
"54 Mê Linh, Q4",phòng trọ,cho thuê,20.0,0,cơ bản,mới,2200000.0
"141 Võ Nguyên Giáp, Q3",chung cư,bán,84.0,5,đầy đủ,tốt,6101100000.0
"98 Mai Chí Thọ, Q5",phòng trọ,cho thuê,10.0,0,đầy đủ,mới,900000.0
"38 Trần Hưng Đạo, Q9",nhà nguyên căn,cho thuê,31.0,1,cơ bản,mới,3600000.0
"16 Võ Nguyên Giáp, Q9",phòng trọ,cho thuê,15.0,0,cơ bản,mới,900000.0
"83 Pasteur, Q6",chung cư,bán,75.0,13,không có,tốt,3768700000.0
"168 Hàm Nghi, Q5",phòng trọ,cho thuê,16.0,0,không có,mới,3100000.0
"153 Cách Mạng Tháng Tám, Q9",phòng trọ,cho thuê,10.0,0,đầy đủ,mới,1500000.0
"148 Lý Thường Kiệt, Q7",phòng trọ,cho thuê,18.0,0,cơ bản,cũ,2200000.0
"113 Mê Linh, Q4",chung cư,bán,65.0,10,đầy đủ,mới,3316500000.0
"154 Phạm Văn Đồng, Q9",phòng trọ,cho thuê,18.0,0,đầy đủ,tốt,1900000.0
"4 Âu Cơ, Q8",phòng trọ,cho thuê,17.0,0,không có,mới,2000000.0
"28 Nguyễn Thị Minh Khai, Q10",nhà nguyên căn,cho thuê,35.0,4,không có,tốt,15100000.0
"197 Lý Tự Trọng, Q10",phòng trọ,cho thuê,15.0,0,đầy đủ,tốt,3100000.0
"144 Xô Viết Nghệ Tĩnh, Q4",phòng trọ,cho thuê,14.0,0,đầy đủ,tốt,1800000.0
"79 Phạm Văn Đồng, Q1",phòng trọ,cho thuê,14.0,0,không có,mới,2200000.0
"186 Nguyễn Trãi, Q9",phòng trọ,cho thuê,13.0,0,không có,cũ,1100000.0
"1 Lạc Long Quân, Q8",phòng trọ,cho thuê,13.0,0,không có,cũ,1500000.0
"98 Lê Lợi, Q3",nhà nguyên căn,bán,40.0,3,cơ bản,mới,10159100000.0
"73 Trần Hưng Đạo, Q2",nhà nguyên căn,bán,38.0,4,không có,tốt,6771400000.0
"37 Lê Văn Duyệt, Q10",phòng trọ,cho thuê,15.0,0,cơ bản,mới,3000000.0
"51 Trường Chinh, Q9",nhà nguyên căn,bán,32.0,2,đầy đủ,mới,5340200000.0
"175 Trường Chinh, Q1",nhà nguyên căn,bán,39.0,1,cơ bản,cũ,3476900000.0
"118 Mai Chí Thọ, Q9",phòng trọ,cho thuê,12.0,0,không có,mới,800000.0
"81 Nguyễn Trãi, Q10",phòng trọ,cho thuê,13.0,0,cơ bản,mới,1200000.0
"192 Lý Tự Trọng, Q2",phòng trọ,cho thuê,9.0,0,cơ bản,cũ,600000.0
"98 Lê Văn Duyệt, Q10",phòng trọ,cho thuê,14.0,0,không có,mới,2700000.0
"28 Nguyễn Trãi, Q3",phòng trọ,cho thuê,14.0,0,cơ bản,mới,2100000.0
"73 Châu Văn Liêm, Q3",chung cư,cho thuê,65.0,7,đầy đủ,mới,9400000.0
"27 Nguyễn Thị Minh Khai, Q5",phòng trọ,cho thuê,18.0,0,cơ bản,tốt,2200000.0
"109 Lũy Bán Bích, Q8",chung cư,bán,90.0,17,không có,mới,4656300000.0
"62 Phạm Văn Đồng, Q1",phòng trọ,cho thuê,20.0,0,không có,tốt,2800000.0
"50 Lê Văn Duyệt, Q1",phòng trọ,cho thuê,15.0,0,đầy đủ,mới,1200000.0
"125 Rừng Sác, Q9",phòng trọ,cho thuê,16.0,0,cơ bản,cũ,1100000.0
"177 Rừng Sác, Q2",phòng trọ,cho thuê,20.0,0,không có,mới,3500000.0
"95 Nam Kỳ Khởi Nghĩa, Q3",nhà nguyên căn,cho thuê,32.0,2,không có,tốt,6600000.0
"129 Nguyễn Hữu Cảnh, Q6",phòng trọ,cho thuê,15.0,0,không có,tốt,1200000.0
"84 Quách Thị Trang, Q8",phòng trọ,cho thuê,11.0,0,đầy đủ,cũ,900000.0
"69 Võ Chí Công, Q5",phòng trọ,cho thuê,15.0,0,cơ bản,cũ,1900000.0
"192 Tôn Đức Thắng, Q9",phòng trọ,cho thuê,19.0,0,không có,tốt,2500000.0
"129 Võ Chí Công, Q6",phòng trọ,cho thuê,20.0,0,đầy đủ,mới,2700000.0
"120 Lê Duẩn, Q3",nhà nguyên căn,cho thuê,29.0,5,đầy đủ,tốt,22500000.0
"158 Trường Chinh, Q1",phòng trọ,cho thuê,18.0,0,không có,cũ,1300000.0
"171 Lê Văn Duyệt, Q8",phòng trọ,cho thuê,11.0,0,không có,cũ,700000.0
"120 Trường Chinh, Q2",chung cư,bán,124.0,16,cơ bản,mới,3444400000.0
"69 Lê Duẩn, Q4",nhà nguyên căn,cho thuê,37.0,2,cơ bản,cũ,7800000.0
"62 Hàm Nghi, Q8",nhà nguyên căn,cho thuê,30.0,2,cơ bản,tốt,5500000.0
"20 Pasteur, Q8",văn phòng,cho thuê,280.0,15,không có,tốt,341500000.0
"2 Nam Kỳ Khởi Nghĩa, Q2",phòng trọ,cho thuê,17.0,0,đầy đủ,mới,3300000.0
"115 Châu Văn Liêm, Q6",phòng trọ,cho thuê,19.0,0,không có,tốt,1700000.0
"109 Mê Linh, Q9",phòng trọ,cho thuê,18.0,0,đầy đủ,tốt,2700000.0
"129 Nguyễn Thị Minh Khai, Q1",phòng trọ,cho thuê,19.0,0,cơ bản,mới,1800000.0
"8 Hùng Vương, Q9",phòng trọ,cho thuê,19.0,0,không có,cũ,2300000.0
"172 Âu Cơ, Q6",phòng trọ,cho thuê,19.0,0,cơ bản,cũ,1400000.0
"28 Mai Chí Thọ, Q3",chung cư,bán,65.0,15,đầy đủ,mới,4986000000.0
"123 Lê Duẩn, Q2",phòng trọ,cho thuê,17.0,0,cơ bản,cũ,2400000.0
"160 Đồng Khởi, Q7",nhà nguyên căn,bán,29.0,1,cơ bản,cũ,1213400000.0
"4 Lũy Bán Bích, Q7",phòng trọ,cho thuê,11.0,0,không có,mới,1400000.0
"139 Lê Lợi, Q6",phòng trọ,cho thuê,15.0,0,không có,cũ,1300000.0
"47 Hàm Nghi, Q8",chung cư,bán,75.0,19,đầy đủ,mới,6121600000.0
"75 Lê Duẩn, Q8",văn phòng,cho thuê,590.0,4,không có,cũ,844300000.0
"52 Lê Duẩn, Q4",phòng trọ,cho thuê,13.0,0,cơ bản,cũ,1200000.0
"49 Nguyễn Hữu Cảnh, Q1",phòng trọ,cho thuê,19.0,0,không có,cũ,2200000.0
"75 Hai Bà Trưng, Q1",phòng trọ,cho thuê,9.0,0,không có,tốt,1400000.0
"163 Rừng Sác, Q8",chung cư,cho thuê,75.0,19,cơ bản,tốt,4700000.0
"61 Hải Thượng Lãn Ông, Q2",phòng trọ,cho thuê,12.0,0,không có,cũ,1400000.0
"157 Nguyễn Hữu Cảnh, Q5",phòng trọ,cho thuê,12.0,0,đầy đủ,tốt,1800000.0
"82 Phạm Ngũ Lão, Q9",phòng trọ,cho thuê,18.0,0,đầy đủ,tốt,1900000.0
"164 Lê Duẩn, Q3",nhà nguyên căn,bán,28.0,1,cơ bản,mới,1572200000.0
"10 Xô Viết Nghệ Tĩnh, Q8",nhà nguyên căn,cho thuê,42.0,2,đầy đủ,mới,11400000.0
"162 Đồng Khởi, Q4",phòng trọ,cho thuê,14.0,0,cơ bản,tốt,1400000.0
"154 Võ Chí Công, Q1",phòng trọ,cho thuê,18.0,0,đầy đủ,mới,3500000.0
"60 Nguyễn Hữu Cảnh, Q6",nhà nguyên căn,cho thuê,36.0,3,cơ bản,cũ,5400000.0
"105 Hàm Nghi, Q10",phòng trọ,cho thuê,18.0,0,đầy đủ,tốt,1400000.0
"123 Tôn Đức Thắng, Q9",phòng trọ,cho thuê,20.0,0,không có,cũ,1600000.0
"60 Võ Chí Công, Q6",phòng trọ,cho thuê,16.0,0,không có,mới,1700000.0
"41 Lam Sơn, Q4",phòng trọ,cho thuê,10.0,0,đầy đủ,mới,1500000.0
"13 Hàm Nghi, Q1",nhà nguyên căn,cho thuê,33.0,2,cơ bản,cũ,10200000.0
"37 CMT8, Q6",nhà nguyên căn,cho thuê,41.0,1,không có,mới,4600000.0
"153 Âu Cơ, Q2",phòng trọ,cho thuê,19.0,0,đầy đủ,cũ,2100000.0
"88 Phạm Ngũ Lão, Q9",văn phòng,cho thuê,255.0,16,không có,mới,301300000.0
"117 Bùi Viện, Q3",phòng trọ,cho thuê,16.0,0,không có,mới,1000000.0
"110 Đồng Khởi, Q9",nhà nguyên căn,cho thuê,33.0,3,không có,tốt,11400000.0
"55 Nguyễn Văn Linh, Q1",phòng trọ,cho thuê,19.0,0,cơ bản,tốt,2100000.0
"116 Hai Bà Trưng, Q8",chung cư,bán,70.0,6,cơ bản,mới,4094700000.0
"127 Lê Lợi, Q7",phòng trọ,cho thuê,15.0,0,cơ bản,cũ,1700000.0
"121 Rừng Sác, Q1",phòng trọ,cho thuê,19.0,0,cơ bản,mới,3700000.0
"66 Lạc Long Quân, Q3",chung cư,bán,70.0,15,đầy đủ,tốt,5554300000.0
"82 Phạm Ngũ Lão, Q10",phòng trọ,cho thuê,9.0,0,đầy đủ,mới,1100000.0
"119 Nguyễn Huệ, Q7",phòng trọ,cho thuê,20.0,0,cơ bản,tốt,1100000.0
"56 Lê Văn Duyệt, Q10",phòng trọ,cho thuê,12.0,0,không có,cũ,1300000.0
"92 Mê Linh, Q10",phòng trọ,cho thuê,9.0,0,cơ bản,tốt,1800000.0
"160 Hải Thượng Lãn Ông, Q6",phòng trọ,cho thuê,18.0,0,cơ bản,cũ,1300000.0
"43 Nguyễn Hữu Cảnh, Q6",phòng trọ,cho thuê,19.0,0,đầy đủ,tốt,2400000.0
"98 Phạm Ngũ Lão, Q5",phòng trọ,cho thuê,11.0,0,không có,mới,1100000.0
"68 Lạc Long Quân, Q5",nhà nguyên căn,bán,44.0,3,không có,mới,10717200000.0
"98 Cách Mạng Tháng Tám, Q8",phòng trọ,cho thuê,20.0,0,đầy đủ,tốt,3600000.0
"71 Rừng Sác, Q6",nhà nguyên căn,bán,28.0,1,đầy đủ,tốt,1180800000.0
"86 Lý Thường Kiệt, Q6",phòng trọ,cho thuê,12.0,0,không có,cũ,900000.0
"91 Dân Chủ, Q9",phòng trọ,cho thuê,17.0,0,không có,cũ,1100000.0
"188 Nguyễn Trãi, Q3",phòng trọ,cho thuê,18.0,0,không có,cũ,2300000.0
"95 Phạm Ngũ Lão, Q1",phòng trọ,cho thuê,15.0,0,không có,tốt,2300000.0
"129 Lê Lợi, Q4",phòng trọ,cho thuê,11.0,0,đầy đủ,mới,1800000.0
"200 Đồng Khởi, Q8",phòng trọ,cho thuê,14.0,0,không có,cũ,700000.0
"65 Đồng Khởi, Q5",phòng trọ,cho thuê,17.0,0,không có,cũ,2100000.0
"41 Võ Chí Công, Q2",phòng trọ,cho thuê,13.0,0,không có,tốt,1300000.0
"63 Phạm Văn Đồng, Q2",nhà nguyên căn,cho thuê,36.0,3,không có,cũ,13200000.0
"130 Trần Hưng Đạo, Q8",phòng trọ,cho thuê,13.0,0,không có,cũ,600000.0
"130 Mê Linh, Q8",phòng trọ,cho thuê,10.0,0,cơ bản,cũ,800000.0
"194 Lý Tự Trọng, Q2",nhà nguyên căn,bán,28.0,2,không có,cũ,2301000000.0
"184 Mai Chí Thọ, Q2",nhà nguyên căn,cho thuê,32.0,1,cơ bản,tốt,2900000.0
"196 Tôn Đức Thắng, Q8",phòng trọ,cho thuê,9.0,0,đầy đủ,mới,1100000.0
"8 Rừng Sác, Q2",phòng trọ,cho thuê,15.0,0,đầy đủ,cũ,1700000.0
"128 Mê Linh, Q9",nhà nguyên căn,bán,27.0,2,đầy đủ,tốt,3759600000.0
"128 Âu Cơ, Q7",phòng trọ,cho thuê,12.0,0,không có,cũ,1500000.0
"114 Hùng Vương, Q2",phòng trọ,cho thuê,18.0,0,không có,tốt,1800000.0
"3 Xô Viết Nghệ Tĩnh, Q2",phòng trọ,cho thuê,13.0,0,đầy đủ,tốt,1800000.0
"59 Dân Chủ, Q8",phòng trọ,cho thuê,16.0,0,không có,tốt,1900000.0
"45 Hải Thượng Lãn Ông, Q4",phòng trọ,cho thuê,10.0,0,cơ bản,tốt,1400000.0
"200 Nguyễn Trãi, Q2",phòng trọ,cho thuê,12.0,0,không có,tốt,1200000.0
"199 Trần Hưng Đạo, Q2",phòng trọ,cho thuê,17.0,0,đầy đủ,tốt,1300000.0
"45 Lê Lợi, Q4",chung cư,cho thuê,120.0,11,đầy đủ,tốt,15900000.0
"165 Hùng Vương, Q7",phòng trọ,cho thuê,14.0,0,đầy đủ,mới,900000.0
"155 Phạm Văn Đồng, Q6",phòng trọ,cho thuê,20.0,0,không có,tốt,2600000.0
"113 Nam Kỳ Khởi Nghĩa, Q10",chung cư,bán,65.0,20,cơ bản,cũ,3612800000.0
"75 Võ Chí Công, Q7",phòng trọ,cho thuê,16.0,0,cơ bản,tốt,1400000.0
"177 Lý Tự Trọng, Q2",nhà nguyên căn,bán,42.0,5,không có,tốt,12676000000.0
"160 Võ Chí Công, Q10",phòng trọ,cho thuê,18.0,0,không có,cũ,1500000.0
"129 Quách Thị Trang, Q9",phòng trọ,cho thuê,19.0,0,không có,mới,1600000.0
"167 Lê Lợi, Q8",phòng trọ,cho thuê,17.0,0,đầy đủ,mới,1500000.0
"186 Lý Tự Trọng, Q7",phòng trọ,cho thuê,18.0,0,không có,mới,1400000.0
"131 Nguyễn Thị Minh Khai, Q1",phòng trọ,cho thuê,16.0,0,không có,tốt,1100000.0
"30 Võ Nguyên Giáp, Q8",phòng trọ,cho thuê,20.0,0,đầy đủ,cũ,2900000.0
"18 Võ Chí Công, Q6",phòng trọ,cho thuê,9.0,0,không có,cũ,500000.0
"10 Hùng Vương, Q9",phòng trọ,cho thuê,9.0,0,đầy đủ,mới,900000.0
"42 Dân Chủ, Q8",nhà nguyên căn,bán,35.0,4,đầy đủ,tốt,10915200000.0
"134 Hùng Vương, Q1",phòng trọ,cho thuê,16.0,0,không có,mới,2000000.0
"31 Dân Chủ, Q8",chung cư,cho thuê,84.0,12,đầy đủ,mới,17000000.0
"74 Nguyễn Thị Minh Khai, Q9",văn phòng,cho thuê,260.0,16,không có,mới,436100000.0
"60 Lê Lợi, Q4",nhà nguyên căn,cho thuê,27.0,2,cơ bản,tốt,3200000.0
"36 Mê Linh, Q1",phòng trọ,cho thuê,14.0,0,cơ bản,cũ,2200000.0
"193 Lam Sơn, Q1",phòng trọ,cho thuê,16.0,0,đầy đủ,mới,3600000.0
"124 Quốc tế, Q6",nhà nguyên căn,bán,32.0,4,không có,tốt,5944900000.0
"93 Xô Viết Nghệ Tĩnh, Q6",phòng trọ,cho thuê,12.0,0,không có,tốt,1600000.0
"179 Đồng Khởi, Q5",phòng trọ,cho thuê,19.0,0,đầy đủ,tốt,2900000.0
"150 Lê Lợi, Q8",phòng trọ,cho thuê,11.0,0,đầy đủ,cũ,1200000.0
"198 Pasteur, Q6",phòng trọ,cho thuê,16.0,0,cơ bản,tốt,2400000.0
"114 Nguyễn Thị Minh Khai, Q1",phòng trọ,cho thuê,12.0,0,cơ bản,cũ,1400000.0
"169 Quốc tế, Q5",phòng trọ,cho thuê,14.0,0,đầy đủ,tốt,1700000.0
"57 Nam Kỳ Khởi Nghĩa, Q4",phòng trọ,cho thuê,18.0,0,không có,cũ,2500000.0
"101 Phạm Ngũ Lão, Q10",nhà nguyên căn,cho thuê,40.0,3,không có,tốt,14300000.0
"165 Hải Thượng Lãn Ông, Q6",chung cư,bán,90.0,9,đầy đủ,cũ,6129400000.0
"19 Mê Linh, Q1",phòng trọ,cho thuê,13.0,0,không có,mới,2700000.0
"176 Dân Chủ, Q6",phòng trọ,cho thuê,12.0,0,đầy đủ,cũ,700000.0
"179 Lạc Long Quân, Q2",phòng trọ,cho thuê,19.0,0,đầy đủ,mới,2300000.0
"166 Âu Cơ, Q8",phòng trọ,cho thuê,19.0,0,không có,mới,2300000.0
"79 Nguyễn Huệ, Q4",phòng trọ,cho thuê,18.0,0,không có,tốt,1600000.0
"57 Lý Thường Kiệt, Q10",văn phòng,cho thuê,520.0,19,không có,tốt,253800000.0
"29 Nguyễn Huệ, Q8",phòng trọ,cho thuê,17.0,0,không có,mới,1500000.0
"152 Lý Tự Trọng, Q7",phòng trọ,cho thuê,20.0,0,đầy đủ,tốt,1700000.0
"56 Lý Tự Trọng, Q9",phòng trọ,cho thuê,11.0,0,không có,tốt,1000000.0
"52 Mai Chí Thọ, Q8",chung cư,cho thuê,75.0,14,không có,mới,10300000.0
"165 Cách Mạng Tháng Tám, Q5",nhà nguyên căn,bán,40.0,3,cơ bản,mới,8609900000.0
"125 Cách Mạng Tháng Tám, Q7",phòng trọ,cho thuê,20.0,0,không có,mới,2900000.0
"190 Lý Tự Trọng, Q9",chung cư,bán,120.0,8,đầy đủ,tốt,3780900000.0
"136 Hàm Nghi, Q8",phòng trọ,cho thuê,17.0,0,đầy đủ,mới,2400000.0
"180 Hàm Nghi, Q8",phòng trọ,cho thuê,12.0,0,đầy đủ,tốt,1800000.0
"171 Nguyễn Huệ, Q9",văn phòng,cho thuê,540.0,3,cơ bản,cũ,322900000.0
"83 Hùng Vương, Q8",phòng trọ,cho thuê,9.0,0,đầy đủ,tốt,700000.0
"62 Nguyễn Trãi, Q9",phòng trọ,cho thuê,13.0,0,đầy đủ,cũ,800000.0
"73 Rừng Sác, Q6",phòng trọ,cho thuê,17.0,0,đầy đủ,mới,1600000.0
"21 Công xã Paris, Q3",văn phòng,cho thuê,375.0,13,đầy đủ,tốt,904100000.0
"130 Nguyễn Hữu Cảnh, Q7",phòng trọ,cho thuê,20.0,0,không có,tốt,1700000.0
"76 Trường Chinh, Q1",phòng trọ,cho thuê,20.0,0,cơ bản,tốt,1600000.0
"190 Nguyễn Trãi, Q3",phòng trọ,cho thuê,12.0,0,không có,tốt,1400000.0
"70 Lam Sơn, Q4",phòng trọ,cho thuê,10.0,0,đầy đủ,cũ,800000.0
"53 CMT8, Q3",phòng trọ,cho thuê,10.0,0,không có,tốt,1600000.0
"2 Cách Mạng Tháng Tám, Q3",phòng trọ,cho thuê,14.0,0,không có,cũ,1500000.0
"188 Hùng Vương, Q8",phòng trọ,cho thuê,11.0,0,cơ bản,mới,1600000.0
"114 Phạm Văn Đồng, Q5",phòng trọ,cho thuê,18.0,0,cơ bản,cũ,1800000.0
"95 Quách Thị Trang, Q9",chung cư,cho thuê,75.0,16,cơ bản,cũ,9200000.0
"40 Phạm Văn Đồng, Q1",chung cư,bán,75.0,6,không có,tốt,5471800000.0
"131 Phạm Văn Đồng, Q10",chung cư,cho thuê,75.0,4,không có,tốt,10300000.0
"195 Hai Bà Trưng, Q6",phòng trọ,cho thuê,20.0,0,đầy đủ,mới,2300000.0
"46 Châu Văn Liêm, Q5",phòng trọ,cho thuê,12.0,0,không có,cũ,1700000.0
"179 Hai Bà Trưng, Q5",phòng trọ,cho thuê,11.0,0,đầy đủ,cũ,900000.0
"192 Hàm Nghi, Q6",phòng trọ,cho thuê,11.0,0,không có,mới,1300000.0
"130 Mê Linh, Q3",phòng trọ,cho thuê,14.0,0,cơ bản,mới,1000000.0
"170 Trường Chinh, Q7",nhà nguyên căn,cho thuê,39.0,5,cơ bản,tốt,17100000.0
"78 Nam Kỳ Khởi Nghĩa, Q8",phòng trọ,cho thuê,17.0,0,cơ bản,tốt,1600000.0
"184 Phạm Ngũ Lão, Q2",phòng trọ,cho thuê,20.0,0,không có,tốt,2600000.0
"26 Quách Thị Trang, Q9",phòng trọ,cho thuê,19.0,0,đầy đủ,cũ,2600000.0
"54 Lê Lợi, Q10",phòng trọ,cho thuê,20.0,0,cơ bản,cũ,1700000.0
"1 CMT8, Q3",phòng trọ,cho thuê,12.0,0,đầy đủ,mới,2600000.0
"102 Hai Bà Trưng, Q7",chung cư,bán,65.0,17,cơ bản,tốt,2922400000.0
"118 Lê Duẩn, Q9",văn phòng,bán,260.0,5,đầy đủ,mới,7962300000.0
"47 Hải Thượng Lãn Ông, Q4",phòng trọ,cho thuê,9.0,0,không có,tốt,1300000.0
"142 Lê Lợi, Q9",phòng trọ,cho thuê,16.0,0,đầy đủ,cũ,2100000.0
"86 Hàm Nghi, Q1",phòng trọ,cho thuê,15.0,0,đầy đủ,cũ,1200000.0
"65 CMT8, Q2",nhà nguyên căn,bán,33.0,2,cơ bản,mới,5090300000.0
"55 Võ Nguyên Giáp, Q5",phòng trọ,cho thuê,19.0,0,cơ bản,cũ,2700000.0
"110 Cách Mạng Tháng Tám, Q2",phòng trọ,cho thuê,18.0,0,không có,cũ,2000000.0
"141 Lê Văn Duyệt, Q7",nhà nguyên căn,bán,37.0,5,đầy đủ,tốt,15442000000.0
"41 Đồng Khởi, Q6",chung cư,cho thuê,75.0,8,cơ bản,mới,6100000.0
"144 Võ Nguyên Giáp, Q10",phòng trọ,cho thuê,20.0,0,đầy đủ,mới,3900000.0
"61 Lê Duẩn, Q1",phòng trọ,cho thuê,20.0,0,đầy đủ,tốt,4100000.0
"162 Phạm Văn Đồng, Q7",phòng trọ,cho thuê,10.0,0,cơ bản,cũ,1400000.0
"165 Công xã Paris, Q7",nhà nguyên căn,bán,40.0,1,không có,tốt,2702700000.0
"104 Võ Chí Công, Q9",chung cư,cho thuê,75.0,20,cơ bản,mới,5700000.0
"40 Phạm Văn Đồng, Q7",phòng trọ,cho thuê,19.0,0,cơ bản,mới,2200000.0
"48 CMT8, Q2",phòng trọ,cho thuê,15.0,0,không có,cũ,1600000.0
"41 Cách Mạng Tháng Tám, Q7",phòng trọ,cho thuê,18.0,0,cơ bản,tốt,1900000.0
"28 CMT8, Q3",nhà nguyên căn,bán,42.0,5,không có,tốt,11793500000.0
"29 Võ Chí Công, Q8",nhà nguyên căn,bán,36.0,1,không có,mới,2324800000.0
"83 Lý Tự Trọng, Q5",phòng trọ,cho thuê,19.0,0,đầy đủ,mới,1900000.0
"139 CMT8, Q5",nhà nguyên căn,cho thuê,36.0,1,cơ bản,mới,3400000.0
"2 Nguyễn Thị Minh Khai, Q7",phòng trọ,cho thuê,13.0,0,đầy đủ,mới,2100000.0
"8 Nguyễn Trãi, Q6",phòng trọ,cho thuê,9.0,0,không có,mới,1200000.0
"197 Châu Văn Liêm, Q2",phòng trọ,cho thuê,14.0,0,đầy đủ,mới,2400000.0
"163 Hải Thượng Lãn Ông, Q9",phòng trọ,cho thuê,9.0,0,cơ bản,tốt,600000.0
"177 Châu Văn Liêm, Q3",nhà nguyên căn,cho thuê,44.0,4,không có,mới,26800000.0
"114 Quách Thị Trang, Q4",phòng trọ,cho thuê,15.0,0,cơ bản,mới,1400000.0
"14 Phạm Văn Đồng, Q10",chung cư,bán,65.0,7,không có,cũ,2348600000.0
"174 Mê Linh, Q5",phòng trọ,cho thuê,18.0,0,đầy đủ,tốt,2000000.0
"1 Lê Lợi, Q5",phòng trọ,cho thuê,14.0,0,đầy đủ,tốt,2600000.0
"82 CMT8, Q7",phòng trọ,cho thuê,12.0,0,không có,cũ,900000.0
"114 Lạc Long Quân, Q3",chung cư,cho thuê,75.0,13,đầy đủ,cũ,6800000.0
"139 Nguyễn Thị Minh Khai, Q3",phòng trọ,cho thuê,14.0,0,cơ bản,tốt,1900000.0
"174 Âu Cơ, Q5",nhà nguyên căn,bán,41.0,2,đầy đủ,mới,7021500000.0
"72 CMT8, Q3",phòng trọ,cho thuê,11.0,0,không có,cũ,800000.0
"164 Nam Kỳ Khởi Nghĩa, Q4",phòng trọ,cho thuê,14.0,0,không có,tốt,1400000.0
"185 Lũy Bán Bích, Q2",chung cư,bán,65.0,3,không có,mới,3259700000.0
"162 Lý Tự Trọng, Q5",văn phòng,bán,195.0,9,cơ bản,mới,19197200000.0
"200 Tôn Đức Thắng, Q7",phòng trọ,cho thuê,16.0,0,không có,mới,2100000.0
"27 Quách Thị Trang, Q10",chung cư,bán,124.0,14,không có,tốt,4902000000.0
"171 Âu Cơ, Q1",phòng trọ,cho thuê,10.0,0,không có,tốt,1300000.0
"65 Rừng Sác, Q2",nhà nguyên căn,bán,45.0,2,cơ bản,cũ,3383200000.0
"176 Lê Lợi, Q10",văn phòng,cho thuê,335.0,17,không có,mới,391900000.0
"49 Châu Văn Liêm, Q10",phòng trọ,cho thuê,14.0,0,cơ bản,tốt,1500000.0
"138 Lê Lợi, Q1",phòng trọ,cho thuê,14.0,0,không có,mới,1800000.0
"3 Trường Chinh, Q1",văn phòng,cho thuê,505.0,15,đầy đủ,mới,1193300000.0
"60 Lý Thường Kiệt, Q3",phòng trọ,cho thuê,17.0,0,không có,cũ,2800000.0
"163 Lý Tự Trọng, Q3",phòng trọ,cho thuê,14.0,0,không có,mới,2400000.0
"161 Phạm Văn Đồng, Q8",chung cư,bán,120.0,13,không có,mới,7660000000.0
"160 Nam Kỳ Khởi Nghĩa, Q10",văn phòng,cho thuê,180.0,12,đầy đủ,mới,191300000.0
"111 Nguyễn Văn Linh, Q4",nhà nguyên căn,cho thuê,30.0,2,đầy đủ,mới,10100000.0
"83 Bùi Viện, Q8",phòng trọ,cho thuê,14.0,0,không có,mới,2000000.0
"1 Mê Linh, Q8",chung cư,cho thuê,90.0,5,cơ bản,mới,10000000.0
"189 Châu Văn Liêm, Q2",phòng trọ,cho thuê,15.0,0,đầy đủ,cũ,1700000.0
"136 Xô Viết Nghệ Tĩnh, Q3",nhà nguyên căn,bán,39.0,1,đầy đủ,tốt,1896100000.0
"185 Trần Hưng Đạo, Q4",nhà nguyên căn,bán,28.0,5,cơ bản,tốt,8376600000.0
"38 Lũy Bán Bích, Q10",phòng trọ,cho thuê,9.0,0,cơ bản,cũ,1300000.0
"109 Lạc Long Quân, Q6",phòng trọ,cho thuê,12.0,0,đầy đủ,mới,2100000.0
"6 Dân Chủ, Q6",nhà nguyên căn,cho thuê,32.0,5,cơ bản,mới,28500000.0
"28 Lam Sơn, Q5",phòng trọ,cho thuê,11.0,0,không có,mới,1000000.0
"103 Nam Kỳ Khởi Nghĩa, Q1",văn phòng,cho thuê,400.0,17,không có,mới,647100000.0
"186 Quách Thị Trang, Q9",phòng trọ,cho thuê,17.0,0,cơ bản,mới,3000000.0
"114 Lũy Bán Bích, Q3",nhà nguyên căn,cho thuê,29.0,3,cơ bản,tốt,10300000.0
"37 Bùi Viện, Q10",phòng trọ,cho thuê,12.0,0,đầy đủ,tốt,2800000.0
"80 Dân Chủ, Q8",phòng trọ,cho thuê,12.0,0,cơ bản,mới,1500000.0
"114 Dân Chủ, Q9",phòng trọ,cho thuê,10.0,0,đầy đủ,mới,1100000.0
"154 Lý Tự Trọng, Q5",nhà nguyên căn,bán,31.0,1,đầy đủ,mới,2179500000.0
"46 Dân Chủ, Q7",phòng trọ,cho thuê,10.0,0,cơ bản,cũ,1300000.0
"158 Dân Chủ, Q9",phòng trọ,cho thuê,13.0,0,không có,cũ,1300000.0
"109 Mai Chí Thọ, Q5",phòng trọ,cho thuê,16.0,0,không có,mới,2600000.0
"47 Nguyễn Trãi, Q9",phòng trọ,cho thuê,10.0,0,cơ bản,tốt,800000.0
"184 Pasteur, Q8",phòng trọ,cho thuê,14.0,0,đầy đủ,tốt,2100000.0
"47 Lý Tự Trọng, Q8",chung cư,bán,75.0,3,đầy đủ,tốt,6369900000.0
"70 Nam Kỳ Khởi Nghĩa, Q10",phòng trọ,cho thuê,17.0,0,cơ bản,cũ,1100000.0
"115 Võ Chí Công, Q7",phòng trọ,cho thuê,17.0,0,đầy đủ,mới,3600000.0
"137 Mê Linh, Q1",phòng trọ,cho thuê,16.0,0,đầy đủ,cũ,1800000.0
"28 Quách Thị Trang, Q3",phòng trọ,cho thuê,18.0,0,không có,tốt,3000000.0
"20 Lê Duẩn, Q2",phòng trọ,cho thuê,19.0,0,không có,cũ,1700000.0
"6 Công xã Paris, Q1",phòng trọ,cho thuê,11.0,0,cơ bản,mới,1200000.0
"145 CMT8, Q5",chung cư,cho thuê,120.0,19,cơ bản,cũ,17700000.0
"124 Trần Hưng Đạo, Q5",nhà nguyên căn,bán,36.0,1,đầy đủ,tốt,1026000000.0
"77 Cách Mạng Tháng Tám, Q4",phòng trọ,cho thuê,11.0,0,đầy đủ,cũ,1500000.0
"95 Hùng Vương, Q2",phòng trọ,cho thuê,14.0,0,đầy đủ,cũ,900000.0
"139 Hải Thượng Lãn Ông, Q4",chung cư,bán,70.0,17,không có,tốt,3542500000.0
"65 Hải Thượng Lãn Ông, Q6",phòng trọ,cho thuê,9.0,0,cơ bản,mới,700000.0
"64 Pasteur, Q2",chung cư,bán,65.0,2,đầy đủ,mới,4820100000.0
"107 Pasteur, Q1",phòng trọ,cho thuê,20.0,0,không có,tốt,2100000.0
"110 Bùi Viện, Q7",chung cư,bán,75.0,11,cơ bản,cũ,3182400000.0
"158 Dân Chủ, Q10",phòng trọ,cho thuê,11.0,0,không có,tốt,1400000.0
"152 Nguyễn Trãi, Q4",phòng trọ,cho thuê,16.0,0,không có,tốt,900000.0
"147 Rừng Sác, Q6",phòng trọ,cho thuê,17.0,0,đầy đủ,tốt,2000000.0
"61 Trường Chinh, Q9",phòng trọ,cho thuê,9.0,0,không có,tốt,600000.0
"92 Bùi Viện, Q9",phòng trọ,cho thuê,19.0,0,cơ bản,mới,2700000.0
"107 Trần Hưng Đạo, Q5",phòng trọ,cho thuê,18.0,0,không có,cũ,2000000.0
"132 Âu Cơ, Q5",phòng trọ,cho thuê,19.0,0,không có,cũ,1800000.0
"105 CMT8, Q8",phòng trọ,cho thuê,12.0,0,đầy đủ,tốt,1300000.0
"106 Nam Kỳ Khởi Nghĩa, Q9",phòng trọ,cho thuê,20.0,0,cơ bản,mới,2500000.0
"88 Cách Mạng Tháng Tám, Q9",phòng trọ,cho thuê,18.0,0,đầy đủ,mới,1300000.0
"30 Lê Văn Duyệt, Q7",phòng trọ,cho thuê,19.0,0,không có,cũ,2300000.0
"57 Lũy Bán Bích, Q9",nhà nguyên căn,cho thuê,39.0,1,cơ bản,mới,5100000.0
"7 Nguyễn Huệ, Q2",phòng trọ,cho thuê,14.0,0,cơ bản,mới,1800000.0
"90 Pasteur, Q1",phòng trọ,cho thuê,15.0,0,cơ bản,cũ,2200000.0
"7 CMT8, Q9",phòng trọ,cho thuê,16.0,0,cơ bản,cũ,1300000.0
"59 Lam Sơn, Q7",nhà nguyên căn,bán,29.0,5,cơ bản,tốt,3119100000.0
"134 Âu Cơ, Q9",chung cư,bán,75.0,1,đầy đủ,cũ,3534900000.0
"190 Võ Nguyên Giáp, Q5",phòng trọ,cho thuê,18.0,0,cơ bản,cũ,2500000.0
"32 Rừng Sác, Q7",nhà nguyên căn,bán,43.0,4,cơ bản,cũ,11510400000.0
"44 Trường Chinh, Q9",phòng trọ,cho thuê,11.0,0,không có,cũ,1100000.0
"32 Trường Chinh, Q6",phòng trọ,cho thuê,17.0,0,không có,tốt,1800000.0
"106 Dân Chủ, Q10",phòng trọ,cho thuê,16.0,0,cơ bản,mới,1800000.0
"180 Mai Chí Thọ, Q5",phòng trọ,cho thuê,14.0,0,cơ bản,tốt,1700000.0
"114 Xô Viết Nghệ Tĩnh, Q2",nhà nguyên căn,bán,40.0,2,cơ bản,tốt,3972300000.0
"128 Lý Tự Trọng, Q4",văn phòng,cho thuê,255.0,1,không có,mới,255900000.0
"158 Hàm Nghi, Q2",phòng trọ,cho thuê,10.0,0,không có,tốt,800000.0
"126 Hai Bà Trưng, Q2",phòng trọ,cho thuê,18.0,0,không có,tốt,1600000.0
"61 Hùng Vương, Q2",phòng trọ,cho thuê,15.0,0,không có,cũ,800000.0
"158 Lam Sơn, Q1",chung cư,bán,75.0,7,không có,mới,5929500000.0
"63 Cách Mạng Tháng Tám, Q2",văn phòng,cho thuê,445.0,7,cơ bản,cũ,226300000.0
"157 Lê Lợi, Q1",nhà nguyên căn,bán,32.0,2,không có,cũ,2366000000.0
"182 Hải Thượng Lãn Ông, Q10",phòng trọ,cho thuê,16.0,0,không có,mới,2400000.0
"165 Xô Viết Nghệ Tĩnh, Q7",phòng trọ,cho thuê,13.0,0,đầy đủ,cũ,1200000.0
"160 Xô Viết Nghệ Tĩnh, Q8",chung cư,bán,65.0,5,không có,cũ,3904500000.0
"59 Bùi Viện, Q2",phòng trọ,cho thuê,18.0,0,không có,tốt,1900000.0
"71 Xô Viết Nghệ Tĩnh, Q9",phòng trọ,cho thuê,16.0,0,không có,cũ,1600000.0
"14 Mê Linh, Q7",phòng trọ,cho thuê,14.0,0,cơ bản,cũ,1900000.0
"180 Bùi Viện, Q9",nhà nguyên căn,bán,34.0,1,không có,mới,794000000.0
"77 Công xã Paris, Q1",phòng trọ,cho thuê,19.0,0,đầy đủ,cũ,2100000.0
"114 Mê Linh, Q6",phòng trọ,cho thuê,13.0,0,không có,cũ,1000000.0
"176 Dân Chủ, Q1",chung cư,bán,124.0,2,không có,tốt,5467200000.0
"190 Phạm Ngũ Lão, Q10",chung cư,bán,90.0,8,đầy đủ,mới,8524100000.0
"74 Hai Bà Trưng, Q4",phòng trọ,cho thuê,10.0,0,không có,mới,1500000.0
"166 Hùng Vương, Q2",phòng trọ,cho thuê,9.0,0,không có,cũ,900000.0
"5 Nguyễn Trãi, Q7",chung cư,bán,65.0,6,cơ bản,cũ,4334000000.0
"17 Võ Chí Công, Q1",phòng trọ,cho thuê,19.0,0,đầy đủ,cũ,2700000.0
"7 CMT8, Q10",phòng trọ,cho thuê,13.0,0,đầy đủ,cũ,1700000.0
"173 Âu Cơ, Q1",nhà nguyên căn,cho thuê,34.0,4,cơ bản,mới,23500000.0
"187 Trần Hưng Đạo, Q3",phòng trọ,cho thuê,11.0,0,đầy đủ,cũ,1400000.0
"91 Lý Thường Kiệt, Q4",phòng trọ,cho thuê,17.0,0,cơ bản,mới,2200000.0
"44 Trường Chinh, Q10",phòng trọ,cho thuê,10.0,0,đầy đủ,tốt,1500000.0
"179 Xô Viết Nghệ Tĩnh, Q5",văn phòng,cho thuê,195.0,20,đầy đủ,cũ,274600000.0
"40 Võ Nguyên Giáp, Q5",chung cư,cho thuê,84.0,1,đầy đủ,cũ,16300000.0
"64 Trần Hưng Đạo, Q7",chung cư,bán,120.0,12,không có,mới,4211300000.0
"153 Nguyễn Thị Minh Khai, Q4",phòng trọ,cho thuê,15.0,0,không có,cũ,1200000.0
"73 Hải Thượng Lãn Ông, Q1",phòng trọ,cho thuê,17.0,0,cơ bản,mới,3300000.0
"104 Công xã Paris, Q6",chung cư,bán,90.0,2,không có,mới,4163600000.0
"140 Lam Sơn, Q1",phòng trọ,cho thuê,19.0,0,đầy đủ,tốt,1700000.0
"24 Rừng Sác, Q9",phòng trọ,cho thuê,18.0,0,không có,mới,2000000.0
"165 Lê Lợi, Q8",phòng trọ,cho thuê,20.0,0,đầy đủ,tốt,3000000.0
"152 Lê Lợi, Q9",chung cư,bán,65.0,20,cơ bản,tốt,2416800000.0
"134 Đồng Khởi, Q3",văn phòng,cho thuê,175.0,7,đầy đủ,cũ,244200000.0
"20 Phạm Văn Đồng, Q9",phòng trọ,cho thuê,13.0,0,không có,mới,2000000.0
"144 Quốc tế, Q7",phòng trọ,cho thuê,16.0,0,không có,mới,1900000.0
"40 Võ Chí Công, Q9",nhà nguyên căn,bán,33.0,1,không có,cũ,1414600000.0
"57 Hai Bà Trưng, Q4",nhà nguyên căn,cho thuê,35.0,5,không có,cũ,19100000.0
"39 Lê Duẩn, Q2",phòng trọ,cho thuê,20.0,0,không có,mới,2800000.0
"147 Cách Mạng Tháng Tám, Q3",phòng trọ,cho thuê,9.0,0,cơ bản,tốt,1200000.0
"71 Xô Viết Nghệ Tĩnh, Q10",phòng trọ,cho thuê,16.0,0,cơ bản,mới,2800000.0
"51 Mê Linh, Q2",phòng trọ,cho thuê,18.0,0,cơ bản,cũ,1500000.0
"85 Công xã Paris, Q8",phòng trọ,cho thuê,11.0,0,đầy đủ,tốt,1100000.0
"176 Nguyễn Trãi, Q1",phòng trọ,cho thuê,20.0,0,cơ bản,tốt,1300000.0
"169 Hai Bà Trưng, Q3",nhà nguyên căn,cho thuê,37.0,1,cơ bản,tốt,3000000.0
"78 Nguyễn Huệ, Q2",phòng trọ,cho thuê,9.0,0,đầy đủ,cũ,700000.0
"109 Dân Chủ, Q4",phòng trọ,cho thuê,11.0,0,đầy đủ,mới,1800000.0
"153 Lý Tự Trọng, Q1",phòng trọ,cho thuê,19.0,0,cơ bản,mới,3500000.0
"121 Châu Văn Liêm, Q6",chung cư,bán,65.0,13,cơ bản,tốt,1566900000.0
"113 Nguyễn Trãi, Q2",nhà nguyên căn,bán,34.0,3,đầy đủ,cũ,3572600000.0
"34 Quốc tế, Q6",văn phòng,bán,145.0,1,đầy đủ,tốt,11942300000.0
"156 Nguyễn Trãi, Q2",chung cư,bán,70.0,13,cơ bản,mới,3119700000.0
"190 Công xã Paris, Q8",phòng trọ,cho thuê,10.0,0,cơ bản,tốt,1100000.0
"127 Quốc tế, Q7",phòng trọ,cho thuê,19.0,0,cơ bản,tốt,1700000.0
"105 Tôn Đức Thắng, Q6",nhà nguyên căn,bán,31.0,5,không có,cũ,3398400000.0
"85 Hải Thượng Lãn Ông, Q6",chung cư,cho thuê,65.0,10,đầy đủ,tốt,10600000.0
"158 Công xã Paris, Q6",nhà nguyên căn,bán,27.0,4,không có,mới,7386600000.0
"70 Lê Lợi, Q2",nhà nguyên căn,cho thuê,41.0,5,không có,tốt,29000000.0
"175 Lạc Long Quân, Q5",phòng trọ,cho thuê,20.0,0,cơ bản,tốt,3000000.0
"131 Phạm Văn Đồng, Q3",phòng trọ,cho thuê,9.0,0,đầy đủ,tốt,700000.0
"47 Châu Văn Liêm, Q1",phòng trọ,cho thuê,14.0,0,đầy đủ,cũ,2800000.0
"79 Phạm Ngũ Lão, Q8",phòng trọ,cho thuê,10.0,0,không có,tốt,800000.0
"28 Trần Hưng Đạo, Q1",văn phòng,cho thuê,570.0,11,đầy đủ,tốt,785100000.0
"126 Trần Hưng Đạo, Q5",nhà nguyên căn,cho thuê,42.0,3,không có,mới,18800000.0
"181 Quốc tế, Q2",phòng trọ,cho thuê,19.0,0,đầy đủ,mới,2600000.0
"22 Nam Kỳ Khởi Nghĩa, Q6",chung cư,bán,70.0,3,đầy đủ,cũ,3851200000.0
"84 Nguyễn Hữu Cảnh, Q3",phòng trọ,cho thuê,17.0,0,cơ bản,cũ,1700000.0
"103 Hùng Vương, Q2",văn phòng,cho thuê,570.0,19,cơ bản,tốt,295100000.0
"63 Quốc tế, Q6",phòng trọ,cho thuê,9.0,0,đầy đủ,cũ,1500000.0
"103 Quách Thị Trang, Q7",phòng trọ,cho thuê,14.0,0,đầy đủ,cũ,1900000.0
"166 Nguyễn Văn Linh, Q2",văn phòng,bán,345.0,2,đầy đủ,mới,11736600000.0
"63 Hải Thượng Lãn Ông, Q4",phòng trọ,cho thuê,11.0,0,cơ bản,tốt,1600000.0
"188 Công xã Paris, Q3",phòng trọ,cho thuê,13.0,0,cơ bản,tốt,1200000.0
"190 CMT8, Q3",nhà nguyên căn,bán,30.0,3,không có,cũ,5754400000.0
"53 Rừng Sác, Q8",phòng trọ,cho thuê,18.0,0,cơ bản,tốt,1800000.0
"167 Nguyễn Huệ, Q2",phòng trọ,cho thuê,16.0,0,không có,cũ,2000000.0
"190 Công xã Paris, Q10",chung cư,bán,84.0,15,cơ bản,mới,8559400000.0
"199 Quách Thị Trang, Q2",phòng trọ,cho thuê,18.0,0,đầy đủ,tốt,1900000.0
"63 Trường Chinh, Q3",phòng trọ,cho thuê,13.0,0,đầy đủ,cũ,1400000.0
"112 Lý Thường Kiệt, Q8",nhà nguyên căn,cho thuê,39.0,5,cơ bản,tốt,22800000.0
"88 Tôn Đức Thắng, Q6",phòng trọ,cho thuê,19.0,0,không có,tốt,2400000.0
"67 Nguyễn Hữu Cảnh, Q3",nhà nguyên căn,cho thuê,29.0,3,cơ bản,tốt,13100000.0
"185 Phạm Văn Đồng, Q7",phòng trọ,cho thuê,10.0,0,cơ bản,cũ,800000.0
"94 Lê Duẩn, Q5",chung cư,bán,70.0,9,cơ bản,cũ,2704900000.0
"77 Quốc tế, Q9",nhà nguyên căn,cho thuê,36.0,4,không có,mới,10400000.0
"48 Nguyễn Trãi, Q6",phòng trọ,cho thuê,20.0,0,đầy đủ,cũ,2400000.0
"68 Nam Kỳ Khởi Nghĩa, Q1",phòng trọ,cho thuê,10.0,0,không có,cũ,1600000.0
"198 Trần Hưng Đạo, Q10",phòng trọ,cho thuê,15.0,0,không có,cũ,1600000.0
